-- --------------------------------------------------------
-- Host:                         127.0.0.1
-- Versión del servidor:         8.0.30 - MySQL Community Server - GPL
-- SO del servidor:              Win64
-- HeidiSQL Versión:             12.1.0.6537
-- --------------------------------------------------------

/*!40101 SET @OLD_CHARACTER_SET_CLIENT=@@CHARACTER_SET_CLIENT */;
/*!40101 SET NAMES utf8 */;
/*!50503 SET NAMES utf8mb4 */;
/*!40103 SET @OLD_TIME_ZONE=@@TIME_ZONE */;
/*!40103 SET TIME_ZONE='+00:00' */;
/*!40014 SET @OLD_FOREIGN_KEY_CHECKS=@@FOREIGN_KEY_CHECKS, FOREIGN_KEY_CHECKS=0 */;
/*!40101 SET @OLD_SQL_MODE=@@SQL_MODE, SQL_MODE='NO_AUTO_VALUE_ON_ZERO' */;
/*!40111 SET @OLD_SQL_NOTES=@@SQL_NOTES, SQL_NOTES=0 */;

-- Volcando estructura para tabla compraventa.categories
DROP TABLE IF EXISTS `categories`;
CREATE TABLE IF NOT EXISTS `categories` (
  `id` bigint unsigned NOT NULL AUTO_INCREMENT,
  `name` varchar(255) COLLATE utf8mb4_unicode_ci NOT NULL,
  `description` text COLLATE utf8mb4_unicode_ci,
  `created_at` timestamp NULL DEFAULT NULL,
  `updated_at` timestamp NULL DEFAULT NULL,
  PRIMARY KEY (`id`),
  UNIQUE KEY `categories_name_unique` (`name`)
) ENGINE=InnoDB AUTO_INCREMENT=9 DEFAULT CHARSET=utf8mb4 COLLATE=utf8mb4_unicode_ci;

-- Volcando datos para la tabla compraventa.categories: ~5 rows (aproximadamente)
DELETE FROM `categories`;
INSERT INTO `categories` (`id`, `name`, `description`, `created_at`, `updated_at`) VALUES
	(1, 'Laptops', 'Computadoras portátiles de diferentes marcas.', '2024-12-04 03:19:35', '2024-12-04 03:19:35'),
	(2, 'Periféricos', 'Teclados, mouse, audífonos, entre otros.', '2024-12-04 03:19:35', '2024-12-04 03:19:35'),
	(3, 'Componentes', 'Procesadores, tarjetas gráficas, memorias RAM, discos duros.', '2024-12-04 03:19:35', '2024-12-04 03:19:35'),
	(4, 'Monitores', 'Pantallas y monitores de alta resolución.', '2024-12-04 03:19:35', '2024-12-04 03:19:35'),
	(5, 'Redes', 'Routers, switches y otros dispositivos de red.', '2024-12-04 03:19:35', '2024-12-04 03:19:35');

-- Volcando estructura para tabla compraventa.compras
DROP TABLE IF EXISTS `compras`;
CREATE TABLE IF NOT EXISTS `compras` (
  `id` bigint unsigned NOT NULL AUTO_INCREMENT,
  `supplier_id` bigint unsigned DEFAULT NULL,
  `user_id` bigint unsigned NOT NULL,
  `tipodocumento_id` bigint unsigned NOT NULL,
  `total_cost` decimal(10,2) NOT NULL,
  `purchase_date` date NOT NULL,
  `status` enum('pending','completed','cancelled') COLLATE utf8mb4_unicode_ci NOT NULL DEFAULT 'completed',
  `pdf_path` varchar(255) COLLATE utf8mb4_unicode_ci DEFAULT NULL,
  `created_at` timestamp NULL DEFAULT NULL,
  `updated_at` timestamp NULL DEFAULT NULL,
  PRIMARY KEY (`id`),
  KEY `compras_supplier_id_foreign` (`supplier_id`),
  KEY `compras_user_id_foreign` (`user_id`),
  KEY `compras_tipodocumento_id_foreign` (`tipodocumento_id`),
  CONSTRAINT `compras_supplier_id_foreign` FOREIGN KEY (`supplier_id`) REFERENCES `suppliers` (`id`) ON DELETE SET NULL,
  CONSTRAINT `compras_tipodocumento_id_foreign` FOREIGN KEY (`tipodocumento_id`) REFERENCES `tipodocumento` (`id`) ON DELETE RESTRICT,
  CONSTRAINT `compras_user_id_foreign` FOREIGN KEY (`user_id`) REFERENCES `users` (`id`) ON DELETE CASCADE
) ENGINE=InnoDB AUTO_INCREMENT=122 DEFAULT CHARSET=utf8mb4 COLLATE=utf8mb4_unicode_ci;

-- Volcando datos para la tabla compraventa.compras: ~113 rows (aproximadamente)
DELETE FROM `compras`;
INSERT INTO `compras` (`id`, `supplier_id`, `user_id`, `tipodocumento_id`, `total_cost`, `purchase_date`, `status`, `pdf_path`, `created_at`, `updated_at`) VALUES
	(1, 1, 1, 3, 529.00, '2025-01-29', 'completed', 'compras/compra-21.pdf', '2025-01-20 06:15:22', '2025-01-29 06:15:22'),
	(2, 1, 1, 3, 11750.00, '2025-01-24', 'completed', 'compras/compra-21.pdf', '2025-01-20 06:30:09', '2025-01-29 06:30:09'),
	(3, 1, 1, 3, 100.00, '2025-01-24', 'completed', 'compras/compra-21.pdf', '2025-01-22 06:31:19', '2025-01-29 06:31:19'),
	(4, 1, 1, 3, 0.00, '2025-01-23', 'completed', 'compras/compra-21.pdf', '2025-01-22 06:32:07', '2025-01-29 06:32:07'),
	(5, 1, 1, 3, 1004.00, '2025-01-23', 'completed', 'compras/compra-21.pdf', '2025-01-23 06:40:34', '2025-01-29 06:40:34'),
	(6, 1, 1, 3, 4.00, '2025-01-24', 'completed', 'compras/compra-21.pdf', '2025-01-29 06:54:51', '2025-01-29 06:54:51'),
	(9, 1, 1, 3, 25.00, '2025-01-23', 'completed', 'compras/compra-9.pdf', '2025-01-29 20:37:46', '2025-01-29 20:37:46'),
	(11, 2, 1, 3, 16.00, '2025-01-23', 'completed', 'compras/compra-11.pdf', '2025-01-29 20:47:41', '2025-01-29 20:47:42'),
	(17, 1, 1, 3, 8.00, '2025-01-30', 'completed', 'compras/compra-17.pdf', '2025-01-29 21:02:53', '2025-01-29 21:02:53'),
	(18, 2, 1, 3, 4.00, '2025-01-17', 'completed', 'compras/compra-18.pdf', '2025-01-29 21:03:48', '2025-01-29 21:03:48'),
	(19, 2, 1, 3, 4.00, '2025-01-31', 'completed', 'compras/compra-19.pdf', '2025-01-29 21:06:36', '2025-01-29 21:06:36'),
	(20, 3, 1, 3, 8.00, '2025-01-31', 'completed', 'compras/compra-20.pdf', '2025-01-29 21:10:39', '2025-01-29 21:10:40'),
	(21, 2, 1, 3, 8.00, '2025-01-16', 'completed', 'compras/compra-21.pdf', '2025-01-29 22:07:10', '2025-01-29 22:07:10'),
	(22, 23, 1, 3, 880.00, '2025-01-17', 'completed', 'compras/compra-21.pdf', '2025-01-30 05:08:10', '2025-01-30 05:08:10'),
	(23, 46, 1, 3, 2398.00, '2025-01-21', 'completed', 'compras/compra-21.pdf', '2025-01-30 05:08:10', '2025-01-30 05:08:10'),
	(24, 40, 1, 3, 6479.00, '2025-01-26', 'completed', 'compras/compra-21.pdf', '2025-01-30 05:08:10', '2025-01-30 05:08:10'),
	(25, 42, 1, 3, 1202.00, '2025-01-18', 'completed', 'compras/compra-21.pdf', '2025-01-30 05:08:10', '2025-01-30 05:08:10'),
	(26, 25, 1, 3, 1423.00, '2025-01-22', 'completed', 'compras/compra-21.pdf', '2025-01-30 05:08:10', '2025-01-30 05:08:10'),
	(27, 14, 1, 3, 5649.00, '2025-01-06', 'completed', 'compras/compra-21.pdf', '2025-01-30 05:08:10', '2025-01-30 05:08:10'),
	(28, 1, 1, 3, 3562.00, '2025-01-20', 'completed', 'compras/compra-21.pdf', '2025-01-30 05:08:10', '2025-01-30 05:08:10'),
	(29, 2, 1, 3, 672.00, '2025-01-25', 'completed', 'compras/compra-21.pdf', '2025-01-30 05:08:10', '2025-01-30 05:08:10'),
	(30, 49, 1, 3, 1152.00, '2025-01-23', 'completed', 'compras/compra-21.pdf', '2025-01-30 05:08:10', '2025-01-30 05:08:10'),
	(31, 36, 1, 3, 4381.00, '2025-01-07', 'completed', 'compras/compra-21.pdf', '2025-01-30 05:08:10', '2025-01-30 05:08:10'),
	(32, 8, 1, 3, 1925.00, '2025-01-25', 'completed', 'compras/compra-21.pdf', '2025-01-30 05:08:10', '2025-01-30 05:08:10'),
	(33, 33, 1, 3, 1002.00, '2025-01-27', 'completed', 'compras/compra-21.pdf', '2025-01-30 05:08:10', '2025-01-30 05:08:10'),
	(34, 11, 1, 3, 1763.00, '2025-01-08', 'completed', 'compras/compra-21.pdf', '2025-01-30 05:08:10', '2025-01-30 05:08:10'),
	(35, 12, 1, 3, 2046.00, '2025-01-26', 'completed', 'compras/compra-21.pdf', '2025-01-30 05:08:10', '2025-01-30 05:08:10'),
	(36, 39, 1, 3, 950.00, '2025-01-15', 'completed', 'compras/compra-21.pdf', '2025-01-30 05:08:10', '2025-01-30 05:08:10'),
	(37, 23, 1, 3, 946.00, '2025-01-26', 'completed', 'compras/compra-21.pdf', '2025-01-30 05:08:10', '2025-01-30 05:08:10'),
	(38, 43, 1, 3, 800.00, '2024-12-31', 'completed', 'compras/compra-21.pdf', '2025-01-30 05:08:10', '2025-01-30 05:08:10'),
	(39, 7, 1, 3, 1651.00, '2025-01-10', 'completed', 'compras/compra-21.pdf', '2025-01-30 05:08:10', '2025-01-30 05:08:10'),
	(40, 38, 1, 3, 5484.00, '2025-01-21', 'completed', 'compras/compra-21.pdf', '2025-01-30 05:08:10', '2025-01-30 05:08:11'),
	(41, 15, 1, 3, 3991.00, '2025-01-19', 'completed', 'compras/compra-21.pdf', '2025-01-30 05:08:11', '2025-01-30 05:08:11'),
	(42, 31, 1, 3, 5181.00, '2025-01-17', 'completed', 'compras/compra-21.pdf', '2025-01-30 05:08:11', '2025-01-30 05:08:11'),
	(43, 31, 1, 3, 5710.00, '2025-01-17', 'completed', 'compras/compra-21.pdf', '2025-01-30 05:08:11', '2025-01-30 05:08:11'),
	(44, 6, 1, 3, 2402.00, '2025-01-26', 'completed', 'compras/compra-21.pdf', '2025-01-30 05:08:11', '2025-01-30 05:08:11'),
	(45, 12, 1, 3, 2677.00, '2025-01-22', 'completed', 'compras/compra-21.pdf', '2025-01-30 05:08:11', '2025-01-30 05:08:11'),
	(46, 2, 1, 3, 4203.00, '2025-01-23', 'completed', 'compras/compra-21.pdf', '2025-01-30 05:08:11', '2025-01-30 05:08:11'),
	(47, 13, 1, 3, 2594.00, '2025-01-07', 'completed', 'compras/compra-21.pdf', '2025-01-30 05:08:11', '2025-01-30 05:08:11'),
	(48, 25, 1, 3, 2752.00, '2025-01-13', 'completed', 'compras/compra-21.pdf', '2025-01-30 05:08:11', '2025-01-30 05:08:11'),
	(49, 30, 1, 3, 5459.00, '2025-01-10', 'completed', 'compras/compra-21.pdf', '2025-01-30 05:08:11', '2025-01-30 05:08:11'),
	(50, 8, 1, 3, 4676.00, '2025-01-14', 'completed', 'compras/compra-21.pdf', '2025-01-30 05:08:11', '2025-01-30 05:08:11'),
	(51, 11, 1, 3, 1630.00, '2025-01-05', 'completed', 'compras/compra-21.pdf', '2025-01-30 05:08:11', '2025-01-30 05:08:11'),
	(52, 36, 1, 3, 4685.00, '2025-01-15', 'completed', 'compras/compra-21.pdf', '2025-01-30 05:08:11', '2025-01-30 05:08:11'),
	(53, 35, 1, 3, 3041.00, '2025-01-02', 'completed', 'compras/compra-21.pdf', '2025-01-30 05:08:11', '2025-01-30 05:08:11'),
	(54, 31, 1, 3, 1016.00, '2025-01-19', 'completed', 'compras/compra-21.pdf', '2025-01-30 05:08:11', '2025-01-30 05:08:11'),
	(55, 8, 1, 3, 4550.00, '2025-01-04', 'completed', 'compras/compra-21.pdf', '2025-01-30 05:08:11', '2025-01-30 05:08:11'),
	(56, 42, 1, 3, 1319.00, '2025-01-20', 'completed', 'compras/compra-21.pdf', '2025-01-30 05:08:11', '2025-01-30 05:08:11'),
	(57, 4, 1, 3, 295.00, '2025-01-14', 'completed', 'compras/compra-21.pdf', '2025-01-30 05:08:11', '2025-01-30 05:08:11'),
	(58, 24, 1, 3, 2084.00, '2025-01-22', 'completed', 'compras/compra-21.pdf', '2025-01-30 05:08:11', '2025-01-30 05:08:11'),
	(59, 6, 1, 3, 3433.00, '2025-01-12', 'completed', 'compras/compra-21.pdf', '2025-01-30 05:08:11', '2025-01-30 05:08:11'),
	(60, 13, 1, 3, 3162.00, '2025-01-06', 'completed', 'compras/compra-21.pdf', '2025-01-30 05:08:11', '2025-01-30 05:08:11'),
	(61, 2, 1, 3, 4684.00, '2025-01-12', 'completed', 'compras/compra-21.pdf', '2025-01-30 05:08:11', '2025-01-30 05:08:11'),
	(62, 1, 1, 3, 4820.00, '2025-01-18', 'completed', 'compras/compra-21.pdf', '2025-01-30 05:08:11', '2025-01-30 05:08:11'),
	(63, 43, 1, 3, 1947.00, '2025-01-07', 'completed', 'compras/compra-21.pdf', '2025-01-30 05:08:11', '2025-01-30 05:08:11'),
	(64, 29, 1, 3, 2300.00, '2025-01-23', 'completed', 'compras/compra-21.pdf', '2025-01-30 05:08:11', '2025-01-30 05:08:11'),
	(65, 8, 1, 3, 3222.00, '2025-01-05', 'completed', 'compras/compra-21.pdf', '2025-01-30 05:08:11', '2025-01-30 05:08:11'),
	(66, 8, 1, 3, 2791.00, '2025-01-14', 'completed', 'compras/compra-21.pdf', '2025-01-30 05:08:11', '2025-01-30 05:08:11'),
	(67, 10, 1, 3, 1671.00, '2025-01-06', 'completed', 'compras/compra-21.pdf', '2025-01-30 05:08:11', '2025-01-30 05:08:11'),
	(68, 19, 1, 3, 522.00, '2025-01-28', 'completed', 'compras/compra-21.pdf', '2025-01-30 05:08:11', '2025-01-30 05:08:11'),
	(69, 5, 1, 3, 5013.00, '2025-01-11', 'completed', 'compras/compra-21.pdf', '2025-01-30 05:08:11', '2025-01-30 05:08:11'),
	(70, 43, 1, 3, 2726.00, '2025-01-14', 'completed', 'compras/compra-21.pdf', '2025-01-30 05:08:11', '2025-01-30 05:08:11'),
	(71, 33, 1, 3, 6866.00, '2025-01-10', 'completed', 'compras/compra-21.pdf', '2025-01-30 05:08:11', '2025-01-30 05:08:11'),
	(72, 29, 1, 3, 7445.00, '2025-01-28', 'completed', 'compras/compra-21.pdf', '2025-01-30 05:08:11', '2025-01-30 05:08:11'),
	(73, 31, 1, 3, 2194.00, '2025-01-24', 'completed', 'compras/compra-21.pdf', '2025-01-30 05:08:11', '2025-01-30 05:08:11'),
	(74, 31, 1, 3, 2127.00, '2025-01-11', 'completed', 'compras/compra-21.pdf', '2025-01-30 05:08:11', '2025-01-30 05:08:11'),
	(75, 9, 1, 3, 138.00, '2024-12-31', 'completed', 'compras/compra-21.pdf', '2025-01-30 05:08:11', '2025-01-30 05:08:11'),
	(76, 31, 1, 3, 2347.00, '2025-01-18', 'completed', 'compras/compra-21.pdf', '2025-01-30 05:08:11', '2025-01-30 05:08:11'),
	(77, 45, 1, 3, 4680.00, '2025-01-08', 'completed', 'compras/compra-21.pdf', '2025-01-30 05:08:11', '2025-01-30 05:08:11'),
	(78, 15, 1, 3, 1279.00, '2025-01-24', 'completed', 'compras/compra-21.pdf', '2025-01-30 05:08:11', '2025-01-30 05:08:11'),
	(79, 31, 1, 3, 6966.00, '2025-01-07', 'completed', 'compras/compra-21.pdf', '2025-01-30 05:08:11', '2025-01-30 05:08:11'),
	(80, 43, 1, 3, 4547.00, '2025-01-17', 'completed', 'compras/compra-21.pdf', '2025-01-30 05:08:11', '2025-01-30 05:08:11'),
	(81, 6, 1, 3, 3367.00, '2024-12-31', 'completed', 'compras/compra-21.pdf', '2025-01-30 05:08:11', '2025-01-30 05:08:11'),
	(82, 46, 1, 3, 1314.00, '2025-01-06', 'completed', 'compras/compra-21.pdf', '2025-01-30 05:08:11', '2025-01-30 05:08:11'),
	(83, 39, 1, 3, 3673.00, '2025-01-09', 'completed', 'compras/compra-21.pdf', '2025-01-30 05:08:11', '2025-01-30 05:08:11'),
	(84, 23, 1, 3, 3144.00, '2025-01-18', 'completed', 'compras/compra-21.pdf', '2025-01-30 05:08:11', '2025-01-30 05:08:11'),
	(85, 30, 1, 3, 6265.00, '2025-01-12', 'completed', 'compras/compra-21.pdf', '2025-01-30 05:08:11', '2025-01-30 05:08:11'),
	(86, 23, 1, 3, 450.00, '2025-01-14', 'completed', 'compras/compra-21.pdf', '2025-01-30 05:08:11', '2025-01-30 05:08:11'),
	(87, 38, 1, 3, 1810.00, '2025-01-08', 'completed', 'compras/compra-21.pdf', '2025-01-30 05:08:11', '2025-01-30 05:08:11'),
	(88, 12, 1, 3, 5632.00, '2025-01-08', 'completed', 'compras/compra-21.pdf', '2025-01-30 05:08:11', '2025-01-30 05:08:11'),
	(89, 15, 1, 3, 2562.00, '2025-01-14', 'completed', 'compras/compra-21.pdf', '2025-01-30 05:08:11', '2025-01-30 05:08:11'),
	(90, 37, 1, 3, 81.00, '2025-01-28', 'completed', 'compras/compra-21.pdf', '2025-01-30 05:08:11', '2025-01-30 05:08:11'),
	(91, 39, 1, 3, 4185.00, '2025-01-01', 'completed', 'compras/compra-21.pdf', '2025-01-30 05:08:11', '2025-01-30 05:08:11'),
	(92, 3, 1, 3, 1659.00, '2025-01-07', 'completed', 'compras/compra-21.pdf', '2025-01-30 05:08:11', '2025-01-30 05:08:11'),
	(93, 7, 1, 3, 6663.00, '2025-01-23', 'completed', 'compras/compra-21.pdf', '2025-01-30 05:08:11', '2025-01-30 05:08:11'),
	(94, 34, 1, 3, 940.00, '2025-01-13', 'completed', 'compras/compra-21.pdf', '2025-01-30 05:08:11', '2025-01-30 05:08:11'),
	(95, 16, 1, 3, 6784.00, '2025-01-08', 'completed', 'compras/compra-21.pdf', '2025-01-30 05:08:11', '2025-01-30 05:08:12'),
	(96, 41, 1, 3, 3378.00, '2025-01-08', 'completed', 'compras/compra-21.pdf', '2025-01-30 05:08:12', '2025-01-30 05:08:12'),
	(97, 45, 1, 3, 5289.00, '2025-01-02', 'completed', 'compras/compra-21.pdf', '2025-01-30 05:08:12', '2025-01-30 05:08:12'),
	(98, 23, 1, 3, 3664.00, '2025-01-20', 'completed', 'compras/compra-21.pdf', '2025-01-30 05:08:12', '2025-01-30 05:08:12'),
	(99, 40, 1, 3, 1844.00, '2025-01-05', 'completed', 'compras/compra-21.pdf', '2025-01-30 05:08:12', '2025-01-30 05:08:12'),
	(100, 13, 1, 3, 2216.00, '2025-01-07', 'completed', 'compras/compra-21.pdf', '2025-01-30 05:08:12', '2025-01-30 05:08:12'),
	(101, 45, 1, 3, 3219.00, '2025-01-29', 'completed', 'compras/compra-21.pdf', '2025-01-30 05:08:12', '2025-01-30 05:08:12'),
	(102, 28, 1, 3, 3194.00, '2025-01-10', 'completed', 'compras/compra-21.pdf', '2025-01-30 05:08:12', '2025-01-30 05:08:12'),
	(103, 45, 1, 3, 2660.00, '2025-01-14', 'completed', 'compras/compra-21.pdf', '2025-01-30 05:08:12', '2025-01-30 05:08:12'),
	(104, 40, 1, 3, 237.00, '2025-01-16', 'completed', 'compras/compra-21.pdf', '2025-01-30 05:08:12', '2025-01-30 05:08:12'),
	(105, 8, 1, 3, 5216.00, '2025-01-22', 'completed', 'compras/compra-21.pdf', '2025-01-30 05:08:12', '2025-01-30 05:08:12'),
	(106, 40, 1, 3, 1102.00, '2025-01-17', 'completed', 'compras/compra-21.pdf', '2025-01-30 05:08:12', '2025-01-30 05:08:12'),
	(107, 25, 1, 3, 7037.00, '2025-01-05', 'completed', 'compras/compra-21.pdf', '2025-01-30 05:08:12', '2025-01-30 05:08:12'),
	(108, 17, 1, 3, 1873.00, '2025-01-18', 'completed', 'compras/compra-21.pdf', '2025-01-30 05:08:12', '2025-01-30 05:08:12'),
	(109, 38, 1, 3, 3149.00, '2025-01-07', 'completed', 'compras/compra-21.pdf', '2025-01-30 05:08:12', '2025-01-30 05:08:12'),
	(110, 10, 1, 3, 1934.00, '2025-01-02', 'completed', 'compras/compra-21.pdf', '2025-01-30 05:08:12', '2025-01-30 05:08:12'),
	(111, 41, 1, 3, 983.00, '2025-01-21', 'completed', 'compras/compra-21.pdf', '2025-01-30 05:08:12', '2025-01-30 05:08:12'),
	(112, 14, 1, 3, 2354.00, '2025-01-17', 'completed', 'compras/compra-21.pdf', '2025-01-30 05:08:12', '2025-01-30 05:08:12'),
	(113, 3, 1, 3, 4786.00, '2025-01-13', 'completed', 'compras/compra-21.pdf', '2025-01-30 05:08:12', '2025-01-30 05:08:12'),
	(114, 43, 1, 3, 1058.00, '2025-01-13', 'completed', 'compras/compra-21.pdf', '2025-01-30 05:08:12', '2025-01-30 05:08:12'),
	(115, 33, 1, 3, 7229.00, '2025-01-04', 'completed', 'compras/compra-21.pdf', '2025-01-30 05:08:12', '2025-01-30 05:08:12'),
	(116, 27, 1, 3, 2376.00, '2025-01-10', 'completed', 'compras/compra-21.pdf', '2025-01-30 05:08:12', '2025-01-30 05:08:12'),
	(117, 12, 1, 3, 4350.00, '2025-01-07', 'completed', 'compras/compra-21.pdf', '2025-01-30 05:08:12', '2025-01-30 05:08:12'),
	(118, 24, 1, 3, 855.00, '2025-01-27', 'completed', 'compras/compra-21.pdf', '2025-01-30 05:08:12', '2025-01-30 05:08:12'),
	(119, 17, 1, 3, 4562.00, '2025-01-09', 'completed', 'compras/compra-21.pdf', '2025-01-30 05:08:12', '2025-01-30 05:08:12'),
	(120, 27, 1, 3, 1423.00, '2025-01-06', 'completed', 'compras/compra-21.pdf', '2025-01-30 05:08:12', '2025-01-30 05:08:12'),
	(121, 17, 1, 3, 1058.00, '2025-01-10', 'completed', 'compras/compra-21.pdf', '2025-01-30 05:08:12', '2025-01-30 05:08:12');

-- Volcando estructura para tabla compraventa.customers
DROP TABLE IF EXISTS `customers`;
CREATE TABLE IF NOT EXISTS `customers` (
  `id` bigint unsigned NOT NULL AUTO_INCREMENT,
  `ruc` varchar(255) COLLATE utf8mb4_unicode_ci NOT NULL,
  `name` varchar(255) COLLATE utf8mb4_unicode_ci NOT NULL,
  `email` varchar(255) COLLATE utf8mb4_unicode_ci NOT NULL,
  `phone` varchar(255) COLLATE utf8mb4_unicode_ci NOT NULL,
  `address` text COLLATE utf8mb4_unicode_ci NOT NULL,
  `photo` varchar(255) COLLATE utf8mb4_unicode_ci NOT NULL,
  `status` enum('active','inactive') COLLATE utf8mb4_unicode_ci NOT NULL DEFAULT 'active',
  `created_at` timestamp NULL DEFAULT NULL,
  `updated_at` timestamp NULL DEFAULT NULL,
  PRIMARY KEY (`id`),
  UNIQUE KEY `customers_ruc_unique` (`ruc`),
  UNIQUE KEY `customers_email_unique` (`email`)
) ENGINE=InnoDB AUTO_INCREMENT=54 DEFAULT CHARSET=utf8mb4 COLLATE=utf8mb4_unicode_ci;

-- Volcando datos para la tabla compraventa.customers: ~51 rows (aproximadamente)
DELETE FROM `customers`;
INSERT INTO `customers` (`id`, `ruc`, `name`, `email`, `phone`, `address`, `photo`, `status`, `created_at`, `updated_at`) VALUES
	(1, '16697468947', 'Aditya Doyle', 'hettinger.edna@example.org', '(325) 858-5133', '2927 Phyllis Locks\nBartolettiburgh, RI 31951-3445', 'customers/customers.png', 'inactive', '2024-12-04 21:38:24', '2024-12-04 21:38:24'),
	(2, '02648446509', 'Emmitt Schmitt', 'clementina47@example.com', '1-657-223-8164', '870 Georgianna Harbor Apt. 508\nEast Margaretteton, RI 88087', 'customers/customers.png', 'inactive', '2024-12-04 21:38:24', '2024-12-04 21:38:24'),
	(3, '55884136691', 'Eriberto Cummerata', 'wisoky.virginie@example.com', '1-480-725-0464', '74871 Vidal Gardens\nClintonhaven, GA 33110', 'customers/customers.png', 'active', '2024-12-04 21:38:24', '2024-12-04 21:38:24'),
	(4, '85093807537', 'Prof. Jaiden Franecki', 'vwest@example.org', '+1-562-548-2206', '45387 Lee Village\nPort Alize, AK 51953-4803', 'customers/customers.png', 'active', '2024-12-04 21:38:24', '2024-12-04 21:38:24'),
	(5, '91282165199', 'Bethany Cormier', 'hstark@example.com', '678-370-5426', '524 Kenyon Walks Suite 819\nJayceebury, TN 82064', 'customers/customers.png', 'active', '2024-12-04 21:38:24', '2024-12-04 21:38:24'),
	(6, '86984467456', 'Prof. Marjory Armstrong', 'pearlie80@example.org', '1-540-785-5831', '59827 Madelyn Highway Suite 779\nStokeschester, KY 09168', 'customers/customers.png', 'inactive', '2024-12-04 21:38:24', '2024-12-04 21:38:24'),
	(7, '01639040226', 'Kaylee Mohr', 'vheaney@example.com', '323-655-9756', '7614 Lisa Summit\nLake Cordie, SC 45701-2908', 'customers/customers.png', 'inactive', '2024-12-04 21:38:24', '2024-12-04 21:38:24'),
	(8, '54017795328', 'Ms. Tina Fahey', 'patience60@example.org', '443.319.4716', '93822 Wendy Center\nKshlerinland, WI 65868-8533', 'customers/customers.png', 'inactive', '2024-12-04 21:38:24', '2024-12-04 21:38:24'),
	(9, '30421849920', 'Merritt Bradtke', 'qcarroll@example.org', '+1-651-456-8128', '5631 Billy Radial\nSouth Heaven, CA 13512-6489', 'customers/customers.png', 'inactive', '2024-12-04 21:38:24', '2024-12-04 21:38:24'),
	(10, '63290971248', 'Prof. Jeremie Reinger', 'flo70@example.org', '+1-930-396-7096', '5325 Mertz Brooks Apt. 251\nWebsterborough, KS 45097-6834', 'customers/customers.png', 'inactive', '2024-12-04 21:38:24', '2024-12-04 21:38:24'),
	(11, '34247972953', 'Prof. Barrett Mosciski DVM', 'frederik86@example.com', '+1 (640) 668-5694', '6809 Dach Springs\nNew Karley, MD 15918', 'customers/customers.png', 'inactive', '2024-12-04 21:38:24', '2024-12-04 21:38:24'),
	(12, '87668470274', 'Nikko Rohan', 'kohara@example.com', '239.361.7189', '4305 Mekhi Squares\nWest Michellemouth, IN 07060', 'customers/customers.png', 'active', '2024-12-04 21:38:24', '2024-12-04 21:38:24'),
	(13, '33084684851', 'Queen Kessler', 'francesco73@example.com', '681.562.4422', '710 Balistreri Way\nBritneyton, MN 09715', 'customers/customers.png', 'active', '2024-12-04 21:38:24', '2024-12-04 21:38:24'),
	(14, '40520851301', 'Miss Whitney Zemlak IV', 'showell@example.com', '413.840.2733', '7728 Murphy Ports Suite 049\nPadbergborough, TN 68576-5053', 'customers/customers.png', 'active', '2024-12-04 21:38:24', '2024-12-04 21:38:24'),
	(15, '04307336214', 'Prof. Frank Muller II', 'lbosco@example.org', '1-346-833-5554', '918 Jacobson Harbor\nGibsonville, WA 41415', 'customers/customers.png', 'active', '2024-12-04 21:38:24', '2024-12-04 21:38:24'),
	(16, '16615065608', 'Anita Ratke', 'yebert@example.com', '(509) 963-1198', '19548 Thad Mountains\nJimmieborough, MO 12045-7513', 'customers/customers.png', 'inactive', '2024-12-04 21:38:24', '2024-12-04 21:38:24'),
	(17, '61519350922', 'Monroe Senger', 'jdickens@example.com', '+1.605.643.7371', '41048 Amos Parkway Apt. 841\nNew Ransomborough, AR 39274-1730', 'customers/customers.png', 'active', '2024-12-04 21:38:24', '2024-12-04 21:38:24'),
	(18, '77568366563', 'Prof. Monty Hoeger I', 'scotty01@example.net', '+1.346.748.8370', '401 Jett Lake\nSouth Laverne, AK 65234-1394', 'customers/customers.png', 'inactive', '2024-12-04 21:38:24', '2024-12-04 21:38:24'),
	(19, '96559741438', 'Heloise Smith', 'katelynn.wilderman@example.org', '1-231-824-2393', '4026 Hoeger Points Apt. 247\nSanfordmouth, AZ 56057', 'customers/customers.png', 'inactive', '2024-12-04 21:38:24', '2024-12-04 21:38:24'),
	(20, '14793482950', 'Mr. Devan Brakus II', 'tristin.larson@example.com', '(407) 976-3041', '791 Ferry Via Suite 101\nNorth Ernatown, MA 25653', 'customers/customers.png', 'active', '2024-12-04 21:38:24', '2024-12-04 21:38:24'),
	(21, '58999176305', 'Cristopher Ryan', 'nstark@example.net', '+1-351-619-0781', '2126 Valentine Common Apt. 078\nJunehaven, WA 46633', 'customers/customers.png', 'active', '2024-12-04 21:38:24', '2024-12-04 21:38:24'),
	(22, '32104739540', 'Winston Lang MD', 'reynolds.sarai@example.com', '470-957-6885', '681 Turcotte Centers Apt. 439\nGrahammouth, WY 02424-7760', 'customers/customers.png', 'active', '2024-12-04 21:38:24', '2024-12-04 21:38:24'),
	(23, '82555076536', 'Ms. Lizeth Marvin DDS', 'ruby.bayer@example.net', '1-360-438-3934', '7258 Victoria Burg\nSouth Derekfort, HI 20416', 'customers/customers.png', 'inactive', '2024-12-04 21:38:24', '2024-12-04 21:38:24'),
	(24, '31700241653', 'Daphnee Brakus', 'marlon47@example.net', '+1 (501) 521-6873', '5535 Swift Freeway Apt. 721\nBreitenbergville, MT 78518', 'customers/customers.png', 'inactive', '2024-12-04 21:38:24', '2024-12-04 21:38:24'),
	(25, '50141672531', 'Dr. Ariel Schulist IV', 'koss.kenny@example.com', '848.766.7832', '9946 Anderson Camp Suite 739\nHermannhaven, IL 06436-5376', 'customers/customers.png', 'inactive', '2024-12-04 21:38:24', '2024-12-04 21:38:24'),
	(26, '14715415593', 'Florence Ziemann', 'wmacejkovic@example.org', '754.805.2151', '52102 Wilber Circle Apt. 143\nNew Tomas, DE 91622-6305', 'customers/customers.png', 'active', '2024-12-04 21:38:24', '2024-12-04 21:38:24'),
	(27, '35813002454', 'Melyssa Sipes', 'darron05@example.net', '+1-281-268-6462', '4577 Kaylee Lights\nRicardohaven, KS 78496-4957', 'customers/customers.png', 'inactive', '2024-12-04 21:38:24', '2024-12-04 21:38:24'),
	(28, '76117790187', 'Vernon Ferry', 'easter29@example.org', '865-444-8754', '5957 Durgan Shoals\nBernhardtown, TN 16997-5412', 'customers/customers.png', 'active', '2024-12-04 21:38:24', '2024-12-04 21:38:24'),
	(29, '20160205889', 'Lemuel Flatley', 'ylittle@example.com', '+1-781-923-8158', '4093 Eladio Row\nPagactown, TN 34938', 'customers/customers.png', 'inactive', '2024-12-04 21:38:24', '2024-12-04 21:38:24'),
	(30, '49628788755', 'Noel Marks', 'bogisich.abagail@example.com', '254-310-5640', '1366 Luz Circle\nEast Merrittshire, SC 85392-1660', 'customers/customers.png', 'inactive', '2024-12-04 21:38:24', '2024-12-04 21:38:24'),
	(31, '58025398238', 'Israel Wiegand', 'stephanie21@example.net', '+1 (321) 861-3172', '9202 Block Glen\nNew Wanda, CT 25556-6711', 'customers/customers.png', 'active', '2024-12-04 21:38:24', '2024-12-04 21:38:24'),
	(32, '18133974367', 'Curtis Harris Sr.', 'donato.kub@example.net', '+1.630.849.7728', '6043 Boyle Lodge\nWest Danachester, AK 23546-9476', 'customers/customers.png', 'inactive', '2024-12-04 21:38:24', '2024-12-04 21:38:24'),
	(33, '58720737504', 'Abby Boehm', 'boyle.prince@example.com', '1-234-902-0116', '433 Rossie Court Suite 844\nSalmaside, TN 92890', 'customers/customers.png', 'active', '2024-12-04 21:38:24', '2024-12-04 21:38:24'),
	(34, '87409019503', 'Mackenzie Collier', 'walker.magdalen@example.org', '+1 (317) 727-2566', '336 Yost Inlet\nChristiansenton, ME 02582-0485', 'customers/customers.png', 'active', '2024-12-04 21:38:24', '2024-12-04 21:38:24'),
	(35, '33419976003', 'Christophe Stokes', 'gfahey@example.org', '+1.980.223.3466', '74389 Labadie Rapids Apt. 724\nWest Abigailtown, TX 61211-6217', 'customers/customers.png', 'active', '2024-12-04 21:38:24', '2024-12-04 21:38:24'),
	(36, '23737154043', 'Mr. Josue Schmidt', 'rhettinger@example.net', '351-739-4952', '4873 Melany Estates\nPort Fritzville, KS 00687', 'customers/customers.png', 'active', '2024-12-04 21:38:24', '2024-12-04 21:38:24'),
	(37, '52426257402', 'Ashton Considine', 'tressa.hegmann@example.net', '847.590.1920', '4455 Thiel Loaf Suite 789\nLuzview, MA 62070', 'customers/customers.png', 'inactive', '2024-12-04 21:38:24', '2024-12-04 21:38:24'),
	(38, '92295312585', 'Sebastian Wolff PhD', 'wiza.faustino@example.com', '+13033510315', '2623 Watson Prairie\nGrantport, MD 89372-8220', 'customers/customers.png', 'inactive', '2024-12-04 21:38:24', '2024-12-04 21:38:24'),
	(39, '51225345996', 'Adonis Fadel III', 'greenfelder.domenick@example.net', '1-425-437-2085', '100 Watsica Views\nPort Vita, ND 73611', 'customers/customers.png', 'inactive', '2024-12-04 21:38:24', '2024-12-04 21:38:24'),
	(40, '81315735399', 'Alverta Schaefer IV', 'dconroy@example.org', '+15056127619', '8588 Korbin Streets\nEast Efrain, UT 80431', 'customers/customers.png', 'inactive', '2024-12-04 21:38:24', '2024-12-04 21:38:24'),
	(41, '06553466742', 'Alexys Langosh', 'mdietrich@example.net', '+1-817-335-8673', '5221 Strosin Point Apt. 585\nHintzbury, WY 59653-5836', 'customers/customers.png', 'active', '2024-12-04 21:38:24', '2024-12-04 21:38:24'),
	(42, '55444026274', 'Mr. Daryl Schimmel', 'marquardt.dora@example.net', '808.350.0778', '687 Jaskolski Heights\nBoscotown, MD 14376', 'customers/customers.png', 'inactive', '2024-12-04 21:38:24', '2024-12-04 21:38:24'),
	(43, '59291524958', 'Jessyca Mitchell', 'vcarroll@example.org', '+1-712-653-4952', '6304 Fahey Rapid Apt. 161\nJacobiview, OK 45597', 'customers/customers.png', 'inactive', '2024-12-04 21:38:24', '2024-12-04 21:38:24'),
	(44, '77278303837', 'Lisette Yost', 'mdavis@example.com', '+1 (323) 674-5780', '51189 Keebler View\nWest Madelynnmouth, HI 91821', 'customers/customers.png', 'inactive', '2024-12-04 21:38:24', '2024-12-04 21:38:24'),
	(45, '49160691269', 'Jarrell Conn', 'reichert.reta@example.net', '651-454-3263', '26149 Tyrique Creek Suite 403\nNorth Wilfred, CO 49965-2768', 'customers/customers.png', 'inactive', '2024-12-04 21:38:24', '2024-12-04 21:38:24'),
	(46, '76573848103', 'Antonina Stanton I', 'narciso07@example.net', '+1-270-626-0003', '620 Nicholas Prairie\nEast Robyn, TN 09644', 'customers/customers.png', 'inactive', '2024-12-04 21:38:24', '2024-12-04 21:38:24'),
	(47, '72527595236', 'Fabiola Wisozk', 'jakubowski.mayra@example.net', '802.815.9636', '127 Daniella Forks Suite 481\nLake Dameonstad, NV 35157', 'customers/customers.png', 'active', '2024-12-04 21:38:24', '2024-12-04 21:38:24'),
	(48, '44594500742', 'Mrs. Chelsea Nikolaus', 'shania.turcotte@example.com', '650.359.8045', '9700 Reichert Road\nCollinshaven, IA 35562-3757', 'customers/customers.png', 'active', '2024-12-04 21:38:24', '2024-12-04 21:38:24'),
	(49, '04113199842', 'Mr. Mauricio Crooks', 'zmarquardt@example.com', '(769) 924-3255', '8250 Nayeli Rue Apt. 286\nLangchester, WA 67188-9756', 'customers/customers.png', 'inactive', '2024-12-04 21:38:24', '2024-12-04 21:38:24'),
	(50, '14355110706', 'Guido Howell PhD', 'inicolas@example.net', '(657) 957-3520', '8579 Stracke Row Apt. 536\nManteland, ID 15060-4333', 'customers/customers.png', 'active', '2024-12-04 21:38:24', '2024-12-04 21:38:24');

-- Volcando estructura para tabla compraventa.detalle_compras
DROP TABLE IF EXISTS `detalle_compras`;
CREATE TABLE IF NOT EXISTS `detalle_compras` (
  `id` bigint unsigned NOT NULL AUTO_INCREMENT,
  `purchase_id` bigint unsigned NOT NULL,
  `product_id` bigint unsigned NOT NULL,
  `quantity` int NOT NULL,
  `unit_cost` decimal(10,2) NOT NULL,
  `subtotal` decimal(10,2) NOT NULL,
  `created_at` timestamp NULL DEFAULT NULL,
  `updated_at` timestamp NULL DEFAULT NULL,
  PRIMARY KEY (`id`),
  KEY `detalle_compras_purchase_id_foreign` (`purchase_id`),
  KEY `detalle_compras_product_id_foreign` (`product_id`),
  CONSTRAINT `detalle_compras_product_id_foreign` FOREIGN KEY (`product_id`) REFERENCES `products` (`id`) ON DELETE CASCADE,
  CONSTRAINT `detalle_compras_purchase_id_foreign` FOREIGN KEY (`purchase_id`) REFERENCES `compras` (`id`) ON DELETE CASCADE
) ENGINE=InnoDB AUTO_INCREMENT=1051 DEFAULT CHARSET=utf8mb4 COLLATE=utf8mb4_unicode_ci;

-- Volcando datos para la tabla compraventa.detalle_compras: ~1.032 rows (aproximadamente)
DELETE FROM `detalle_compras`;
INSERT INTO `detalle_compras` (`id`, `purchase_id`, `product_id`, `quantity`, `unit_cost`, `subtotal`, `created_at`, `updated_at`) VALUES
	(1, 1, 16, 23, 23.00, 529.00, '2025-01-29 06:15:22', '2025-01-29 06:15:22'),
	(2, 2, 3, 23, 23.00, 529.00, '2025-01-29 06:30:09', '2025-01-29 06:30:09'),
	(3, 2, 1, 23, 3.00, 69.00, '2025-01-29 06:30:09', '2025-01-29 06:30:09'),
	(4, 2, 3, 32, 34.00, 1088.00, '2025-01-29 06:30:09', '2025-01-29 06:30:09'),
	(5, 2, 4, 32, 2.00, 64.00, '2025-01-29 06:30:09', '2025-01-29 06:30:09'),
	(6, 2, 3, 10000, 1.00, 10000.00, '2025-01-29 06:30:09', '2025-01-29 06:30:09'),
	(7, 3, 1, 100, 1.00, 100.00, '2025-01-29 06:31:19', '2025-01-29 06:31:19'),
	(8, 4, 1, 12, 0.00, 0.00, '2025-01-29 06:32:07', '2025-01-29 06:32:07'),
	(9, 5, 3, 2, 2.00, 4.00, '2025-01-29 06:40:34', '2025-01-29 06:40:34'),
	(10, 5, 15, 50, 20.00, 1000.00, '2025-01-29 06:40:34', '2025-01-29 06:40:34'),
	(11, 6, 2, 2, 2.00, 4.00, '2025-01-29 06:54:51', '2025-01-29 06:54:51'),
	(18, 9, 1, 2, 2.00, 4.00, '2025-01-29 20:37:46', '2025-01-29 20:37:46'),
	(19, 9, 4, 3, 3.00, 9.00, '2025-01-29 20:37:46', '2025-01-29 20:37:46'),
	(20, 9, 2, 3, 4.00, 12.00, '2025-01-29 20:37:46', '2025-01-29 20:37:46'),
	(23, 11, 2, 2, 2.00, 4.00, '2025-01-29 20:47:41', '2025-01-29 20:47:41'),
	(24, 11, 4, 3, 4.00, 12.00, '2025-01-29 20:47:41', '2025-01-29 20:47:41'),
	(35, 17, 2, 2, 2.00, 4.00, '2025-01-29 21:02:53', '2025-01-29 21:02:53'),
	(36, 17, 5, 2, 2.00, 4.00, '2025-01-29 21:02:53', '2025-01-29 21:02:53'),
	(37, 18, 2, 2, 2.00, 4.00, '2025-01-29 21:03:48', '2025-01-29 21:03:48'),
	(38, 19, 1, 2, 2.00, 4.00, '2025-01-29 21:06:36', '2025-01-29 21:06:36'),
	(39, 20, 3, 2, 2.00, 4.00, '2025-01-29 21:10:39', '2025-01-29 21:10:39'),
	(40, 20, 4, 2, 2.00, 4.00, '2025-01-29 21:10:39', '2025-01-29 21:10:39'),
	(41, 21, 5, 2, 2.00, 4.00, '2025-01-29 22:07:10', '2025-01-29 22:07:10'),
	(42, 21, 16, 2, 2.00, 4.00, '2025-01-29 22:07:10', '2025-01-29 22:07:10'),
	(43, 22, 20, 4, 80.00, 320.00, '2025-01-30 05:08:10', '2025-01-30 05:08:10'),
	(44, 22, 6, 7, 10.00, 70.00, '2025-01-30 05:08:10', '2025-01-30 05:08:10'),
	(45, 22, 15, 5, 98.00, 490.00, '2025-01-30 05:08:10', '2025-01-30 05:08:10'),
	(46, 23, 9, 2, 60.00, 120.00, '2025-01-30 05:08:10', '2025-01-30 05:08:10'),
	(47, 23, 13, 5, 73.00, 365.00, '2025-01-30 05:08:10', '2025-01-30 05:08:10'),
	(48, 23, 9, 2, 10.00, 20.00, '2025-01-30 05:08:10', '2025-01-30 05:08:10'),
	(49, 23, 11, 3, 56.00, 168.00, '2025-01-30 05:08:10', '2025-01-30 05:08:10'),
	(50, 23, 19, 1, 68.00, 68.00, '2025-01-30 05:08:10', '2025-01-30 05:08:10'),
	(51, 23, 10, 7, 76.00, 532.00, '2025-01-30 05:08:10', '2025-01-30 05:08:10'),
	(52, 23, 20, 1, 14.00, 14.00, '2025-01-30 05:08:10', '2025-01-30 05:08:10'),
	(53, 23, 12, 8, 30.00, 240.00, '2025-01-30 05:08:10', '2025-01-30 05:08:10'),
	(54, 23, 3, 4, 81.00, 324.00, '2025-01-30 05:08:10', '2025-01-30 05:08:10'),
	(55, 23, 18, 8, 29.00, 232.00, '2025-01-30 05:08:10', '2025-01-30 05:08:10'),
	(56, 23, 4, 9, 35.00, 315.00, '2025-01-30 05:08:10', '2025-01-30 05:08:10'),
	(57, 24, 13, 4, 79.00, 316.00, '2025-01-30 05:08:10', '2025-01-30 05:08:10'),
	(58, 24, 20, 7, 35.00, 245.00, '2025-01-30 05:08:10', '2025-01-30 05:08:10'),
	(59, 24, 8, 8, 97.00, 776.00, '2025-01-30 05:08:10', '2025-01-30 05:08:10'),
	(60, 24, 9, 5, 86.00, 430.00, '2025-01-30 05:08:10', '2025-01-30 05:08:10'),
	(61, 24, 19, 5, 26.00, 130.00, '2025-01-30 05:08:10', '2025-01-30 05:08:10'),
	(62, 24, 14, 4, 78.00, 312.00, '2025-01-30 05:08:10', '2025-01-30 05:08:10'),
	(63, 24, 19, 9, 30.00, 270.00, '2025-01-30 05:08:10', '2025-01-30 05:08:10'),
	(64, 24, 17, 4, 19.00, 76.00, '2025-01-30 05:08:10', '2025-01-30 05:08:10'),
	(65, 24, 1, 3, 23.00, 69.00, '2025-01-30 05:08:10', '2025-01-30 05:08:10'),
	(66, 24, 3, 7, 88.00, 616.00, '2025-01-30 05:08:10', '2025-01-30 05:08:10'),
	(67, 24, 13, 7, 81.00, 567.00, '2025-01-30 05:08:10', '2025-01-30 05:08:10'),
	(68, 24, 16, 6, 98.00, 588.00, '2025-01-30 05:08:10', '2025-01-30 05:08:10'),
	(69, 24, 16, 4, 11.00, 44.00, '2025-01-30 05:08:10', '2025-01-30 05:08:10'),
	(70, 24, 10, 6, 91.00, 546.00, '2025-01-30 05:08:10', '2025-01-30 05:08:10'),
	(71, 24, 15, 1, 91.00, 91.00, '2025-01-30 05:08:10', '2025-01-30 05:08:10'),
	(72, 24, 6, 3, 64.00, 192.00, '2025-01-30 05:08:10', '2025-01-30 05:08:10'),
	(73, 24, 5, 8, 98.00, 784.00, '2025-01-30 05:08:10', '2025-01-30 05:08:10'),
	(74, 24, 13, 6, 17.00, 102.00, '2025-01-30 05:08:10', '2025-01-30 05:08:10'),
	(75, 24, 16, 7, 15.00, 105.00, '2025-01-30 05:08:10', '2025-01-30 05:08:10'),
	(76, 24, 13, 10, 22.00, 220.00, '2025-01-30 05:08:10', '2025-01-30 05:08:10'),
	(77, 25, 11, 4, 69.00, 276.00, '2025-01-30 05:08:10', '2025-01-30 05:08:10'),
	(78, 25, 8, 7, 26.00, 182.00, '2025-01-30 05:08:10', '2025-01-30 05:08:10'),
	(79, 25, 3, 3, 96.00, 288.00, '2025-01-30 05:08:10', '2025-01-30 05:08:10'),
	(80, 25, 12, 8, 57.00, 456.00, '2025-01-30 05:08:10', '2025-01-30 05:08:10'),
	(81, 26, 2, 9, 57.00, 513.00, '2025-01-30 05:08:10', '2025-01-30 05:08:10'),
	(82, 26, 16, 7, 25.00, 175.00, '2025-01-30 05:08:10', '2025-01-30 05:08:10'),
	(83, 26, 1, 4, 42.00, 168.00, '2025-01-30 05:08:10', '2025-01-30 05:08:10'),
	(84, 26, 16, 7, 81.00, 567.00, '2025-01-30 05:08:10', '2025-01-30 05:08:10'),
	(85, 27, 2, 10, 70.00, 700.00, '2025-01-30 05:08:10', '2025-01-30 05:08:10'),
	(86, 27, 19, 5, 14.00, 70.00, '2025-01-30 05:08:10', '2025-01-30 05:08:10'),
	(87, 27, 9, 8, 92.00, 736.00, '2025-01-30 05:08:10', '2025-01-30 05:08:10'),
	(88, 27, 5, 1, 10.00, 10.00, '2025-01-30 05:08:10', '2025-01-30 05:08:10'),
	(89, 27, 3, 6, 46.00, 276.00, '2025-01-30 05:08:10', '2025-01-30 05:08:10'),
	(90, 27, 18, 2, 94.00, 188.00, '2025-01-30 05:08:10', '2025-01-30 05:08:10'),
	(91, 27, 12, 3, 61.00, 183.00, '2025-01-30 05:08:10', '2025-01-30 05:08:10'),
	(92, 27, 10, 5, 35.00, 175.00, '2025-01-30 05:08:10', '2025-01-30 05:08:10'),
	(93, 27, 18, 3, 45.00, 135.00, '2025-01-30 05:08:10', '2025-01-30 05:08:10'),
	(94, 27, 11, 10, 65.00, 650.00, '2025-01-30 05:08:10', '2025-01-30 05:08:10'),
	(95, 27, 13, 1, 88.00, 88.00, '2025-01-30 05:08:10', '2025-01-30 05:08:10'),
	(96, 27, 18, 8, 21.00, 168.00, '2025-01-30 05:08:10', '2025-01-30 05:08:10'),
	(97, 27, 16, 9, 90.00, 810.00, '2025-01-30 05:08:10', '2025-01-30 05:08:10'),
	(98, 27, 13, 2, 37.00, 74.00, '2025-01-30 05:08:10', '2025-01-30 05:08:10'),
	(99, 27, 2, 4, 17.00, 68.00, '2025-01-30 05:08:10', '2025-01-30 05:08:10'),
	(100, 27, 20, 10, 87.00, 870.00, '2025-01-30 05:08:10', '2025-01-30 05:08:10'),
	(101, 27, 20, 4, 77.00, 308.00, '2025-01-30 05:08:10', '2025-01-30 05:08:10'),
	(102, 27, 19, 2, 70.00, 140.00, '2025-01-30 05:08:10', '2025-01-30 05:08:10'),
	(103, 28, 1, 8, 11.00, 88.00, '2025-01-30 05:08:10', '2025-01-30 05:08:10'),
	(104, 28, 8, 9, 36.00, 324.00, '2025-01-30 05:08:10', '2025-01-30 05:08:10'),
	(105, 28, 8, 4, 62.00, 248.00, '2025-01-30 05:08:10', '2025-01-30 05:08:10'),
	(106, 28, 4, 1, 86.00, 86.00, '2025-01-30 05:08:10', '2025-01-30 05:08:10'),
	(107, 28, 2, 7, 73.00, 511.00, '2025-01-30 05:08:10', '2025-01-30 05:08:10'),
	(108, 28, 6, 3, 34.00, 102.00, '2025-01-30 05:08:10', '2025-01-30 05:08:10'),
	(109, 28, 11, 10, 96.00, 960.00, '2025-01-30 05:08:10', '2025-01-30 05:08:10'),
	(110, 28, 1, 7, 93.00, 651.00, '2025-01-30 05:08:10', '2025-01-30 05:08:10'),
	(111, 28, 5, 1, 52.00, 52.00, '2025-01-30 05:08:10', '2025-01-30 05:08:10'),
	(112, 28, 3, 7, 58.00, 406.00, '2025-01-30 05:08:10', '2025-01-30 05:08:10'),
	(113, 28, 12, 3, 19.00, 57.00, '2025-01-30 05:08:10', '2025-01-30 05:08:10'),
	(114, 28, 1, 1, 77.00, 77.00, '2025-01-30 05:08:10', '2025-01-30 05:08:10'),
	(115, 29, 20, 9, 68.00, 612.00, '2025-01-30 05:08:10', '2025-01-30 05:08:10'),
	(116, 29, 18, 4, 15.00, 60.00, '2025-01-30 05:08:10', '2025-01-30 05:08:10'),
	(117, 30, 13, 3, 74.00, 222.00, '2025-01-30 05:08:10', '2025-01-30 05:08:10'),
	(118, 30, 1, 10, 93.00, 930.00, '2025-01-30 05:08:10', '2025-01-30 05:08:10'),
	(119, 31, 10, 3, 12.00, 36.00, '2025-01-30 05:08:10', '2025-01-30 05:08:10'),
	(120, 31, 10, 7, 92.00, 644.00, '2025-01-30 05:08:10', '2025-01-30 05:08:10'),
	(121, 31, 14, 6, 28.00, 168.00, '2025-01-30 05:08:10', '2025-01-30 05:08:10'),
	(122, 31, 8, 4, 42.00, 168.00, '2025-01-30 05:08:10', '2025-01-30 05:08:10'),
	(123, 31, 12, 4, 30.00, 120.00, '2025-01-30 05:08:10', '2025-01-30 05:08:10'),
	(124, 31, 18, 8, 15.00, 120.00, '2025-01-30 05:08:10', '2025-01-30 05:08:10'),
	(125, 31, 4, 3, 51.00, 153.00, '2025-01-30 05:08:10', '2025-01-30 05:08:10'),
	(126, 31, 14, 5, 49.00, 245.00, '2025-01-30 05:08:10', '2025-01-30 05:08:10'),
	(127, 31, 15, 3, 65.00, 195.00, '2025-01-30 05:08:10', '2025-01-30 05:08:10'),
	(128, 31, 1, 10, 32.00, 320.00, '2025-01-30 05:08:10', '2025-01-30 05:08:10'),
	(129, 31, 11, 1, 19.00, 19.00, '2025-01-30 05:08:10', '2025-01-30 05:08:10'),
	(130, 31, 20, 3, 100.00, 300.00, '2025-01-30 05:08:10', '2025-01-30 05:08:10'),
	(131, 31, 7, 2, 58.00, 116.00, '2025-01-30 05:08:10', '2025-01-30 05:08:10'),
	(132, 31, 6, 3, 37.00, 111.00, '2025-01-30 05:08:10', '2025-01-30 05:08:10'),
	(133, 31, 17, 10, 13.00, 130.00, '2025-01-30 05:08:10', '2025-01-30 05:08:10'),
	(134, 31, 20, 1, 28.00, 28.00, '2025-01-30 05:08:10', '2025-01-30 05:08:10'),
	(135, 31, 7, 9, 94.00, 846.00, '2025-01-30 05:08:10', '2025-01-30 05:08:10'),
	(136, 31, 10, 2, 95.00, 190.00, '2025-01-30 05:08:10', '2025-01-30 05:08:10'),
	(137, 31, 2, 8, 59.00, 472.00, '2025-01-30 05:08:10', '2025-01-30 05:08:10'),
	(138, 32, 7, 5, 87.00, 435.00, '2025-01-30 05:08:10', '2025-01-30 05:08:10'),
	(139, 32, 3, 2, 95.00, 190.00, '2025-01-30 05:08:10', '2025-01-30 05:08:10'),
	(140, 32, 13, 3, 39.00, 117.00, '2025-01-30 05:08:10', '2025-01-30 05:08:10'),
	(141, 32, 17, 10, 15.00, 150.00, '2025-01-30 05:08:10', '2025-01-30 05:08:10'),
	(142, 32, 20, 10, 94.00, 940.00, '2025-01-30 05:08:10', '2025-01-30 05:08:10'),
	(143, 32, 4, 1, 59.00, 59.00, '2025-01-30 05:08:10', '2025-01-30 05:08:10'),
	(144, 32, 1, 2, 17.00, 34.00, '2025-01-30 05:08:10', '2025-01-30 05:08:10'),
	(145, 33, 13, 1, 20.00, 20.00, '2025-01-30 05:08:10', '2025-01-30 05:08:10'),
	(146, 33, 19, 9, 16.00, 144.00, '2025-01-30 05:08:10', '2025-01-30 05:08:10'),
	(147, 33, 13, 8, 10.00, 80.00, '2025-01-30 05:08:10', '2025-01-30 05:08:10'),
	(148, 33, 5, 1, 63.00, 63.00, '2025-01-30 05:08:10', '2025-01-30 05:08:10'),
	(149, 33, 15, 3, 70.00, 210.00, '2025-01-30 05:08:10', '2025-01-30 05:08:10'),
	(150, 33, 16, 5, 70.00, 350.00, '2025-01-30 05:08:10', '2025-01-30 05:08:10'),
	(151, 33, 13, 9, 15.00, 135.00, '2025-01-30 05:08:10', '2025-01-30 05:08:10'),
	(152, 34, 5, 6, 72.00, 432.00, '2025-01-30 05:08:10', '2025-01-30 05:08:10'),
	(153, 34, 4, 3, 45.00, 135.00, '2025-01-30 05:08:10', '2025-01-30 05:08:10'),
	(154, 34, 6, 2, 72.00, 144.00, '2025-01-30 05:08:10', '2025-01-30 05:08:10'),
	(155, 34, 17, 6, 89.00, 534.00, '2025-01-30 05:08:10', '2025-01-30 05:08:10'),
	(156, 34, 12, 8, 49.00, 392.00, '2025-01-30 05:08:10', '2025-01-30 05:08:10'),
	(157, 34, 9, 9, 14.00, 126.00, '2025-01-30 05:08:10', '2025-01-30 05:08:10'),
	(158, 35, 20, 8, 66.00, 528.00, '2025-01-30 05:08:10', '2025-01-30 05:08:10'),
	(159, 35, 8, 5, 73.00, 365.00, '2025-01-30 05:08:10', '2025-01-30 05:08:10'),
	(160, 35, 13, 3, 83.00, 249.00, '2025-01-30 05:08:10', '2025-01-30 05:08:10'),
	(161, 35, 4, 9, 73.00, 657.00, '2025-01-30 05:08:10', '2025-01-30 05:08:10'),
	(162, 35, 4, 4, 43.00, 172.00, '2025-01-30 05:08:10', '2025-01-30 05:08:10'),
	(163, 35, 8, 1, 75.00, 75.00, '2025-01-30 05:08:10', '2025-01-30 05:08:10'),
	(164, 36, 19, 1, 20.00, 20.00, '2025-01-30 05:08:10', '2025-01-30 05:08:10'),
	(165, 36, 19, 1, 35.00, 35.00, '2025-01-30 05:08:10', '2025-01-30 05:08:10'),
	(166, 36, 13, 5, 50.00, 250.00, '2025-01-30 05:08:10', '2025-01-30 05:08:10'),
	(167, 36, 10, 2, 57.00, 114.00, '2025-01-30 05:08:10', '2025-01-30 05:08:10'),
	(168, 36, 7, 9, 59.00, 531.00, '2025-01-30 05:08:10', '2025-01-30 05:08:10'),
	(169, 37, 7, 8, 37.00, 296.00, '2025-01-30 05:08:10', '2025-01-30 05:08:10'),
	(170, 37, 3, 4, 93.00, 372.00, '2025-01-30 05:08:10', '2025-01-30 05:08:10'),
	(171, 37, 2, 1, 83.00, 83.00, '2025-01-30 05:08:10', '2025-01-30 05:08:10'),
	(172, 37, 1, 3, 65.00, 195.00, '2025-01-30 05:08:10', '2025-01-30 05:08:10'),
	(173, 38, 19, 8, 84.00, 672.00, '2025-01-30 05:08:10', '2025-01-30 05:08:10'),
	(174, 38, 20, 8, 16.00, 128.00, '2025-01-30 05:08:10', '2025-01-30 05:08:10'),
	(175, 39, 12, 1, 59.00, 59.00, '2025-01-30 05:08:10', '2025-01-30 05:08:10'),
	(176, 39, 10, 7, 58.00, 406.00, '2025-01-30 05:08:10', '2025-01-30 05:08:10'),
	(177, 39, 18, 3, 89.00, 267.00, '2025-01-30 05:08:10', '2025-01-30 05:08:10'),
	(178, 39, 4, 5, 11.00, 55.00, '2025-01-30 05:08:10', '2025-01-30 05:08:10'),
	(179, 39, 13, 3, 26.00, 78.00, '2025-01-30 05:08:10', '2025-01-30 05:08:10'),
	(180, 39, 16, 6, 89.00, 534.00, '2025-01-30 05:08:10', '2025-01-30 05:08:10'),
	(181, 39, 10, 6, 20.00, 120.00, '2025-01-30 05:08:10', '2025-01-30 05:08:10'),
	(182, 39, 6, 4, 28.00, 112.00, '2025-01-30 05:08:10', '2025-01-30 05:08:10'),
	(183, 39, 9, 1, 20.00, 20.00, '2025-01-30 05:08:10', '2025-01-30 05:08:10'),
	(184, 40, 18, 5, 34.00, 170.00, '2025-01-30 05:08:10', '2025-01-30 05:08:10'),
	(185, 40, 15, 7, 44.00, 308.00, '2025-01-30 05:08:10', '2025-01-30 05:08:10'),
	(186, 40, 12, 3, 44.00, 132.00, '2025-01-30 05:08:10', '2025-01-30 05:08:10'),
	(187, 40, 5, 8, 64.00, 512.00, '2025-01-30 05:08:10', '2025-01-30 05:08:10'),
	(188, 40, 12, 4, 47.00, 188.00, '2025-01-30 05:08:10', '2025-01-30 05:08:10'),
	(189, 40, 12, 2, 65.00, 130.00, '2025-01-30 05:08:10', '2025-01-30 05:08:10'),
	(190, 40, 18, 1, 81.00, 81.00, '2025-01-30 05:08:10', '2025-01-30 05:08:10'),
	(191, 40, 5, 8, 32.00, 256.00, '2025-01-30 05:08:10', '2025-01-30 05:08:10'),
	(192, 40, 13, 3, 79.00, 237.00, '2025-01-30 05:08:10', '2025-01-30 05:08:10'),
	(193, 40, 18, 10, 64.00, 640.00, '2025-01-30 05:08:11', '2025-01-30 05:08:11'),
	(194, 40, 11, 3, 75.00, 225.00, '2025-01-30 05:08:11', '2025-01-30 05:08:11'),
	(195, 40, 18, 7, 93.00, 651.00, '2025-01-30 05:08:11', '2025-01-30 05:08:11'),
	(196, 40, 2, 2, 99.00, 198.00, '2025-01-30 05:08:11', '2025-01-30 05:08:11'),
	(197, 40, 16, 4, 86.00, 344.00, '2025-01-30 05:08:11', '2025-01-30 05:08:11'),
	(198, 40, 11, 5, 65.00, 325.00, '2025-01-30 05:08:11', '2025-01-30 05:08:11'),
	(199, 40, 13, 10, 17.00, 170.00, '2025-01-30 05:08:11', '2025-01-30 05:08:11'),
	(200, 40, 3, 3, 89.00, 267.00, '2025-01-30 05:08:11', '2025-01-30 05:08:11'),
	(201, 40, 8, 2, 64.00, 128.00, '2025-01-30 05:08:11', '2025-01-30 05:08:11'),
	(202, 40, 18, 6, 87.00, 522.00, '2025-01-30 05:08:11', '2025-01-30 05:08:11'),
	(203, 41, 19, 9, 62.00, 558.00, '2025-01-30 05:08:11', '2025-01-30 05:08:11'),
	(204, 41, 16, 1, 89.00, 89.00, '2025-01-30 05:08:11', '2025-01-30 05:08:11'),
	(205, 41, 14, 1, 12.00, 12.00, '2025-01-30 05:08:11', '2025-01-30 05:08:11'),
	(206, 41, 20, 3, 46.00, 138.00, '2025-01-30 05:08:11', '2025-01-30 05:08:11'),
	(207, 41, 16, 1, 70.00, 70.00, '2025-01-30 05:08:11', '2025-01-30 05:08:11'),
	(208, 41, 12, 9, 81.00, 729.00, '2025-01-30 05:08:11', '2025-01-30 05:08:11'),
	(209, 41, 6, 10, 85.00, 850.00, '2025-01-30 05:08:11', '2025-01-30 05:08:11'),
	(210, 41, 15, 4, 79.00, 316.00, '2025-01-30 05:08:11', '2025-01-30 05:08:11'),
	(211, 41, 20, 7, 91.00, 637.00, '2025-01-30 05:08:11', '2025-01-30 05:08:11'),
	(212, 41, 5, 6, 27.00, 162.00, '2025-01-30 05:08:11', '2025-01-30 05:08:11'),
	(213, 41, 10, 10, 43.00, 430.00, '2025-01-30 05:08:11', '2025-01-30 05:08:11'),
	(214, 42, 11, 3, 62.00, 186.00, '2025-01-30 05:08:11', '2025-01-30 05:08:11'),
	(215, 42, 5, 2, 52.00, 104.00, '2025-01-30 05:08:11', '2025-01-30 05:08:11'),
	(216, 42, 20, 6, 85.00, 510.00, '2025-01-30 05:08:11', '2025-01-30 05:08:11'),
	(217, 42, 1, 8, 88.00, 704.00, '2025-01-30 05:08:11', '2025-01-30 05:08:11'),
	(218, 42, 20, 6, 81.00, 486.00, '2025-01-30 05:08:11', '2025-01-30 05:08:11'),
	(219, 42, 2, 2, 70.00, 140.00, '2025-01-30 05:08:11', '2025-01-30 05:08:11'),
	(220, 42, 12, 3, 22.00, 66.00, '2025-01-30 05:08:11', '2025-01-30 05:08:11'),
	(221, 42, 20, 9, 62.00, 558.00, '2025-01-30 05:08:11', '2025-01-30 05:08:11'),
	(222, 42, 19, 4, 13.00, 52.00, '2025-01-30 05:08:11', '2025-01-30 05:08:11'),
	(223, 42, 5, 1, 90.00, 90.00, '2025-01-30 05:08:11', '2025-01-30 05:08:11'),
	(224, 42, 16, 6, 77.00, 462.00, '2025-01-30 05:08:11', '2025-01-30 05:08:11'),
	(225, 42, 19, 9, 84.00, 756.00, '2025-01-30 05:08:11', '2025-01-30 05:08:11'),
	(226, 42, 7, 9, 35.00, 315.00, '2025-01-30 05:08:11', '2025-01-30 05:08:11'),
	(227, 42, 2, 8, 94.00, 752.00, '2025-01-30 05:08:11', '2025-01-30 05:08:11'),
	(228, 43, 11, 5, 11.00, 55.00, '2025-01-30 05:08:11', '2025-01-30 05:08:11'),
	(229, 43, 14, 7, 48.00, 336.00, '2025-01-30 05:08:11', '2025-01-30 05:08:11'),
	(230, 43, 6, 6, 47.00, 282.00, '2025-01-30 05:08:11', '2025-01-30 05:08:11'),
	(231, 43, 18, 3, 97.00, 291.00, '2025-01-30 05:08:11', '2025-01-30 05:08:11'),
	(232, 43, 17, 5, 89.00, 445.00, '2025-01-30 05:08:11', '2025-01-30 05:08:11'),
	(233, 43, 16, 7, 29.00, 203.00, '2025-01-30 05:08:11', '2025-01-30 05:08:11'),
	(234, 43, 17, 7, 10.00, 70.00, '2025-01-30 05:08:11', '2025-01-30 05:08:11'),
	(235, 43, 2, 9, 41.00, 369.00, '2025-01-30 05:08:11', '2025-01-30 05:08:11'),
	(236, 43, 12, 7, 40.00, 280.00, '2025-01-30 05:08:11', '2025-01-30 05:08:11'),
	(237, 43, 12, 4, 24.00, 96.00, '2025-01-30 05:08:11', '2025-01-30 05:08:11'),
	(238, 43, 4, 7, 75.00, 525.00, '2025-01-30 05:08:11', '2025-01-30 05:08:11'),
	(239, 43, 3, 5, 73.00, 365.00, '2025-01-30 05:08:11', '2025-01-30 05:08:11'),
	(240, 43, 10, 1, 59.00, 59.00, '2025-01-30 05:08:11', '2025-01-30 05:08:11'),
	(241, 43, 8, 10, 60.00, 600.00, '2025-01-30 05:08:11', '2025-01-30 05:08:11'),
	(242, 43, 7, 5, 42.00, 210.00, '2025-01-30 05:08:11', '2025-01-30 05:08:11'),
	(243, 43, 20, 9, 52.00, 468.00, '2025-01-30 05:08:11', '2025-01-30 05:08:11'),
	(244, 43, 14, 9, 78.00, 702.00, '2025-01-30 05:08:11', '2025-01-30 05:08:11'),
	(245, 43, 2, 6, 59.00, 354.00, '2025-01-30 05:08:11', '2025-01-30 05:08:11'),
	(246, 44, 12, 2, 69.00, 138.00, '2025-01-30 05:08:11', '2025-01-30 05:08:11'),
	(247, 44, 17, 2, 66.00, 132.00, '2025-01-30 05:08:11', '2025-01-30 05:08:11'),
	(248, 44, 20, 7, 40.00, 280.00, '2025-01-30 05:08:11', '2025-01-30 05:08:11'),
	(249, 44, 19, 9, 71.00, 639.00, '2025-01-30 05:08:11', '2025-01-30 05:08:11'),
	(250, 44, 2, 10, 48.00, 480.00, '2025-01-30 05:08:11', '2025-01-30 05:08:11'),
	(251, 44, 5, 7, 70.00, 490.00, '2025-01-30 05:08:11', '2025-01-30 05:08:11'),
	(252, 44, 9, 3, 81.00, 243.00, '2025-01-30 05:08:11', '2025-01-30 05:08:11'),
	(253, 45, 3, 5, 61.00, 305.00, '2025-01-30 05:08:11', '2025-01-30 05:08:11'),
	(254, 45, 18, 3, 84.00, 252.00, '2025-01-30 05:08:11', '2025-01-30 05:08:11'),
	(255, 45, 19, 6, 97.00, 582.00, '2025-01-30 05:08:11', '2025-01-30 05:08:11'),
	(256, 45, 12, 10, 38.00, 380.00, '2025-01-30 05:08:11', '2025-01-30 05:08:11'),
	(257, 45, 8, 7, 45.00, 315.00, '2025-01-30 05:08:11', '2025-01-30 05:08:11'),
	(258, 45, 5, 6, 16.00, 96.00, '2025-01-30 05:08:11', '2025-01-30 05:08:11'),
	(259, 45, 20, 9, 16.00, 144.00, '2025-01-30 05:08:11', '2025-01-30 05:08:11'),
	(260, 45, 9, 7, 27.00, 189.00, '2025-01-30 05:08:11', '2025-01-30 05:08:11'),
	(261, 45, 15, 1, 94.00, 94.00, '2025-01-30 05:08:11', '2025-01-30 05:08:11'),
	(262, 45, 2, 3, 75.00, 225.00, '2025-01-30 05:08:11', '2025-01-30 05:08:11'),
	(263, 45, 19, 1, 95.00, 95.00, '2025-01-30 05:08:11', '2025-01-30 05:08:11'),
	(264, 46, 18, 5, 80.00, 400.00, '2025-01-30 05:08:11', '2025-01-30 05:08:11'),
	(265, 46, 15, 3, 66.00, 198.00, '2025-01-30 05:08:11', '2025-01-30 05:08:11'),
	(266, 46, 18, 7, 21.00, 147.00, '2025-01-30 05:08:11', '2025-01-30 05:08:11'),
	(267, 46, 7, 1, 32.00, 32.00, '2025-01-30 05:08:11', '2025-01-30 05:08:11'),
	(268, 46, 14, 3, 13.00, 39.00, '2025-01-30 05:08:11', '2025-01-30 05:08:11'),
	(269, 46, 15, 8, 97.00, 776.00, '2025-01-30 05:08:11', '2025-01-30 05:08:11'),
	(270, 46, 14, 5, 37.00, 185.00, '2025-01-30 05:08:11', '2025-01-30 05:08:11'),
	(271, 46, 7, 1, 41.00, 41.00, '2025-01-30 05:08:11', '2025-01-30 05:08:11'),
	(272, 46, 6, 5, 35.00, 175.00, '2025-01-30 05:08:11', '2025-01-30 05:08:11'),
	(273, 46, 16, 8, 81.00, 648.00, '2025-01-30 05:08:11', '2025-01-30 05:08:11'),
	(274, 46, 7, 10, 71.00, 710.00, '2025-01-30 05:08:11', '2025-01-30 05:08:11'),
	(275, 46, 8, 1, 76.00, 76.00, '2025-01-30 05:08:11', '2025-01-30 05:08:11'),
	(276, 46, 19, 6, 66.00, 396.00, '2025-01-30 05:08:11', '2025-01-30 05:08:11'),
	(277, 46, 20, 10, 38.00, 380.00, '2025-01-30 05:08:11', '2025-01-30 05:08:11'),
	(278, 47, 9, 10, 19.00, 190.00, '2025-01-30 05:08:11', '2025-01-30 05:08:11'),
	(279, 47, 12, 2, 88.00, 176.00, '2025-01-30 05:08:11', '2025-01-30 05:08:11'),
	(280, 47, 14, 4, 30.00, 120.00, '2025-01-30 05:08:11', '2025-01-30 05:08:11'),
	(281, 47, 4, 7, 11.00, 77.00, '2025-01-30 05:08:11', '2025-01-30 05:08:11'),
	(282, 47, 15, 10, 86.00, 860.00, '2025-01-30 05:08:11', '2025-01-30 05:08:11'),
	(283, 47, 4, 5, 59.00, 295.00, '2025-01-30 05:08:11', '2025-01-30 05:08:11'),
	(284, 47, 10, 7, 10.00, 70.00, '2025-01-30 05:08:11', '2025-01-30 05:08:11'),
	(285, 47, 5, 3, 61.00, 183.00, '2025-01-30 05:08:11', '2025-01-30 05:08:11'),
	(286, 47, 16, 2, 41.00, 82.00, '2025-01-30 05:08:11', '2025-01-30 05:08:11'),
	(287, 47, 3, 3, 55.00, 165.00, '2025-01-30 05:08:11', '2025-01-30 05:08:11'),
	(288, 47, 18, 2, 50.00, 100.00, '2025-01-30 05:08:11', '2025-01-30 05:08:11'),
	(289, 47, 19, 1, 93.00, 93.00, '2025-01-30 05:08:11', '2025-01-30 05:08:11'),
	(290, 47, 1, 4, 38.00, 152.00, '2025-01-30 05:08:11', '2025-01-30 05:08:11'),
	(291, 47, 3, 1, 31.00, 31.00, '2025-01-30 05:08:11', '2025-01-30 05:08:11'),
	(292, 48, 18, 7, 74.00, 518.00, '2025-01-30 05:08:11', '2025-01-30 05:08:11'),
	(293, 48, 11, 9, 79.00, 711.00, '2025-01-30 05:08:11', '2025-01-30 05:08:11'),
	(294, 48, 12, 4, 13.00, 52.00, '2025-01-30 05:08:11', '2025-01-30 05:08:11'),
	(295, 48, 8, 7, 53.00, 371.00, '2025-01-30 05:08:11', '2025-01-30 05:08:11'),
	(296, 48, 15, 5, 19.00, 95.00, '2025-01-30 05:08:11', '2025-01-30 05:08:11'),
	(297, 48, 15, 9, 42.00, 378.00, '2025-01-30 05:08:11', '2025-01-30 05:08:11'),
	(298, 48, 20, 5, 23.00, 115.00, '2025-01-30 05:08:11', '2025-01-30 05:08:11'),
	(299, 48, 13, 8, 64.00, 512.00, '2025-01-30 05:08:11', '2025-01-30 05:08:11'),
	(300, 49, 7, 9, 82.00, 738.00, '2025-01-30 05:08:11', '2025-01-30 05:08:11'),
	(301, 49, 4, 8, 73.00, 584.00, '2025-01-30 05:08:11', '2025-01-30 05:08:11'),
	(302, 49, 19, 3, 96.00, 288.00, '2025-01-30 05:08:11', '2025-01-30 05:08:11'),
	(303, 49, 19, 1, 21.00, 21.00, '2025-01-30 05:08:11', '2025-01-30 05:08:11'),
	(304, 49, 14, 8, 50.00, 400.00, '2025-01-30 05:08:11', '2025-01-30 05:08:11'),
	(305, 49, 8, 10, 28.00, 280.00, '2025-01-30 05:08:11', '2025-01-30 05:08:11'),
	(306, 49, 16, 7, 15.00, 105.00, '2025-01-30 05:08:11', '2025-01-30 05:08:11'),
	(307, 49, 15, 6, 31.00, 186.00, '2025-01-30 05:08:11', '2025-01-30 05:08:11'),
	(308, 49, 12, 7, 61.00, 427.00, '2025-01-30 05:08:11', '2025-01-30 05:08:11'),
	(309, 49, 13, 7, 18.00, 126.00, '2025-01-30 05:08:11', '2025-01-30 05:08:11'),
	(310, 49, 5, 4, 15.00, 60.00, '2025-01-30 05:08:11', '2025-01-30 05:08:11'),
	(311, 49, 13, 7, 45.00, 315.00, '2025-01-30 05:08:11', '2025-01-30 05:08:11'),
	(312, 49, 4, 4, 25.00, 100.00, '2025-01-30 05:08:11', '2025-01-30 05:08:11'),
	(313, 49, 14, 6, 93.00, 558.00, '2025-01-30 05:08:11', '2025-01-30 05:08:11'),
	(314, 49, 3, 5, 48.00, 240.00, '2025-01-30 05:08:11', '2025-01-30 05:08:11'),
	(315, 49, 9, 4, 13.00, 52.00, '2025-01-30 05:08:11', '2025-01-30 05:08:11'),
	(316, 49, 19, 7, 15.00, 105.00, '2025-01-30 05:08:11', '2025-01-30 05:08:11'),
	(317, 49, 15, 8, 98.00, 784.00, '2025-01-30 05:08:11', '2025-01-30 05:08:11'),
	(318, 49, 20, 3, 30.00, 90.00, '2025-01-30 05:08:11', '2025-01-30 05:08:11'),
	(319, 50, 12, 3, 33.00, 99.00, '2025-01-30 05:08:11', '2025-01-30 05:08:11'),
	(320, 50, 7, 10, 74.00, 740.00, '2025-01-30 05:08:11', '2025-01-30 05:08:11'),
	(321, 50, 7, 4, 10.00, 40.00, '2025-01-30 05:08:11', '2025-01-30 05:08:11'),
	(322, 50, 9, 3, 98.00, 294.00, '2025-01-30 05:08:11', '2025-01-30 05:08:11'),
	(323, 50, 5, 6, 62.00, 372.00, '2025-01-30 05:08:11', '2025-01-30 05:08:11'),
	(324, 50, 19, 4, 91.00, 364.00, '2025-01-30 05:08:11', '2025-01-30 05:08:11'),
	(325, 50, 2, 7, 89.00, 623.00, '2025-01-30 05:08:11', '2025-01-30 05:08:11'),
	(326, 50, 1, 5, 28.00, 140.00, '2025-01-30 05:08:11', '2025-01-30 05:08:11'),
	(327, 50, 13, 6, 23.00, 138.00, '2025-01-30 05:08:11', '2025-01-30 05:08:11'),
	(328, 50, 12, 10, 80.00, 800.00, '2025-01-30 05:08:11', '2025-01-30 05:08:11'),
	(329, 50, 2, 6, 54.00, 324.00, '2025-01-30 05:08:11', '2025-01-30 05:08:11'),
	(330, 50, 8, 4, 98.00, 392.00, '2025-01-30 05:08:11', '2025-01-30 05:08:11'),
	(331, 50, 10, 7, 50.00, 350.00, '2025-01-30 05:08:11', '2025-01-30 05:08:11'),
	(332, 51, 5, 4, 31.00, 124.00, '2025-01-30 05:08:11', '2025-01-30 05:08:11'),
	(333, 51, 19, 8, 97.00, 776.00, '2025-01-30 05:08:11', '2025-01-30 05:08:11'),
	(334, 51, 17, 9, 33.00, 297.00, '2025-01-30 05:08:11', '2025-01-30 05:08:11'),
	(335, 51, 10, 2, 59.00, 118.00, '2025-01-30 05:08:11', '2025-01-30 05:08:11'),
	(336, 51, 1, 2, 30.00, 60.00, '2025-01-30 05:08:11', '2025-01-30 05:08:11'),
	(337, 51, 4, 5, 51.00, 255.00, '2025-01-30 05:08:11', '2025-01-30 05:08:11'),
	(338, 52, 12, 1, 43.00, 43.00, '2025-01-30 05:08:11', '2025-01-30 05:08:11'),
	(339, 52, 12, 5, 59.00, 295.00, '2025-01-30 05:08:11', '2025-01-30 05:08:11'),
	(340, 52, 5, 1, 13.00, 13.00, '2025-01-30 05:08:11', '2025-01-30 05:08:11'),
	(341, 52, 11, 5, 25.00, 125.00, '2025-01-30 05:08:11', '2025-01-30 05:08:11'),
	(342, 52, 14, 9, 74.00, 666.00, '2025-01-30 05:08:11', '2025-01-30 05:08:11'),
	(343, 52, 20, 7, 87.00, 609.00, '2025-01-30 05:08:11', '2025-01-30 05:08:11'),
	(344, 52, 11, 3, 39.00, 117.00, '2025-01-30 05:08:11', '2025-01-30 05:08:11'),
	(345, 52, 5, 10, 25.00, 250.00, '2025-01-30 05:08:11', '2025-01-30 05:08:11'),
	(346, 52, 8, 8, 24.00, 192.00, '2025-01-30 05:08:11', '2025-01-30 05:08:11'),
	(347, 52, 8, 3, 29.00, 87.00, '2025-01-30 05:08:11', '2025-01-30 05:08:11'),
	(348, 52, 16, 8, 88.00, 704.00, '2025-01-30 05:08:11', '2025-01-30 05:08:11'),
	(349, 52, 15, 10, 88.00, 880.00, '2025-01-30 05:08:11', '2025-01-30 05:08:11'),
	(350, 52, 13, 8, 88.00, 704.00, '2025-01-30 05:08:11', '2025-01-30 05:08:11'),
	(351, 53, 10, 4, 11.00, 44.00, '2025-01-30 05:08:11', '2025-01-30 05:08:11'),
	(352, 53, 5, 10, 77.00, 770.00, '2025-01-30 05:08:11', '2025-01-30 05:08:11'),
	(353, 53, 3, 6, 33.00, 198.00, '2025-01-30 05:08:11', '2025-01-30 05:08:11'),
	(354, 53, 18, 7, 15.00, 105.00, '2025-01-30 05:08:11', '2025-01-30 05:08:11'),
	(355, 53, 17, 2, 67.00, 134.00, '2025-01-30 05:08:11', '2025-01-30 05:08:11'),
	(356, 53, 1, 6, 30.00, 180.00, '2025-01-30 05:08:11', '2025-01-30 05:08:11'),
	(357, 53, 18, 7, 17.00, 119.00, '2025-01-30 05:08:11', '2025-01-30 05:08:11'),
	(358, 53, 9, 3, 11.00, 33.00, '2025-01-30 05:08:11', '2025-01-30 05:08:11'),
	(359, 53, 1, 7, 62.00, 434.00, '2025-01-30 05:08:11', '2025-01-30 05:08:11'),
	(360, 53, 11, 7, 79.00, 553.00, '2025-01-30 05:08:11', '2025-01-30 05:08:11'),
	(361, 53, 13, 9, 34.00, 306.00, '2025-01-30 05:08:11', '2025-01-30 05:08:11'),
	(362, 53, 20, 3, 55.00, 165.00, '2025-01-30 05:08:11', '2025-01-30 05:08:11'),
	(363, 54, 17, 9, 27.00, 243.00, '2025-01-30 05:08:11', '2025-01-30 05:08:11'),
	(364, 54, 19, 9, 10.00, 90.00, '2025-01-30 05:08:11', '2025-01-30 05:08:11'),
	(365, 54, 8, 8, 77.00, 616.00, '2025-01-30 05:08:11', '2025-01-30 05:08:11'),
	(366, 54, 12, 1, 67.00, 67.00, '2025-01-30 05:08:11', '2025-01-30 05:08:11'),
	(367, 55, 20, 5, 78.00, 390.00, '2025-01-30 05:08:11', '2025-01-30 05:08:11'),
	(368, 55, 11, 3, 41.00, 123.00, '2025-01-30 05:08:11', '2025-01-30 05:08:11'),
	(369, 55, 4, 6, 93.00, 558.00, '2025-01-30 05:08:11', '2025-01-30 05:08:11'),
	(370, 55, 17, 10, 32.00, 320.00, '2025-01-30 05:08:11', '2025-01-30 05:08:11'),
	(371, 55, 16, 2, 71.00, 142.00, '2025-01-30 05:08:11', '2025-01-30 05:08:11'),
	(372, 55, 12, 6, 81.00, 486.00, '2025-01-30 05:08:11', '2025-01-30 05:08:11'),
	(373, 55, 5, 6, 10.00, 60.00, '2025-01-30 05:08:11', '2025-01-30 05:08:11'),
	(374, 55, 20, 9, 96.00, 864.00, '2025-01-30 05:08:11', '2025-01-30 05:08:11'),
	(375, 55, 17, 5, 33.00, 165.00, '2025-01-30 05:08:11', '2025-01-30 05:08:11'),
	(376, 55, 8, 3, 11.00, 33.00, '2025-01-30 05:08:11', '2025-01-30 05:08:11'),
	(377, 55, 17, 8, 95.00, 760.00, '2025-01-30 05:08:11', '2025-01-30 05:08:11'),
	(378, 55, 20, 10, 15.00, 150.00, '2025-01-30 05:08:11', '2025-01-30 05:08:11'),
	(379, 55, 6, 10, 17.00, 170.00, '2025-01-30 05:08:11', '2025-01-30 05:08:11'),
	(380, 55, 13, 6, 45.00, 270.00, '2025-01-30 05:08:11', '2025-01-30 05:08:11'),
	(381, 55, 4, 1, 59.00, 59.00, '2025-01-30 05:08:11', '2025-01-30 05:08:11'),
	(382, 56, 5, 10, 98.00, 980.00, '2025-01-30 05:08:11', '2025-01-30 05:08:11'),
	(383, 56, 19, 3, 70.00, 210.00, '2025-01-30 05:08:11', '2025-01-30 05:08:11'),
	(384, 56, 20, 3, 43.00, 129.00, '2025-01-30 05:08:11', '2025-01-30 05:08:11'),
	(385, 57, 5, 4, 64.00, 256.00, '2025-01-30 05:08:11', '2025-01-30 05:08:11'),
	(386, 57, 20, 3, 13.00, 39.00, '2025-01-30 05:08:11', '2025-01-30 05:08:11'),
	(387, 58, 1, 9, 38.00, 342.00, '2025-01-30 05:08:11', '2025-01-30 05:08:11'),
	(388, 58, 3, 7, 95.00, 665.00, '2025-01-30 05:08:11', '2025-01-30 05:08:11'),
	(389, 58, 2, 1, 40.00, 40.00, '2025-01-30 05:08:11', '2025-01-30 05:08:11'),
	(390, 58, 10, 4, 53.00, 212.00, '2025-01-30 05:08:11', '2025-01-30 05:08:11'),
	(391, 58, 7, 7, 93.00, 651.00, '2025-01-30 05:08:11', '2025-01-30 05:08:11'),
	(392, 58, 1, 3, 58.00, 174.00, '2025-01-30 05:08:11', '2025-01-30 05:08:11'),
	(393, 59, 16, 8, 21.00, 168.00, '2025-01-30 05:08:11', '2025-01-30 05:08:11'),
	(394, 59, 6, 8, 61.00, 488.00, '2025-01-30 05:08:11', '2025-01-30 05:08:11'),
	(395, 59, 14, 6, 88.00, 528.00, '2025-01-30 05:08:11', '2025-01-30 05:08:11'),
	(396, 59, 14, 4, 100.00, 400.00, '2025-01-30 05:08:11', '2025-01-30 05:08:11'),
	(397, 59, 12, 1, 87.00, 87.00, '2025-01-30 05:08:11', '2025-01-30 05:08:11'),
	(398, 59, 1, 5, 61.00, 305.00, '2025-01-30 05:08:11', '2025-01-30 05:08:11'),
	(399, 59, 10, 5, 98.00, 490.00, '2025-01-30 05:08:11', '2025-01-30 05:08:11'),
	(400, 59, 7, 6, 38.00, 228.00, '2025-01-30 05:08:11', '2025-01-30 05:08:11'),
	(401, 59, 11, 7, 85.00, 595.00, '2025-01-30 05:08:11', '2025-01-30 05:08:11'),
	(402, 59, 4, 8, 18.00, 144.00, '2025-01-30 05:08:11', '2025-01-30 05:08:11'),
	(403, 60, 11, 9, 44.00, 396.00, '2025-01-30 05:08:11', '2025-01-30 05:08:11'),
	(404, 60, 14, 6, 62.00, 372.00, '2025-01-30 05:08:11', '2025-01-30 05:08:11'),
	(405, 60, 10, 3, 99.00, 297.00, '2025-01-30 05:08:11', '2025-01-30 05:08:11'),
	(406, 60, 13, 9, 38.00, 342.00, '2025-01-30 05:08:11', '2025-01-30 05:08:11'),
	(407, 60, 2, 2, 93.00, 186.00, '2025-01-30 05:08:11', '2025-01-30 05:08:11'),
	(408, 60, 17, 3, 59.00, 177.00, '2025-01-30 05:08:11', '2025-01-30 05:08:11'),
	(409, 60, 15, 4, 50.00, 200.00, '2025-01-30 05:08:11', '2025-01-30 05:08:11'),
	(410, 60, 11, 8, 11.00, 88.00, '2025-01-30 05:08:11', '2025-01-30 05:08:11'),
	(411, 60, 2, 10, 23.00, 230.00, '2025-01-30 05:08:11', '2025-01-30 05:08:11'),
	(412, 60, 17, 4, 29.00, 116.00, '2025-01-30 05:08:11', '2025-01-30 05:08:11'),
	(413, 60, 8, 2, 100.00, 200.00, '2025-01-30 05:08:11', '2025-01-30 05:08:11'),
	(414, 60, 6, 6, 93.00, 558.00, '2025-01-30 05:08:11', '2025-01-30 05:08:11'),
	(415, 61, 20, 3, 44.00, 132.00, '2025-01-30 05:08:11', '2025-01-30 05:08:11'),
	(416, 61, 3, 3, 15.00, 45.00, '2025-01-30 05:08:11', '2025-01-30 05:08:11'),
	(417, 61, 6, 8, 46.00, 368.00, '2025-01-30 05:08:11', '2025-01-30 05:08:11'),
	(418, 61, 16, 8, 77.00, 616.00, '2025-01-30 05:08:11', '2025-01-30 05:08:11'),
	(419, 61, 11, 10, 23.00, 230.00, '2025-01-30 05:08:11', '2025-01-30 05:08:11'),
	(420, 61, 20, 2, 56.00, 112.00, '2025-01-30 05:08:11', '2025-01-30 05:08:11'),
	(421, 61, 7, 7, 19.00, 133.00, '2025-01-30 05:08:11', '2025-01-30 05:08:11'),
	(422, 61, 4, 2, 25.00, 50.00, '2025-01-30 05:08:11', '2025-01-30 05:08:11'),
	(423, 61, 14, 2, 77.00, 154.00, '2025-01-30 05:08:11', '2025-01-30 05:08:11'),
	(424, 61, 7, 6, 98.00, 588.00, '2025-01-30 05:08:11', '2025-01-30 05:08:11'),
	(425, 61, 18, 7, 58.00, 406.00, '2025-01-30 05:08:11', '2025-01-30 05:08:11'),
	(426, 61, 4, 9, 96.00, 864.00, '2025-01-30 05:08:11', '2025-01-30 05:08:11'),
	(427, 61, 15, 7, 16.00, 112.00, '2025-01-30 05:08:11', '2025-01-30 05:08:11'),
	(428, 61, 6, 8, 93.00, 744.00, '2025-01-30 05:08:11', '2025-01-30 05:08:11'),
	(429, 61, 12, 2, 65.00, 130.00, '2025-01-30 05:08:11', '2025-01-30 05:08:11'),
	(430, 62, 3, 8, 96.00, 768.00, '2025-01-30 05:08:11', '2025-01-30 05:08:11'),
	(431, 62, 12, 1, 69.00, 69.00, '2025-01-30 05:08:11', '2025-01-30 05:08:11'),
	(432, 62, 4, 7, 74.00, 518.00, '2025-01-30 05:08:11', '2025-01-30 05:08:11'),
	(433, 62, 14, 7, 57.00, 399.00, '2025-01-30 05:08:11', '2025-01-30 05:08:11'),
	(434, 62, 6, 1, 14.00, 14.00, '2025-01-30 05:08:11', '2025-01-30 05:08:11'),
	(435, 62, 12, 3, 74.00, 222.00, '2025-01-30 05:08:11', '2025-01-30 05:08:11'),
	(436, 62, 12, 6, 85.00, 510.00, '2025-01-30 05:08:11', '2025-01-30 05:08:11'),
	(437, 62, 5, 1, 87.00, 87.00, '2025-01-30 05:08:11', '2025-01-30 05:08:11'),
	(438, 62, 9, 6, 18.00, 108.00, '2025-01-30 05:08:11', '2025-01-30 05:08:11'),
	(439, 62, 1, 4, 76.00, 304.00, '2025-01-30 05:08:11', '2025-01-30 05:08:11'),
	(440, 62, 5, 9, 11.00, 99.00, '2025-01-30 05:08:11', '2025-01-30 05:08:11'),
	(441, 62, 2, 10, 27.00, 270.00, '2025-01-30 05:08:11', '2025-01-30 05:08:11'),
	(442, 62, 17, 5, 22.00, 110.00, '2025-01-30 05:08:11', '2025-01-30 05:08:11'),
	(443, 62, 16, 7, 10.00, 70.00, '2025-01-30 05:08:11', '2025-01-30 05:08:11'),
	(444, 62, 11, 5, 60.00, 300.00, '2025-01-30 05:08:11', '2025-01-30 05:08:11'),
	(445, 62, 15, 9, 48.00, 432.00, '2025-01-30 05:08:11', '2025-01-30 05:08:11'),
	(446, 62, 4, 1, 63.00, 63.00, '2025-01-30 05:08:11', '2025-01-30 05:08:11'),
	(447, 62, 7, 6, 24.00, 144.00, '2025-01-30 05:08:11', '2025-01-30 05:08:11'),
	(448, 62, 6, 9, 37.00, 333.00, '2025-01-30 05:08:11', '2025-01-30 05:08:11'),
	(449, 63, 17, 5, 43.00, 215.00, '2025-01-30 05:08:11', '2025-01-30 05:08:11'),
	(450, 63, 5, 9, 34.00, 306.00, '2025-01-30 05:08:11', '2025-01-30 05:08:11'),
	(451, 63, 10, 10, 69.00, 690.00, '2025-01-30 05:08:11', '2025-01-30 05:08:11'),
	(452, 63, 5, 2, 61.00, 122.00, '2025-01-30 05:08:11', '2025-01-30 05:08:11'),
	(453, 63, 16, 6, 16.00, 96.00, '2025-01-30 05:08:11', '2025-01-30 05:08:11'),
	(454, 63, 10, 7, 74.00, 518.00, '2025-01-30 05:08:11', '2025-01-30 05:08:11'),
	(455, 64, 1, 8, 100.00, 800.00, '2025-01-30 05:08:11', '2025-01-30 05:08:11'),
	(456, 64, 9, 9, 15.00, 135.00, '2025-01-30 05:08:11', '2025-01-30 05:08:11'),
	(457, 64, 14, 7, 57.00, 399.00, '2025-01-30 05:08:11', '2025-01-30 05:08:11'),
	(458, 64, 9, 9, 59.00, 531.00, '2025-01-30 05:08:11', '2025-01-30 05:08:11'),
	(459, 64, 6, 5, 40.00, 200.00, '2025-01-30 05:08:11', '2025-01-30 05:08:11'),
	(460, 64, 8, 2, 71.00, 142.00, '2025-01-30 05:08:11', '2025-01-30 05:08:11'),
	(461, 64, 17, 1, 15.00, 15.00, '2025-01-30 05:08:11', '2025-01-30 05:08:11'),
	(462, 64, 14, 2, 39.00, 78.00, '2025-01-30 05:08:11', '2025-01-30 05:08:11'),
	(463, 65, 9, 8, 31.00, 248.00, '2025-01-30 05:08:11', '2025-01-30 05:08:11'),
	(464, 65, 6, 10, 38.00, 380.00, '2025-01-30 05:08:11', '2025-01-30 05:08:11'),
	(465, 65, 20, 10, 21.00, 210.00, '2025-01-30 05:08:11', '2025-01-30 05:08:11'),
	(466, 65, 15, 5, 71.00, 355.00, '2025-01-30 05:08:11', '2025-01-30 05:08:11'),
	(467, 65, 9, 6, 40.00, 240.00, '2025-01-30 05:08:11', '2025-01-30 05:08:11'),
	(468, 65, 20, 9, 95.00, 855.00, '2025-01-30 05:08:11', '2025-01-30 05:08:11'),
	(469, 65, 11, 7, 19.00, 133.00, '2025-01-30 05:08:11', '2025-01-30 05:08:11'),
	(470, 65, 16, 3, 12.00, 36.00, '2025-01-30 05:08:11', '2025-01-30 05:08:11'),
	(471, 65, 17, 10, 21.00, 210.00, '2025-01-30 05:08:11', '2025-01-30 05:08:11'),
	(472, 65, 7, 3, 32.00, 96.00, '2025-01-30 05:08:11', '2025-01-30 05:08:11'),
	(473, 65, 12, 9, 28.00, 252.00, '2025-01-30 05:08:11', '2025-01-30 05:08:11'),
	(474, 65, 6, 9, 23.00, 207.00, '2025-01-30 05:08:11', '2025-01-30 05:08:11'),
	(475, 66, 12, 10, 72.00, 720.00, '2025-01-30 05:08:11', '2025-01-30 05:08:11'),
	(476, 66, 14, 2, 19.00, 38.00, '2025-01-30 05:08:11', '2025-01-30 05:08:11'),
	(477, 66, 14, 1, 42.00, 42.00, '2025-01-30 05:08:11', '2025-01-30 05:08:11'),
	(478, 66, 6, 9, 63.00, 567.00, '2025-01-30 05:08:11', '2025-01-30 05:08:11'),
	(479, 66, 5, 1, 91.00, 91.00, '2025-01-30 05:08:11', '2025-01-30 05:08:11'),
	(480, 66, 6, 4, 83.00, 332.00, '2025-01-30 05:08:11', '2025-01-30 05:08:11'),
	(481, 66, 14, 5, 77.00, 385.00, '2025-01-30 05:08:11', '2025-01-30 05:08:11'),
	(482, 66, 15, 8, 77.00, 616.00, '2025-01-30 05:08:11', '2025-01-30 05:08:11'),
	(483, 67, 9, 9, 14.00, 126.00, '2025-01-30 05:08:11', '2025-01-30 05:08:11'),
	(484, 67, 5, 3, 75.00, 225.00, '2025-01-30 05:08:11', '2025-01-30 05:08:11'),
	(485, 67, 7, 2, 45.00, 90.00, '2025-01-30 05:08:11', '2025-01-30 05:08:11'),
	(486, 67, 20, 7, 18.00, 126.00, '2025-01-30 05:08:11', '2025-01-30 05:08:11'),
	(487, 67, 20, 3, 38.00, 114.00, '2025-01-30 05:08:11', '2025-01-30 05:08:11'),
	(488, 67, 4, 6, 63.00, 378.00, '2025-01-30 05:08:11', '2025-01-30 05:08:11'),
	(489, 67, 6, 7, 38.00, 266.00, '2025-01-30 05:08:11', '2025-01-30 05:08:11'),
	(490, 67, 8, 3, 78.00, 234.00, '2025-01-30 05:08:11', '2025-01-30 05:08:11'),
	(491, 67, 4, 2, 28.00, 56.00, '2025-01-30 05:08:11', '2025-01-30 05:08:11'),
	(492, 67, 12, 1, 56.00, 56.00, '2025-01-30 05:08:11', '2025-01-30 05:08:11'),
	(493, 68, 15, 1, 11.00, 11.00, '2025-01-30 05:08:11', '2025-01-30 05:08:11'),
	(494, 68, 3, 1, 86.00, 86.00, '2025-01-30 05:08:11', '2025-01-30 05:08:11'),
	(495, 68, 7, 1, 42.00, 42.00, '2025-01-30 05:08:11', '2025-01-30 05:08:11'),
	(496, 68, 3, 2, 96.00, 192.00, '2025-01-30 05:08:11', '2025-01-30 05:08:11'),
	(497, 68, 2, 3, 23.00, 69.00, '2025-01-30 05:08:11', '2025-01-30 05:08:11'),
	(498, 68, 20, 2, 61.00, 122.00, '2025-01-30 05:08:11', '2025-01-30 05:08:11'),
	(499, 69, 4, 5, 65.00, 325.00, '2025-01-30 05:08:11', '2025-01-30 05:08:11'),
	(500, 69, 14, 9, 10.00, 90.00, '2025-01-30 05:08:11', '2025-01-30 05:08:11'),
	(501, 69, 5, 8, 77.00, 616.00, '2025-01-30 05:08:11', '2025-01-30 05:08:11'),
	(502, 69, 19, 4, 95.00, 380.00, '2025-01-30 05:08:11', '2025-01-30 05:08:11'),
	(503, 69, 5, 4, 26.00, 104.00, '2025-01-30 05:08:11', '2025-01-30 05:08:11'),
	(504, 69, 13, 1, 41.00, 41.00, '2025-01-30 05:08:11', '2025-01-30 05:08:11'),
	(505, 69, 3, 7, 73.00, 511.00, '2025-01-30 05:08:11', '2025-01-30 05:08:11'),
	(506, 69, 14, 3, 45.00, 135.00, '2025-01-30 05:08:11', '2025-01-30 05:08:11'),
	(507, 69, 9, 10, 40.00, 400.00, '2025-01-30 05:08:11', '2025-01-30 05:08:11'),
	(508, 69, 13, 10, 30.00, 300.00, '2025-01-30 05:08:11', '2025-01-30 05:08:11'),
	(509, 69, 19, 7, 90.00, 630.00, '2025-01-30 05:08:11', '2025-01-30 05:08:11'),
	(510, 69, 18, 4, 28.00, 112.00, '2025-01-30 05:08:11', '2025-01-30 05:08:11'),
	(511, 69, 20, 4, 22.00, 88.00, '2025-01-30 05:08:11', '2025-01-30 05:08:11'),
	(512, 69, 17, 8, 10.00, 80.00, '2025-01-30 05:08:11', '2025-01-30 05:08:11'),
	(513, 69, 18, 2, 25.00, 50.00, '2025-01-30 05:08:11', '2025-01-30 05:08:11'),
	(514, 69, 19, 6, 98.00, 588.00, '2025-01-30 05:08:11', '2025-01-30 05:08:11'),
	(515, 69, 8, 2, 49.00, 98.00, '2025-01-30 05:08:11', '2025-01-30 05:08:11'),
	(516, 69, 16, 5, 93.00, 465.00, '2025-01-30 05:08:11', '2025-01-30 05:08:11'),
	(517, 70, 16, 3, 97.00, 291.00, '2025-01-30 05:08:11', '2025-01-30 05:08:11'),
	(518, 70, 9, 5, 67.00, 335.00, '2025-01-30 05:08:11', '2025-01-30 05:08:11'),
	(519, 70, 7, 6, 33.00, 198.00, '2025-01-30 05:08:11', '2025-01-30 05:08:11'),
	(520, 70, 1, 4, 39.00, 156.00, '2025-01-30 05:08:11', '2025-01-30 05:08:11'),
	(521, 70, 4, 1, 24.00, 24.00, '2025-01-30 05:08:11', '2025-01-30 05:08:11'),
	(522, 70, 6, 10, 19.00, 190.00, '2025-01-30 05:08:11', '2025-01-30 05:08:11'),
	(523, 70, 17, 9, 65.00, 585.00, '2025-01-30 05:08:11', '2025-01-30 05:08:11'),
	(524, 70, 9, 10, 59.00, 590.00, '2025-01-30 05:08:11', '2025-01-30 05:08:11'),
	(525, 70, 2, 7, 51.00, 357.00, '2025-01-30 05:08:11', '2025-01-30 05:08:11'),
	(526, 71, 15, 7, 36.00, 252.00, '2025-01-30 05:08:11', '2025-01-30 05:08:11'),
	(527, 71, 3, 7, 86.00, 602.00, '2025-01-30 05:08:11', '2025-01-30 05:08:11'),
	(528, 71, 2, 8, 18.00, 144.00, '2025-01-30 05:08:11', '2025-01-30 05:08:11'),
	(529, 71, 4, 6, 19.00, 114.00, '2025-01-30 05:08:11', '2025-01-30 05:08:11'),
	(530, 71, 2, 8, 16.00, 128.00, '2025-01-30 05:08:11', '2025-01-30 05:08:11'),
	(531, 71, 9, 10, 40.00, 400.00, '2025-01-30 05:08:11', '2025-01-30 05:08:11'),
	(532, 71, 11, 3, 42.00, 126.00, '2025-01-30 05:08:11', '2025-01-30 05:08:11'),
	(533, 71, 15, 2, 54.00, 108.00, '2025-01-30 05:08:11', '2025-01-30 05:08:11'),
	(534, 71, 12, 7, 31.00, 217.00, '2025-01-30 05:08:11', '2025-01-30 05:08:11'),
	(535, 71, 11, 5, 83.00, 415.00, '2025-01-30 05:08:11', '2025-01-30 05:08:11'),
	(536, 71, 16, 9, 97.00, 873.00, '2025-01-30 05:08:11', '2025-01-30 05:08:11'),
	(537, 71, 18, 9, 41.00, 369.00, '2025-01-30 05:08:11', '2025-01-30 05:08:11'),
	(538, 71, 6, 9, 97.00, 873.00, '2025-01-30 05:08:11', '2025-01-30 05:08:11'),
	(539, 71, 3, 8, 84.00, 672.00, '2025-01-30 05:08:11', '2025-01-30 05:08:11'),
	(540, 71, 5, 3, 42.00, 126.00, '2025-01-30 05:08:11', '2025-01-30 05:08:11'),
	(541, 71, 10, 3, 61.00, 183.00, '2025-01-30 05:08:11', '2025-01-30 05:08:11'),
	(542, 71, 1, 3, 35.00, 105.00, '2025-01-30 05:08:11', '2025-01-30 05:08:11'),
	(543, 71, 12, 8, 71.00, 568.00, '2025-01-30 05:08:11', '2025-01-30 05:08:11'),
	(544, 71, 13, 2, 21.00, 42.00, '2025-01-30 05:08:11', '2025-01-30 05:08:11'),
	(545, 71, 10, 9, 61.00, 549.00, '2025-01-30 05:08:11', '2025-01-30 05:08:11'),
	(546, 72, 17, 9, 87.00, 783.00, '2025-01-30 05:08:11', '2025-01-30 05:08:11'),
	(547, 72, 7, 9, 79.00, 711.00, '2025-01-30 05:08:11', '2025-01-30 05:08:11'),
	(548, 72, 11, 8, 82.00, 656.00, '2025-01-30 05:08:11', '2025-01-30 05:08:11'),
	(549, 72, 2, 8, 54.00, 432.00, '2025-01-30 05:08:11', '2025-01-30 05:08:11'),
	(550, 72, 4, 1, 31.00, 31.00, '2025-01-30 05:08:11', '2025-01-30 05:08:11'),
	(551, 72, 17, 6, 76.00, 456.00, '2025-01-30 05:08:11', '2025-01-30 05:08:11'),
	(552, 72, 1, 2, 76.00, 152.00, '2025-01-30 05:08:11', '2025-01-30 05:08:11'),
	(553, 72, 16, 5, 100.00, 500.00, '2025-01-30 05:08:11', '2025-01-30 05:08:11'),
	(554, 72, 17, 2, 41.00, 82.00, '2025-01-30 05:08:11', '2025-01-30 05:08:11'),
	(555, 72, 20, 1, 12.00, 12.00, '2025-01-30 05:08:11', '2025-01-30 05:08:11'),
	(556, 72, 10, 10, 88.00, 880.00, '2025-01-30 05:08:11', '2025-01-30 05:08:11'),
	(557, 72, 3, 6, 65.00, 390.00, '2025-01-30 05:08:11', '2025-01-30 05:08:11'),
	(558, 72, 18, 10, 37.00, 370.00, '2025-01-30 05:08:11', '2025-01-30 05:08:11'),
	(559, 72, 12, 1, 20.00, 20.00, '2025-01-30 05:08:11', '2025-01-30 05:08:11'),
	(560, 72, 4, 9, 96.00, 864.00, '2025-01-30 05:08:11', '2025-01-30 05:08:11'),
	(561, 72, 20, 3, 33.00, 99.00, '2025-01-30 05:08:11', '2025-01-30 05:08:11'),
	(562, 72, 2, 8, 54.00, 432.00, '2025-01-30 05:08:11', '2025-01-30 05:08:11'),
	(563, 72, 1, 3, 69.00, 207.00, '2025-01-30 05:08:11', '2025-01-30 05:08:11'),
	(564, 72, 1, 8, 46.00, 368.00, '2025-01-30 05:08:11', '2025-01-30 05:08:11'),
	(565, 73, 13, 5, 24.00, 120.00, '2025-01-30 05:08:11', '2025-01-30 05:08:11'),
	(566, 73, 4, 3, 54.00, 162.00, '2025-01-30 05:08:11', '2025-01-30 05:08:11'),
	(567, 73, 10, 2, 15.00, 30.00, '2025-01-30 05:08:11', '2025-01-30 05:08:11'),
	(568, 73, 13, 5, 87.00, 435.00, '2025-01-30 05:08:11', '2025-01-30 05:08:11'),
	(569, 73, 18, 9, 38.00, 342.00, '2025-01-30 05:08:11', '2025-01-30 05:08:11'),
	(570, 73, 9, 5, 31.00, 155.00, '2025-01-30 05:08:11', '2025-01-30 05:08:11'),
	(571, 73, 15, 6, 25.00, 150.00, '2025-01-30 05:08:11', '2025-01-30 05:08:11'),
	(572, 73, 3, 10, 15.00, 150.00, '2025-01-30 05:08:11', '2025-01-30 05:08:11'),
	(573, 73, 15, 7, 33.00, 231.00, '2025-01-30 05:08:11', '2025-01-30 05:08:11'),
	(574, 73, 14, 4, 70.00, 280.00, '2025-01-30 05:08:11', '2025-01-30 05:08:11'),
	(575, 73, 16, 1, 48.00, 48.00, '2025-01-30 05:08:11', '2025-01-30 05:08:11'),
	(576, 73, 4, 1, 91.00, 91.00, '2025-01-30 05:08:11', '2025-01-30 05:08:11'),
	(577, 74, 6, 6, 35.00, 210.00, '2025-01-30 05:08:11', '2025-01-30 05:08:11'),
	(578, 74, 3, 1, 26.00, 26.00, '2025-01-30 05:08:11', '2025-01-30 05:08:11'),
	(579, 74, 6, 8, 44.00, 352.00, '2025-01-30 05:08:11', '2025-01-30 05:08:11'),
	(580, 74, 16, 3, 80.00, 240.00, '2025-01-30 05:08:11', '2025-01-30 05:08:11'),
	(581, 74, 7, 6, 93.00, 558.00, '2025-01-30 05:08:11', '2025-01-30 05:08:11'),
	(582, 74, 11, 7, 33.00, 231.00, '2025-01-30 05:08:11', '2025-01-30 05:08:11'),
	(583, 74, 2, 6, 85.00, 510.00, '2025-01-30 05:08:11', '2025-01-30 05:08:11'),
	(584, 75, 6, 1, 42.00, 42.00, '2025-01-30 05:08:11', '2025-01-30 05:08:11'),
	(585, 75, 16, 2, 48.00, 96.00, '2025-01-30 05:08:11', '2025-01-30 05:08:11'),
	(586, 76, 6, 10, 21.00, 210.00, '2025-01-30 05:08:11', '2025-01-30 05:08:11'),
	(587, 76, 17, 5, 14.00, 70.00, '2025-01-30 05:08:11', '2025-01-30 05:08:11'),
	(588, 76, 16, 4, 76.00, 304.00, '2025-01-30 05:08:11', '2025-01-30 05:08:11'),
	(589, 76, 20, 1, 32.00, 32.00, '2025-01-30 05:08:11', '2025-01-30 05:08:11'),
	(590, 76, 6, 4, 73.00, 292.00, '2025-01-30 05:08:11', '2025-01-30 05:08:11'),
	(591, 76, 4, 7, 71.00, 497.00, '2025-01-30 05:08:11', '2025-01-30 05:08:11'),
	(592, 76, 10, 9, 78.00, 702.00, '2025-01-30 05:08:11', '2025-01-30 05:08:11'),
	(593, 76, 7, 10, 10.00, 100.00, '2025-01-30 05:08:11', '2025-01-30 05:08:11'),
	(594, 76, 19, 2, 70.00, 140.00, '2025-01-30 05:08:11', '2025-01-30 05:08:11'),
	(595, 77, 20, 9, 58.00, 522.00, '2025-01-30 05:08:11', '2025-01-30 05:08:11'),
	(596, 77, 4, 9, 65.00, 585.00, '2025-01-30 05:08:11', '2025-01-30 05:08:11'),
	(597, 77, 11, 5, 92.00, 460.00, '2025-01-30 05:08:11', '2025-01-30 05:08:11'),
	(598, 77, 14, 9, 23.00, 207.00, '2025-01-30 05:08:11', '2025-01-30 05:08:11'),
	(599, 77, 16, 9, 22.00, 198.00, '2025-01-30 05:08:11', '2025-01-30 05:08:11'),
	(600, 77, 7, 10, 76.00, 760.00, '2025-01-30 05:08:11', '2025-01-30 05:08:11'),
	(601, 77, 10, 3, 20.00, 60.00, '2025-01-30 05:08:11', '2025-01-30 05:08:11'),
	(602, 77, 20, 7, 88.00, 616.00, '2025-01-30 05:08:11', '2025-01-30 05:08:11'),
	(603, 77, 3, 2, 92.00, 184.00, '2025-01-30 05:08:11', '2025-01-30 05:08:11'),
	(604, 77, 13, 4, 30.00, 120.00, '2025-01-30 05:08:11', '2025-01-30 05:08:11'),
	(605, 77, 8, 9, 95.00, 855.00, '2025-01-30 05:08:11', '2025-01-30 05:08:11'),
	(606, 77, 3, 2, 13.00, 26.00, '2025-01-30 05:08:11', '2025-01-30 05:08:11'),
	(607, 77, 4, 1, 87.00, 87.00, '2025-01-30 05:08:11', '2025-01-30 05:08:11'),
	(608, 78, 13, 7, 89.00, 623.00, '2025-01-30 05:08:11', '2025-01-30 05:08:11'),
	(609, 78, 12, 4, 98.00, 392.00, '2025-01-30 05:08:11', '2025-01-30 05:08:11'),
	(610, 78, 10, 6, 44.00, 264.00, '2025-01-30 05:08:11', '2025-01-30 05:08:11'),
	(611, 79, 6, 4, 89.00, 356.00, '2025-01-30 05:08:11', '2025-01-30 05:08:11'),
	(612, 79, 3, 6, 54.00, 324.00, '2025-01-30 05:08:11', '2025-01-30 05:08:11'),
	(613, 79, 4, 3, 81.00, 243.00, '2025-01-30 05:08:11', '2025-01-30 05:08:11'),
	(614, 79, 18, 8, 69.00, 552.00, '2025-01-30 05:08:11', '2025-01-30 05:08:11'),
	(615, 79, 6, 8, 58.00, 464.00, '2025-01-30 05:08:11', '2025-01-30 05:08:11'),
	(616, 79, 4, 8, 67.00, 536.00, '2025-01-30 05:08:11', '2025-01-30 05:08:11'),
	(617, 79, 8, 8, 31.00, 248.00, '2025-01-30 05:08:11', '2025-01-30 05:08:11'),
	(618, 79, 19, 3, 92.00, 276.00, '2025-01-30 05:08:11', '2025-01-30 05:08:11'),
	(619, 79, 12, 8, 28.00, 224.00, '2025-01-30 05:08:11', '2025-01-30 05:08:11'),
	(620, 79, 4, 4, 89.00, 356.00, '2025-01-30 05:08:11', '2025-01-30 05:08:11'),
	(621, 79, 9, 5, 65.00, 325.00, '2025-01-30 05:08:11', '2025-01-30 05:08:11'),
	(622, 79, 4, 3, 95.00, 285.00, '2025-01-30 05:08:11', '2025-01-30 05:08:11'),
	(623, 79, 13, 10, 29.00, 290.00, '2025-01-30 05:08:11', '2025-01-30 05:08:11'),
	(624, 79, 9, 8, 99.00, 792.00, '2025-01-30 05:08:11', '2025-01-30 05:08:11'),
	(625, 79, 12, 6, 100.00, 600.00, '2025-01-30 05:08:11', '2025-01-30 05:08:11'),
	(626, 79, 5, 3, 95.00, 285.00, '2025-01-30 05:08:11', '2025-01-30 05:08:11'),
	(627, 79, 10, 8, 84.00, 672.00, '2025-01-30 05:08:11', '2025-01-30 05:08:11'),
	(628, 79, 17, 6, 23.00, 138.00, '2025-01-30 05:08:11', '2025-01-30 05:08:11'),
	(629, 80, 2, 7, 25.00, 175.00, '2025-01-30 05:08:11', '2025-01-30 05:08:11'),
	(630, 80, 13, 7, 63.00, 441.00, '2025-01-30 05:08:11', '2025-01-30 05:08:11'),
	(631, 80, 14, 3, 62.00, 186.00, '2025-01-30 05:08:11', '2025-01-30 05:08:11'),
	(632, 80, 5, 4, 40.00, 160.00, '2025-01-30 05:08:11', '2025-01-30 05:08:11'),
	(633, 80, 17, 9, 88.00, 792.00, '2025-01-30 05:08:11', '2025-01-30 05:08:11'),
	(634, 80, 14, 7, 30.00, 210.00, '2025-01-30 05:08:11', '2025-01-30 05:08:11'),
	(635, 80, 2, 6, 33.00, 198.00, '2025-01-30 05:08:11', '2025-01-30 05:08:11'),
	(636, 80, 12, 4, 43.00, 172.00, '2025-01-30 05:08:11', '2025-01-30 05:08:11'),
	(637, 80, 4, 9, 77.00, 693.00, '2025-01-30 05:08:11', '2025-01-30 05:08:11'),
	(638, 80, 8, 10, 87.00, 870.00, '2025-01-30 05:08:11', '2025-01-30 05:08:11'),
	(639, 80, 3, 10, 47.00, 470.00, '2025-01-30 05:08:11', '2025-01-30 05:08:11'),
	(640, 80, 8, 3, 60.00, 180.00, '2025-01-30 05:08:11', '2025-01-30 05:08:11'),
	(641, 81, 4, 4, 63.00, 252.00, '2025-01-30 05:08:11', '2025-01-30 05:08:11'),
	(642, 81, 17, 5, 100.00, 500.00, '2025-01-30 05:08:11', '2025-01-30 05:08:11'),
	(643, 81, 14, 4, 97.00, 388.00, '2025-01-30 05:08:11', '2025-01-30 05:08:11'),
	(644, 81, 12, 5, 80.00, 400.00, '2025-01-30 05:08:11', '2025-01-30 05:08:11'),
	(645, 81, 5, 6, 58.00, 348.00, '2025-01-30 05:08:11', '2025-01-30 05:08:11'),
	(646, 81, 20, 10, 36.00, 360.00, '2025-01-30 05:08:11', '2025-01-30 05:08:11'),
	(647, 81, 17, 8, 32.00, 256.00, '2025-01-30 05:08:11', '2025-01-30 05:08:11'),
	(648, 81, 15, 5, 57.00, 285.00, '2025-01-30 05:08:11', '2025-01-30 05:08:11'),
	(649, 81, 16, 7, 56.00, 392.00, '2025-01-30 05:08:11', '2025-01-30 05:08:11'),
	(650, 81, 20, 6, 17.00, 102.00, '2025-01-30 05:08:11', '2025-01-30 05:08:11'),
	(651, 81, 9, 2, 24.00, 48.00, '2025-01-30 05:08:11', '2025-01-30 05:08:11'),
	(652, 81, 14, 2, 18.00, 36.00, '2025-01-30 05:08:11', '2025-01-30 05:08:11'),
	(653, 82, 1, 3, 58.00, 174.00, '2025-01-30 05:08:11', '2025-01-30 05:08:11'),
	(654, 82, 14, 9, 33.00, 297.00, '2025-01-30 05:08:11', '2025-01-30 05:08:11'),
	(655, 82, 4, 3, 81.00, 243.00, '2025-01-30 05:08:11', '2025-01-30 05:08:11'),
	(656, 82, 13, 6, 100.00, 600.00, '2025-01-30 05:08:11', '2025-01-30 05:08:11'),
	(657, 83, 13, 1, 40.00, 40.00, '2025-01-30 05:08:11', '2025-01-30 05:08:11'),
	(658, 83, 4, 8, 68.00, 544.00, '2025-01-30 05:08:11', '2025-01-30 05:08:11'),
	(659, 83, 10, 7, 62.00, 434.00, '2025-01-30 05:08:11', '2025-01-30 05:08:11'),
	(660, 83, 5, 6, 89.00, 534.00, '2025-01-30 05:08:11', '2025-01-30 05:08:11'),
	(661, 83, 11, 6, 90.00, 540.00, '2025-01-30 05:08:11', '2025-01-30 05:08:11'),
	(662, 83, 10, 7, 46.00, 322.00, '2025-01-30 05:08:11', '2025-01-30 05:08:11'),
	(663, 83, 7, 3, 46.00, 138.00, '2025-01-30 05:08:11', '2025-01-30 05:08:11'),
	(664, 83, 10, 6, 89.00, 534.00, '2025-01-30 05:08:11', '2025-01-30 05:08:11'),
	(665, 83, 5, 7, 75.00, 525.00, '2025-01-30 05:08:11', '2025-01-30 05:08:11'),
	(666, 83, 15, 1, 62.00, 62.00, '2025-01-30 05:08:11', '2025-01-30 05:08:11'),
	(667, 84, 11, 4, 24.00, 96.00, '2025-01-30 05:08:11', '2025-01-30 05:08:11'),
	(668, 84, 20, 8, 91.00, 728.00, '2025-01-30 05:08:11', '2025-01-30 05:08:11'),
	(669, 84, 15, 6, 43.00, 258.00, '2025-01-30 05:08:11', '2025-01-30 05:08:11'),
	(670, 84, 14, 6, 55.00, 330.00, '2025-01-30 05:08:11', '2025-01-30 05:08:11'),
	(671, 84, 1, 8, 100.00, 800.00, '2025-01-30 05:08:11', '2025-01-30 05:08:11'),
	(672, 84, 2, 3, 37.00, 111.00, '2025-01-30 05:08:11', '2025-01-30 05:08:11'),
	(673, 84, 2, 5, 57.00, 285.00, '2025-01-30 05:08:11', '2025-01-30 05:08:11'),
	(674, 84, 15, 8, 67.00, 536.00, '2025-01-30 05:08:11', '2025-01-30 05:08:11'),
	(675, 85, 5, 5, 47.00, 235.00, '2025-01-30 05:08:11', '2025-01-30 05:08:11'),
	(676, 85, 1, 10, 84.00, 840.00, '2025-01-30 05:08:11', '2025-01-30 05:08:11'),
	(677, 85, 11, 8, 16.00, 128.00, '2025-01-30 05:08:11', '2025-01-30 05:08:11'),
	(678, 85, 17, 9, 97.00, 873.00, '2025-01-30 05:08:11', '2025-01-30 05:08:11'),
	(679, 85, 7, 10, 41.00, 410.00, '2025-01-30 05:08:11', '2025-01-30 05:08:11'),
	(680, 85, 10, 5, 91.00, 455.00, '2025-01-30 05:08:11', '2025-01-30 05:08:11'),
	(681, 85, 19, 3, 46.00, 138.00, '2025-01-30 05:08:11', '2025-01-30 05:08:11'),
	(682, 85, 2, 6, 82.00, 492.00, '2025-01-30 05:08:11', '2025-01-30 05:08:11'),
	(683, 85, 1, 7, 98.00, 686.00, '2025-01-30 05:08:11', '2025-01-30 05:08:11'),
	(684, 85, 1, 1, 47.00, 47.00, '2025-01-30 05:08:11', '2025-01-30 05:08:11'),
	(685, 85, 5, 8, 66.00, 528.00, '2025-01-30 05:08:11', '2025-01-30 05:08:11'),
	(686, 85, 14, 8, 16.00, 128.00, '2025-01-30 05:08:11', '2025-01-30 05:08:11'),
	(687, 85, 10, 3, 92.00, 276.00, '2025-01-30 05:08:11', '2025-01-30 05:08:11'),
	(688, 85, 17, 9, 71.00, 639.00, '2025-01-30 05:08:11', '2025-01-30 05:08:11'),
	(689, 85, 17, 10, 21.00, 210.00, '2025-01-30 05:08:11', '2025-01-30 05:08:11'),
	(690, 85, 18, 9, 20.00, 180.00, '2025-01-30 05:08:11', '2025-01-30 05:08:11'),
	(691, 86, 10, 5, 90.00, 450.00, '2025-01-30 05:08:11', '2025-01-30 05:08:11'),
	(692, 87, 12, 2, 42.00, 84.00, '2025-01-30 05:08:11', '2025-01-30 05:08:11'),
	(693, 87, 4, 1, 96.00, 96.00, '2025-01-30 05:08:11', '2025-01-30 05:08:11'),
	(694, 87, 9, 1, 27.00, 27.00, '2025-01-30 05:08:11', '2025-01-30 05:08:11'),
	(695, 87, 12, 7, 12.00, 84.00, '2025-01-30 05:08:11', '2025-01-30 05:08:11'),
	(696, 87, 17, 2, 95.00, 190.00, '2025-01-30 05:08:11', '2025-01-30 05:08:11'),
	(697, 87, 20, 6, 54.00, 324.00, '2025-01-30 05:08:11', '2025-01-30 05:08:11'),
	(698, 87, 13, 1, 83.00, 83.00, '2025-01-30 05:08:11', '2025-01-30 05:08:11'),
	(699, 87, 15, 8, 82.00, 656.00, '2025-01-30 05:08:11', '2025-01-30 05:08:11'),
	(700, 87, 13, 8, 12.00, 96.00, '2025-01-30 05:08:11', '2025-01-30 05:08:11'),
	(701, 87, 10, 2, 85.00, 170.00, '2025-01-30 05:08:11', '2025-01-30 05:08:11'),
	(702, 88, 4, 4, 47.00, 188.00, '2025-01-30 05:08:11', '2025-01-30 05:08:11'),
	(703, 88, 10, 5, 58.00, 290.00, '2025-01-30 05:08:11', '2025-01-30 05:08:11'),
	(704, 88, 20, 3, 72.00, 216.00, '2025-01-30 05:08:11', '2025-01-30 05:08:11'),
	(705, 88, 19, 8, 72.00, 576.00, '2025-01-30 05:08:11', '2025-01-30 05:08:11'),
	(706, 88, 16, 2, 68.00, 136.00, '2025-01-30 05:08:11', '2025-01-30 05:08:11'),
	(707, 88, 3, 4, 46.00, 184.00, '2025-01-30 05:08:11', '2025-01-30 05:08:11'),
	(708, 88, 4, 3, 25.00, 75.00, '2025-01-30 05:08:11', '2025-01-30 05:08:11'),
	(709, 88, 12, 1, 100.00, 100.00, '2025-01-30 05:08:11', '2025-01-30 05:08:11'),
	(710, 88, 18, 1, 66.00, 66.00, '2025-01-30 05:08:11', '2025-01-30 05:08:11'),
	(711, 88, 2, 6, 93.00, 558.00, '2025-01-30 05:08:11', '2025-01-30 05:08:11'),
	(712, 88, 5, 2, 40.00, 80.00, '2025-01-30 05:08:11', '2025-01-30 05:08:11'),
	(713, 88, 1, 7, 98.00, 686.00, '2025-01-30 05:08:11', '2025-01-30 05:08:11'),
	(714, 88, 9, 8, 88.00, 704.00, '2025-01-30 05:08:11', '2025-01-30 05:08:11'),
	(715, 88, 15, 8, 65.00, 520.00, '2025-01-30 05:08:11', '2025-01-30 05:08:11'),
	(716, 88, 11, 7, 58.00, 406.00, '2025-01-30 05:08:11', '2025-01-30 05:08:11'),
	(717, 88, 6, 5, 40.00, 200.00, '2025-01-30 05:08:11', '2025-01-30 05:08:11'),
	(718, 88, 12, 3, 29.00, 87.00, '2025-01-30 05:08:11', '2025-01-30 05:08:11'),
	(719, 88, 20, 2, 67.00, 134.00, '2025-01-30 05:08:11', '2025-01-30 05:08:11'),
	(720, 88, 12, 6, 71.00, 426.00, '2025-01-30 05:08:11', '2025-01-30 05:08:11'),
	(721, 89, 12, 1, 37.00, 37.00, '2025-01-30 05:08:11', '2025-01-30 05:08:11'),
	(722, 89, 12, 2, 28.00, 56.00, '2025-01-30 05:08:11', '2025-01-30 05:08:11'),
	(723, 89, 11, 10, 95.00, 950.00, '2025-01-30 05:08:11', '2025-01-30 05:08:11'),
	(724, 89, 11, 4, 64.00, 256.00, '2025-01-30 05:08:11', '2025-01-30 05:08:11'),
	(725, 89, 19, 1, 74.00, 74.00, '2025-01-30 05:08:11', '2025-01-30 05:08:11'),
	(726, 89, 16, 2, 52.00, 104.00, '2025-01-30 05:08:11', '2025-01-30 05:08:11'),
	(727, 89, 8, 7, 73.00, 511.00, '2025-01-30 05:08:11', '2025-01-30 05:08:11'),
	(728, 89, 20, 2, 33.00, 66.00, '2025-01-30 05:08:11', '2025-01-30 05:08:11'),
	(729, 89, 9, 4, 13.00, 52.00, '2025-01-30 05:08:11', '2025-01-30 05:08:11'),
	(730, 89, 14, 6, 76.00, 456.00, '2025-01-30 05:08:11', '2025-01-30 05:08:11'),
	(731, 90, 4, 1, 81.00, 81.00, '2025-01-30 05:08:11', '2025-01-30 05:08:11'),
	(732, 91, 18, 4, 50.00, 200.00, '2025-01-30 05:08:11', '2025-01-30 05:08:11'),
	(733, 91, 14, 8, 30.00, 240.00, '2025-01-30 05:08:11', '2025-01-30 05:08:11'),
	(734, 91, 16, 3, 62.00, 186.00, '2025-01-30 05:08:11', '2025-01-30 05:08:11'),
	(735, 91, 20, 7, 83.00, 581.00, '2025-01-30 05:08:11', '2025-01-30 05:08:11'),
	(736, 91, 10, 4, 95.00, 380.00, '2025-01-30 05:08:11', '2025-01-30 05:08:11'),
	(737, 91, 6, 4, 24.00, 96.00, '2025-01-30 05:08:11', '2025-01-30 05:08:11'),
	(738, 91, 9, 10, 57.00, 570.00, '2025-01-30 05:08:11', '2025-01-30 05:08:11'),
	(739, 91, 6, 9, 49.00, 441.00, '2025-01-30 05:08:11', '2025-01-30 05:08:11'),
	(740, 91, 14, 6, 73.00, 438.00, '2025-01-30 05:08:11', '2025-01-30 05:08:11'),
	(741, 91, 6, 3, 76.00, 228.00, '2025-01-30 05:08:11', '2025-01-30 05:08:11'),
	(742, 91, 3, 8, 84.00, 672.00, '2025-01-30 05:08:11', '2025-01-30 05:08:11'),
	(743, 91, 6, 9, 17.00, 153.00, '2025-01-30 05:08:11', '2025-01-30 05:08:11'),
	(744, 92, 14, 8, 17.00, 136.00, '2025-01-30 05:08:11', '2025-01-30 05:08:11'),
	(745, 92, 20, 6, 50.00, 300.00, '2025-01-30 05:08:11', '2025-01-30 05:08:11'),
	(746, 92, 8, 10, 16.00, 160.00, '2025-01-30 05:08:11', '2025-01-30 05:08:11'),
	(747, 92, 16, 2, 54.00, 108.00, '2025-01-30 05:08:11', '2025-01-30 05:08:11'),
	(748, 92, 14, 2, 66.00, 132.00, '2025-01-30 05:08:11', '2025-01-30 05:08:11'),
	(749, 92, 6, 4, 57.00, 228.00, '2025-01-30 05:08:11', '2025-01-30 05:08:11'),
	(750, 92, 5, 4, 100.00, 400.00, '2025-01-30 05:08:11', '2025-01-30 05:08:11'),
	(751, 92, 6, 7, 15.00, 105.00, '2025-01-30 05:08:11', '2025-01-30 05:08:11'),
	(752, 92, 2, 9, 10.00, 90.00, '2025-01-30 05:08:11', '2025-01-30 05:08:11'),
	(753, 93, 16, 6, 72.00, 432.00, '2025-01-30 05:08:11', '2025-01-30 05:08:11'),
	(754, 93, 20, 2, 86.00, 172.00, '2025-01-30 05:08:11', '2025-01-30 05:08:11'),
	(755, 93, 3, 5, 36.00, 180.00, '2025-01-30 05:08:11', '2025-01-30 05:08:11'),
	(756, 93, 17, 8, 33.00, 264.00, '2025-01-30 05:08:11', '2025-01-30 05:08:11'),
	(757, 93, 13, 3, 34.00, 102.00, '2025-01-30 05:08:11', '2025-01-30 05:08:11'),
	(758, 93, 3, 4, 67.00, 268.00, '2025-01-30 05:08:11', '2025-01-30 05:08:11'),
	(759, 93, 13, 9, 44.00, 396.00, '2025-01-30 05:08:11', '2025-01-30 05:08:11'),
	(760, 93, 6, 5, 54.00, 270.00, '2025-01-30 05:08:11', '2025-01-30 05:08:11'),
	(761, 93, 10, 1, 59.00, 59.00, '2025-01-30 05:08:11', '2025-01-30 05:08:11'),
	(762, 93, 2, 5, 84.00, 420.00, '2025-01-30 05:08:11', '2025-01-30 05:08:11'),
	(763, 93, 5, 8, 60.00, 480.00, '2025-01-30 05:08:11', '2025-01-30 05:08:11'),
	(764, 93, 6, 6, 95.00, 570.00, '2025-01-30 05:08:11', '2025-01-30 05:08:11'),
	(765, 93, 17, 7, 26.00, 182.00, '2025-01-30 05:08:11', '2025-01-30 05:08:11'),
	(766, 93, 1, 8, 78.00, 624.00, '2025-01-30 05:08:11', '2025-01-30 05:08:11'),
	(767, 93, 16, 8, 30.00, 240.00, '2025-01-30 05:08:11', '2025-01-30 05:08:11'),
	(768, 93, 6, 9, 30.00, 270.00, '2025-01-30 05:08:11', '2025-01-30 05:08:11'),
	(769, 93, 18, 6, 75.00, 450.00, '2025-01-30 05:08:11', '2025-01-30 05:08:11'),
	(770, 93, 7, 6, 31.00, 186.00, '2025-01-30 05:08:11', '2025-01-30 05:08:11'),
	(771, 93, 4, 9, 32.00, 288.00, '2025-01-30 05:08:11', '2025-01-30 05:08:11'),
	(772, 93, 19, 10, 81.00, 810.00, '2025-01-30 05:08:11', '2025-01-30 05:08:11'),
	(773, 94, 17, 10, 63.00, 630.00, '2025-01-30 05:08:11', '2025-01-30 05:08:11'),
	(774, 94, 5, 10, 18.00, 180.00, '2025-01-30 05:08:11', '2025-01-30 05:08:11'),
	(775, 94, 2, 10, 13.00, 130.00, '2025-01-30 05:08:11', '2025-01-30 05:08:11'),
	(776, 95, 10, 3, 96.00, 288.00, '2025-01-30 05:08:11', '2025-01-30 05:08:11'),
	(777, 95, 5, 10, 33.00, 330.00, '2025-01-30 05:08:11', '2025-01-30 05:08:11'),
	(778, 95, 5, 2, 93.00, 186.00, '2025-01-30 05:08:11', '2025-01-30 05:08:11'),
	(779, 95, 15, 4, 36.00, 144.00, '2025-01-30 05:08:11', '2025-01-30 05:08:11'),
	(780, 95, 13, 1, 52.00, 52.00, '2025-01-30 05:08:11', '2025-01-30 05:08:11'),
	(781, 95, 16, 7, 86.00, 602.00, '2025-01-30 05:08:11', '2025-01-30 05:08:11'),
	(782, 95, 20, 10, 53.00, 530.00, '2025-01-30 05:08:11', '2025-01-30 05:08:11'),
	(783, 95, 4, 10, 37.00, 370.00, '2025-01-30 05:08:11', '2025-01-30 05:08:11'),
	(784, 95, 20, 8, 92.00, 736.00, '2025-01-30 05:08:11', '2025-01-30 05:08:11'),
	(785, 95, 20, 10, 60.00, 600.00, '2025-01-30 05:08:11', '2025-01-30 05:08:11'),
	(786, 95, 20, 1, 89.00, 89.00, '2025-01-30 05:08:11', '2025-01-30 05:08:11'),
	(787, 95, 9, 1, 30.00, 30.00, '2025-01-30 05:08:12', '2025-01-30 05:08:12'),
	(788, 95, 15, 10, 84.00, 840.00, '2025-01-30 05:08:12', '2025-01-30 05:08:12'),
	(789, 95, 6, 10, 31.00, 310.00, '2025-01-30 05:08:12', '2025-01-30 05:08:12'),
	(790, 95, 13, 9, 87.00, 783.00, '2025-01-30 05:08:12', '2025-01-30 05:08:12'),
	(791, 95, 2, 8, 75.00, 600.00, '2025-01-30 05:08:12', '2025-01-30 05:08:12'),
	(792, 95, 14, 6, 49.00, 294.00, '2025-01-30 05:08:12', '2025-01-30 05:08:12'),
	(793, 96, 9, 1, 20.00, 20.00, '2025-01-30 05:08:12', '2025-01-30 05:08:12'),
	(794, 96, 2, 9, 38.00, 342.00, '2025-01-30 05:08:12', '2025-01-30 05:08:12'),
	(795, 96, 16, 4, 53.00, 212.00, '2025-01-30 05:08:12', '2025-01-30 05:08:12'),
	(796, 96, 16, 2, 14.00, 28.00, '2025-01-30 05:08:12', '2025-01-30 05:08:12'),
	(797, 96, 1, 2, 47.00, 94.00, '2025-01-30 05:08:12', '2025-01-30 05:08:12'),
	(798, 96, 4, 10, 44.00, 440.00, '2025-01-30 05:08:12', '2025-01-30 05:08:12'),
	(799, 96, 8, 2, 44.00, 88.00, '2025-01-30 05:08:12', '2025-01-30 05:08:12'),
	(800, 96, 9, 6, 30.00, 180.00, '2025-01-30 05:08:12', '2025-01-30 05:08:12'),
	(801, 96, 1, 5, 63.00, 315.00, '2025-01-30 05:08:12', '2025-01-30 05:08:12'),
	(802, 96, 11, 1, 76.00, 76.00, '2025-01-30 05:08:12', '2025-01-30 05:08:12'),
	(803, 96, 13, 1, 40.00, 40.00, '2025-01-30 05:08:12', '2025-01-30 05:08:12'),
	(804, 96, 18, 5, 54.00, 270.00, '2025-01-30 05:08:12', '2025-01-30 05:08:12'),
	(805, 96, 5, 3, 95.00, 285.00, '2025-01-30 05:08:12', '2025-01-30 05:08:12'),
	(806, 96, 14, 6, 23.00, 138.00, '2025-01-30 05:08:12', '2025-01-30 05:08:12'),
	(807, 96, 1, 4, 10.00, 40.00, '2025-01-30 05:08:12', '2025-01-30 05:08:12'),
	(808, 96, 1, 3, 54.00, 162.00, '2025-01-30 05:08:12', '2025-01-30 05:08:12'),
	(809, 96, 14, 6, 65.00, 390.00, '2025-01-30 05:08:12', '2025-01-30 05:08:12'),
	(810, 96, 13, 2, 79.00, 158.00, '2025-01-30 05:08:12', '2025-01-30 05:08:12'),
	(811, 96, 1, 10, 10.00, 100.00, '2025-01-30 05:08:12', '2025-01-30 05:08:12'),
	(812, 97, 5, 4, 18.00, 72.00, '2025-01-30 05:08:12', '2025-01-30 05:08:12'),
	(813, 97, 19, 9, 90.00, 810.00, '2025-01-30 05:08:12', '2025-01-30 05:08:12'),
	(814, 97, 20, 5, 22.00, 110.00, '2025-01-30 05:08:12', '2025-01-30 05:08:12'),
	(815, 97, 3, 5, 36.00, 180.00, '2025-01-30 05:08:12', '2025-01-30 05:08:12'),
	(816, 97, 3, 7, 91.00, 637.00, '2025-01-30 05:08:12', '2025-01-30 05:08:12'),
	(817, 97, 15, 3, 55.00, 165.00, '2025-01-30 05:08:12', '2025-01-30 05:08:12'),
	(818, 97, 13, 10, 69.00, 690.00, '2025-01-30 05:08:12', '2025-01-30 05:08:12'),
	(819, 97, 7, 5, 14.00, 70.00, '2025-01-30 05:08:12', '2025-01-30 05:08:12'),
	(820, 97, 8, 4, 97.00, 388.00, '2025-01-30 05:08:12', '2025-01-30 05:08:12'),
	(821, 97, 14, 2, 25.00, 50.00, '2025-01-30 05:08:12', '2025-01-30 05:08:12'),
	(822, 97, 17, 2, 59.00, 118.00, '2025-01-30 05:08:12', '2025-01-30 05:08:12'),
	(823, 97, 18, 7, 97.00, 679.00, '2025-01-30 05:08:12', '2025-01-30 05:08:12'),
	(824, 97, 20, 1, 49.00, 49.00, '2025-01-30 05:08:12', '2025-01-30 05:08:12'),
	(825, 97, 14, 2, 14.00, 28.00, '2025-01-30 05:08:12', '2025-01-30 05:08:12'),
	(826, 97, 14, 4, 39.00, 156.00, '2025-01-30 05:08:12', '2025-01-30 05:08:12'),
	(827, 97, 17, 1, 92.00, 92.00, '2025-01-30 05:08:12', '2025-01-30 05:08:12'),
	(828, 97, 18, 8, 52.00, 416.00, '2025-01-30 05:08:12', '2025-01-30 05:08:12'),
	(829, 97, 2, 6, 57.00, 342.00, '2025-01-30 05:08:12', '2025-01-30 05:08:12'),
	(830, 97, 17, 3, 79.00, 237.00, '2025-01-30 05:08:12', '2025-01-30 05:08:12'),
	(831, 98, 9, 6, 85.00, 510.00, '2025-01-30 05:08:12', '2025-01-30 05:08:12'),
	(832, 98, 7, 9, 39.00, 351.00, '2025-01-30 05:08:12', '2025-01-30 05:08:12'),
	(833, 98, 11, 2, 63.00, 126.00, '2025-01-30 05:08:12', '2025-01-30 05:08:12'),
	(834, 98, 14, 1, 61.00, 61.00, '2025-01-30 05:08:12', '2025-01-30 05:08:12'),
	(835, 98, 3, 9, 46.00, 414.00, '2025-01-30 05:08:12', '2025-01-30 05:08:12'),
	(836, 98, 6, 10, 100.00, 1000.00, '2025-01-30 05:08:12', '2025-01-30 05:08:12'),
	(837, 98, 11, 3, 16.00, 48.00, '2025-01-30 05:08:12', '2025-01-30 05:08:12'),
	(838, 98, 8, 5, 67.00, 335.00, '2025-01-30 05:08:12', '2025-01-30 05:08:12'),
	(839, 98, 7, 3, 79.00, 237.00, '2025-01-30 05:08:12', '2025-01-30 05:08:12'),
	(840, 98, 2, 5, 86.00, 430.00, '2025-01-30 05:08:12', '2025-01-30 05:08:12'),
	(841, 98, 2, 1, 17.00, 17.00, '2025-01-30 05:08:12', '2025-01-30 05:08:12'),
	(842, 98, 9, 5, 16.00, 80.00, '2025-01-30 05:08:12', '2025-01-30 05:08:12'),
	(843, 98, 4, 1, 55.00, 55.00, '2025-01-30 05:08:12', '2025-01-30 05:08:12'),
	(844, 99, 12, 5, 93.00, 465.00, '2025-01-30 05:08:12', '2025-01-30 05:08:12'),
	(845, 99, 16, 3, 81.00, 243.00, '2025-01-30 05:08:12', '2025-01-30 05:08:12'),
	(846, 99, 11, 8, 86.00, 688.00, '2025-01-30 05:08:12', '2025-01-30 05:08:12'),
	(847, 99, 7, 4, 48.00, 192.00, '2025-01-30 05:08:12', '2025-01-30 05:08:12'),
	(848, 99, 14, 5, 27.00, 135.00, '2025-01-30 05:08:12', '2025-01-30 05:08:12'),
	(849, 99, 14, 2, 41.00, 82.00, '2025-01-30 05:08:12', '2025-01-30 05:08:12'),
	(850, 99, 8, 1, 39.00, 39.00, '2025-01-30 05:08:12', '2025-01-30 05:08:12'),
	(851, 100, 4, 8, 47.00, 376.00, '2025-01-30 05:08:12', '2025-01-30 05:08:12'),
	(852, 100, 5, 8, 91.00, 728.00, '2025-01-30 05:08:12', '2025-01-30 05:08:12'),
	(853, 100, 4, 10, 72.00, 720.00, '2025-01-30 05:08:12', '2025-01-30 05:08:12'),
	(854, 100, 6, 8, 49.00, 392.00, '2025-01-30 05:08:12', '2025-01-30 05:08:12'),
	(855, 101, 19, 4, 82.00, 328.00, '2025-01-30 05:08:12', '2025-01-30 05:08:12'),
	(856, 101, 14, 8, 54.00, 432.00, '2025-01-30 05:08:12', '2025-01-30 05:08:12'),
	(857, 101, 13, 7, 21.00, 147.00, '2025-01-30 05:08:12', '2025-01-30 05:08:12'),
	(858, 101, 7, 2, 56.00, 112.00, '2025-01-30 05:08:12', '2025-01-30 05:08:12'),
	(859, 101, 15, 5, 17.00, 85.00, '2025-01-30 05:08:12', '2025-01-30 05:08:12'),
	(860, 101, 11, 9, 94.00, 846.00, '2025-01-30 05:08:12', '2025-01-30 05:08:12'),
	(861, 101, 2, 1, 30.00, 30.00, '2025-01-30 05:08:12', '2025-01-30 05:08:12'),
	(862, 101, 5, 10, 42.00, 420.00, '2025-01-30 05:08:12', '2025-01-30 05:08:12'),
	(863, 101, 1, 4, 20.00, 80.00, '2025-01-30 05:08:12', '2025-01-30 05:08:12'),
	(864, 101, 5, 6, 21.00, 126.00, '2025-01-30 05:08:12', '2025-01-30 05:08:12'),
	(865, 101, 15, 5, 11.00, 55.00, '2025-01-30 05:08:12', '2025-01-30 05:08:12'),
	(866, 101, 10, 9, 62.00, 558.00, '2025-01-30 05:08:12', '2025-01-30 05:08:12'),
	(867, 102, 5, 6, 53.00, 318.00, '2025-01-30 05:08:12', '2025-01-30 05:08:12'),
	(868, 102, 1, 9, 77.00, 693.00, '2025-01-30 05:08:12', '2025-01-30 05:08:12'),
	(869, 102, 10, 8, 17.00, 136.00, '2025-01-30 05:08:12', '2025-01-30 05:08:12'),
	(870, 102, 15, 2, 18.00, 36.00, '2025-01-30 05:08:12', '2025-01-30 05:08:12'),
	(871, 102, 12, 4, 69.00, 276.00, '2025-01-30 05:08:12', '2025-01-30 05:08:12'),
	(872, 102, 2, 9, 27.00, 243.00, '2025-01-30 05:08:12', '2025-01-30 05:08:12'),
	(873, 102, 8, 6, 50.00, 300.00, '2025-01-30 05:08:12', '2025-01-30 05:08:12'),
	(874, 102, 13, 9, 10.00, 90.00, '2025-01-30 05:08:12', '2025-01-30 05:08:12'),
	(875, 102, 6, 6, 63.00, 378.00, '2025-01-30 05:08:12', '2025-01-30 05:08:12'),
	(876, 102, 5, 7, 42.00, 294.00, '2025-01-30 05:08:12', '2025-01-30 05:08:12'),
	(877, 102, 13, 5, 86.00, 430.00, '2025-01-30 05:08:12', '2025-01-30 05:08:12'),
	(878, 103, 10, 8, 34.00, 272.00, '2025-01-30 05:08:12', '2025-01-30 05:08:12'),
	(879, 103, 20, 7, 98.00, 686.00, '2025-01-30 05:08:12', '2025-01-30 05:08:12'),
	(880, 103, 7, 7, 59.00, 413.00, '2025-01-30 05:08:12', '2025-01-30 05:08:12'),
	(881, 103, 14, 8, 34.00, 272.00, '2025-01-30 05:08:12', '2025-01-30 05:08:12'),
	(882, 103, 8, 6, 68.00, 408.00, '2025-01-30 05:08:12', '2025-01-30 05:08:12'),
	(883, 103, 17, 9, 22.00, 198.00, '2025-01-30 05:08:12', '2025-01-30 05:08:12'),
	(884, 103, 9, 9, 28.00, 252.00, '2025-01-30 05:08:12', '2025-01-30 05:08:12'),
	(885, 103, 13, 3, 53.00, 159.00, '2025-01-30 05:08:12', '2025-01-30 05:08:12'),
	(886, 104, 13, 3, 79.00, 237.00, '2025-01-30 05:08:12', '2025-01-30 05:08:12'),
	(887, 105, 4, 5, 91.00, 455.00, '2025-01-30 05:08:12', '2025-01-30 05:08:12'),
	(888, 105, 12, 7, 94.00, 658.00, '2025-01-30 05:08:12', '2025-01-30 05:08:12'),
	(889, 105, 2, 1, 67.00, 67.00, '2025-01-30 05:08:12', '2025-01-30 05:08:12'),
	(890, 105, 14, 8, 51.00, 408.00, '2025-01-30 05:08:12', '2025-01-30 05:08:12'),
	(891, 105, 2, 2, 23.00, 46.00, '2025-01-30 05:08:12', '2025-01-30 05:08:12'),
	(892, 105, 9, 6, 70.00, 420.00, '2025-01-30 05:08:12', '2025-01-30 05:08:12'),
	(893, 105, 2, 3, 15.00, 45.00, '2025-01-30 05:08:12', '2025-01-30 05:08:12'),
	(894, 105, 5, 10, 33.00, 330.00, '2025-01-30 05:08:12', '2025-01-30 05:08:12'),
	(895, 105, 20, 1, 96.00, 96.00, '2025-01-30 05:08:12', '2025-01-30 05:08:12'),
	(896, 105, 11, 3, 21.00, 63.00, '2025-01-30 05:08:12', '2025-01-30 05:08:12'),
	(897, 105, 14, 9, 93.00, 837.00, '2025-01-30 05:08:12', '2025-01-30 05:08:12'),
	(898, 105, 7, 9, 85.00, 765.00, '2025-01-30 05:08:12', '2025-01-30 05:08:12'),
	(899, 105, 13, 6, 47.00, 282.00, '2025-01-30 05:08:12', '2025-01-30 05:08:12'),
	(900, 105, 5, 5, 80.00, 400.00, '2025-01-30 05:08:12', '2025-01-30 05:08:12'),
	(901, 105, 2, 7, 26.00, 182.00, '2025-01-30 05:08:12', '2025-01-30 05:08:12'),
	(902, 105, 12, 6, 19.00, 114.00, '2025-01-30 05:08:12', '2025-01-30 05:08:12'),
	(903, 105, 11, 4, 12.00, 48.00, '2025-01-30 05:08:12', '2025-01-30 05:08:12'),
	(904, 106, 5, 1, 52.00, 52.00, '2025-01-30 05:08:12', '2025-01-30 05:08:12'),
	(905, 106, 10, 10, 98.00, 980.00, '2025-01-30 05:08:12', '2025-01-30 05:08:12'),
	(906, 106, 6, 5, 14.00, 70.00, '2025-01-30 05:08:12', '2025-01-30 05:08:12'),
	(907, 107, 1, 9, 47.00, 423.00, '2025-01-30 05:08:12', '2025-01-30 05:08:12'),
	(908, 107, 2, 2, 49.00, 98.00, '2025-01-30 05:08:12', '2025-01-30 05:08:12'),
	(909, 107, 15, 10, 66.00, 660.00, '2025-01-30 05:08:12', '2025-01-30 05:08:12'),
	(910, 107, 18, 5, 70.00, 350.00, '2025-01-30 05:08:12', '2025-01-30 05:08:12'),
	(911, 107, 8, 4, 100.00, 400.00, '2025-01-30 05:08:12', '2025-01-30 05:08:12'),
	(912, 107, 15, 5, 70.00, 350.00, '2025-01-30 05:08:12', '2025-01-30 05:08:12'),
	(913, 107, 6, 7, 41.00, 287.00, '2025-01-30 05:08:12', '2025-01-30 05:08:12'),
	(914, 107, 10, 10, 59.00, 590.00, '2025-01-30 05:08:12', '2025-01-30 05:08:12'),
	(915, 107, 3, 3, 34.00, 102.00, '2025-01-30 05:08:12', '2025-01-30 05:08:12'),
	(916, 107, 9, 9, 89.00, 801.00, '2025-01-30 05:08:12', '2025-01-30 05:08:12'),
	(917, 107, 7, 2, 27.00, 54.00, '2025-01-30 05:08:12', '2025-01-30 05:08:12'),
	(918, 107, 14, 2, 87.00, 174.00, '2025-01-30 05:08:12', '2025-01-30 05:08:12'),
	(919, 107, 10, 3, 83.00, 249.00, '2025-01-30 05:08:12', '2025-01-30 05:08:12'),
	(920, 107, 13, 3, 45.00, 135.00, '2025-01-30 05:08:12', '2025-01-30 05:08:12'),
	(921, 107, 3, 7, 95.00, 665.00, '2025-01-30 05:08:12', '2025-01-30 05:08:12'),
	(922, 107, 6, 9, 77.00, 693.00, '2025-01-30 05:08:12', '2025-01-30 05:08:12'),
	(923, 107, 6, 5, 89.00, 445.00, '2025-01-30 05:08:12', '2025-01-30 05:08:12'),
	(924, 107, 14, 9, 52.00, 468.00, '2025-01-30 05:08:12', '2025-01-30 05:08:12'),
	(925, 107, 17, 1, 93.00, 93.00, '2025-01-30 05:08:12', '2025-01-30 05:08:12'),
	(926, 108, 6, 10, 53.00, 530.00, '2025-01-30 05:08:12', '2025-01-30 05:08:12'),
	(927, 108, 2, 5, 79.00, 395.00, '2025-01-30 05:08:12', '2025-01-30 05:08:12'),
	(928, 108, 12, 8, 38.00, 304.00, '2025-01-30 05:08:12', '2025-01-30 05:08:12'),
	(929, 108, 5, 6, 41.00, 246.00, '2025-01-30 05:08:12', '2025-01-30 05:08:12'),
	(930, 108, 13, 2, 70.00, 140.00, '2025-01-30 05:08:12', '2025-01-30 05:08:12'),
	(931, 108, 12, 1, 25.00, 25.00, '2025-01-30 05:08:12', '2025-01-30 05:08:12'),
	(932, 108, 16, 1, 98.00, 98.00, '2025-01-30 05:08:12', '2025-01-30 05:08:12'),
	(933, 108, 19, 3, 45.00, 135.00, '2025-01-30 05:08:12', '2025-01-30 05:08:12'),
	(934, 109, 13, 10, 24.00, 240.00, '2025-01-30 05:08:12', '2025-01-30 05:08:12'),
	(935, 109, 6, 3, 26.00, 78.00, '2025-01-30 05:08:12', '2025-01-30 05:08:12'),
	(936, 109, 9, 8, 91.00, 728.00, '2025-01-30 05:08:12', '2025-01-30 05:08:12'),
	(937, 109, 3, 10, 22.00, 220.00, '2025-01-30 05:08:12', '2025-01-30 05:08:12'),
	(938, 109, 17, 4, 45.00, 180.00, '2025-01-30 05:08:12', '2025-01-30 05:08:12'),
	(939, 109, 15, 3, 43.00, 129.00, '2025-01-30 05:08:12', '2025-01-30 05:08:12'),
	(940, 109, 12, 10, 36.00, 360.00, '2025-01-30 05:08:12', '2025-01-30 05:08:12'),
	(941, 109, 15, 5, 40.00, 200.00, '2025-01-30 05:08:12', '2025-01-30 05:08:12'),
	(942, 109, 5, 1, 26.00, 26.00, '2025-01-30 05:08:12', '2025-01-30 05:08:12'),
	(943, 109, 4, 5, 70.00, 350.00, '2025-01-30 05:08:12', '2025-01-30 05:08:12'),
	(944, 109, 11, 10, 22.00, 220.00, '2025-01-30 05:08:12', '2025-01-30 05:08:12'),
	(945, 109, 9, 1, 68.00, 68.00, '2025-01-30 05:08:12', '2025-01-30 05:08:12'),
	(946, 109, 20, 3, 20.00, 60.00, '2025-01-30 05:08:12', '2025-01-30 05:08:12'),
	(947, 109, 19, 2, 16.00, 32.00, '2025-01-30 05:08:12', '2025-01-30 05:08:12'),
	(948, 109, 8, 3, 86.00, 258.00, '2025-01-30 05:08:12', '2025-01-30 05:08:12'),
	(949, 110, 14, 1, 91.00, 91.00, '2025-01-30 05:08:12', '2025-01-30 05:08:12'),
	(950, 110, 10, 10, 55.00, 550.00, '2025-01-30 05:08:12', '2025-01-30 05:08:12'),
	(951, 110, 14, 10, 73.00, 730.00, '2025-01-30 05:08:12', '2025-01-30 05:08:12'),
	(952, 110, 17, 3, 97.00, 291.00, '2025-01-30 05:08:12', '2025-01-30 05:08:12'),
	(953, 110, 10, 4, 68.00, 272.00, '2025-01-30 05:08:12', '2025-01-30 05:08:12'),
	(954, 111, 16, 6, 25.00, 150.00, '2025-01-30 05:08:12', '2025-01-30 05:08:12'),
	(955, 111, 13, 8, 39.00, 312.00, '2025-01-30 05:08:12', '2025-01-30 05:08:12'),
	(956, 111, 11, 4, 69.00, 276.00, '2025-01-30 05:08:12', '2025-01-30 05:08:12'),
	(957, 111, 19, 3, 35.00, 105.00, '2025-01-30 05:08:12', '2025-01-30 05:08:12'),
	(958, 111, 7, 10, 14.00, 140.00, '2025-01-30 05:08:12', '2025-01-30 05:08:12'),
	(959, 112, 20, 7, 13.00, 91.00, '2025-01-30 05:08:12', '2025-01-30 05:08:12'),
	(960, 112, 13, 10, 44.00, 440.00, '2025-01-30 05:08:12', '2025-01-30 05:08:12'),
	(961, 112, 6, 8, 99.00, 792.00, '2025-01-30 05:08:12', '2025-01-30 05:08:12'),
	(962, 112, 6, 3, 90.00, 270.00, '2025-01-30 05:08:12', '2025-01-30 05:08:12'),
	(963, 112, 4, 4, 43.00, 172.00, '2025-01-30 05:08:12', '2025-01-30 05:08:12'),
	(964, 112, 2, 2, 24.00, 48.00, '2025-01-30 05:08:12', '2025-01-30 05:08:12'),
	(965, 112, 7, 6, 13.00, 78.00, '2025-01-30 05:08:12', '2025-01-30 05:08:12'),
	(966, 112, 20, 3, 100.00, 300.00, '2025-01-30 05:08:12', '2025-01-30 05:08:12'),
	(967, 112, 16, 1, 82.00, 82.00, '2025-01-30 05:08:12', '2025-01-30 05:08:12'),
	(968, 112, 9, 3, 27.00, 81.00, '2025-01-30 05:08:12', '2025-01-30 05:08:12'),
	(969, 113, 11, 10, 89.00, 890.00, '2025-01-30 05:08:12', '2025-01-30 05:08:12'),
	(970, 113, 1, 8, 43.00, 344.00, '2025-01-30 05:08:12', '2025-01-30 05:08:12'),
	(971, 113, 2, 1, 38.00, 38.00, '2025-01-30 05:08:12', '2025-01-30 05:08:12'),
	(972, 113, 20, 6, 81.00, 486.00, '2025-01-30 05:08:12', '2025-01-30 05:08:12'),
	(973, 113, 17, 6, 47.00, 282.00, '2025-01-30 05:08:12', '2025-01-30 05:08:12'),
	(974, 113, 12, 4, 14.00, 56.00, '2025-01-30 05:08:12', '2025-01-30 05:08:12'),
	(975, 113, 8, 3, 78.00, 234.00, '2025-01-30 05:08:12', '2025-01-30 05:08:12'),
	(976, 113, 9, 6, 87.00, 522.00, '2025-01-30 05:08:12', '2025-01-30 05:08:12'),
	(977, 113, 2, 6, 63.00, 378.00, '2025-01-30 05:08:12', '2025-01-30 05:08:12'),
	(978, 113, 10, 6, 48.00, 288.00, '2025-01-30 05:08:12', '2025-01-30 05:08:12'),
	(979, 113, 10, 2, 90.00, 180.00, '2025-01-30 05:08:12', '2025-01-30 05:08:12'),
	(980, 113, 10, 8, 59.00, 472.00, '2025-01-30 05:08:12', '2025-01-30 05:08:12'),
	(981, 113, 14, 3, 41.00, 123.00, '2025-01-30 05:08:12', '2025-01-30 05:08:12'),
	(982, 113, 14, 2, 40.00, 80.00, '2025-01-30 05:08:12', '2025-01-30 05:08:12'),
	(983, 113, 11, 7, 59.00, 413.00, '2025-01-30 05:08:12', '2025-01-30 05:08:12'),
	(984, 114, 5, 7, 84.00, 588.00, '2025-01-30 05:08:12', '2025-01-30 05:08:12'),
	(985, 114, 8, 5, 54.00, 270.00, '2025-01-30 05:08:12', '2025-01-30 05:08:12'),
	(986, 114, 2, 2, 100.00, 200.00, '2025-01-30 05:08:12', '2025-01-30 05:08:12'),
	(987, 115, 13, 9, 79.00, 711.00, '2025-01-30 05:08:12', '2025-01-30 05:08:12'),
	(988, 115, 20, 10, 58.00, 580.00, '2025-01-30 05:08:12', '2025-01-30 05:08:12'),
	(989, 115, 16, 1, 38.00, 38.00, '2025-01-30 05:08:12', '2025-01-30 05:08:12'),
	(990, 115, 15, 7, 77.00, 539.00, '2025-01-30 05:08:12', '2025-01-30 05:08:12'),
	(991, 115, 4, 6, 97.00, 582.00, '2025-01-30 05:08:12', '2025-01-30 05:08:12'),
	(992, 115, 17, 8, 59.00, 472.00, '2025-01-30 05:08:12', '2025-01-30 05:08:12'),
	(993, 115, 1, 4, 23.00, 92.00, '2025-01-30 05:08:12', '2025-01-30 05:08:12'),
	(994, 115, 2, 4, 83.00, 332.00, '2025-01-30 05:08:12', '2025-01-30 05:08:12'),
	(995, 115, 15, 8, 70.00, 560.00, '2025-01-30 05:08:12', '2025-01-30 05:08:12'),
	(996, 115, 14, 7, 59.00, 413.00, '2025-01-30 05:08:12', '2025-01-30 05:08:12'),
	(997, 115, 11, 9, 94.00, 846.00, '2025-01-30 05:08:12', '2025-01-30 05:08:12'),
	(998, 115, 17, 8, 95.00, 760.00, '2025-01-30 05:08:12', '2025-01-30 05:08:12'),
	(999, 115, 12, 7, 99.00, 693.00, '2025-01-30 05:08:12', '2025-01-30 05:08:12'),
	(1000, 115, 2, 1, 30.00, 30.00, '2025-01-30 05:08:12', '2025-01-30 05:08:12'),
	(1001, 115, 11, 1, 10.00, 10.00, '2025-01-30 05:08:12', '2025-01-30 05:08:12'),
	(1002, 115, 16, 10, 13.00, 130.00, '2025-01-30 05:08:12', '2025-01-30 05:08:12'),
	(1003, 115, 5, 6, 62.00, 372.00, '2025-01-30 05:08:12', '2025-01-30 05:08:12'),
	(1004, 115, 13, 3, 23.00, 69.00, '2025-01-30 05:08:12', '2025-01-30 05:08:12'),
	(1005, 116, 8, 10, 21.00, 210.00, '2025-01-30 05:08:12', '2025-01-30 05:08:12'),
	(1006, 116, 8, 10, 35.00, 350.00, '2025-01-30 05:08:12', '2025-01-30 05:08:12'),
	(1007, 116, 11, 9, 94.00, 846.00, '2025-01-30 05:08:12', '2025-01-30 05:08:12'),
	(1008, 116, 19, 10, 97.00, 970.00, '2025-01-30 05:08:12', '2025-01-30 05:08:12'),
	(1009, 117, 2, 4, 84.00, 336.00, '2025-01-30 05:08:12', '2025-01-30 05:08:12'),
	(1010, 117, 19, 1, 81.00, 81.00, '2025-01-30 05:08:12', '2025-01-30 05:08:12'),
	(1011, 117, 17, 5, 48.00, 240.00, '2025-01-30 05:08:12', '2025-01-30 05:08:12'),
	(1012, 117, 15, 2, 73.00, 146.00, '2025-01-30 05:08:12', '2025-01-30 05:08:12'),
	(1013, 117, 2, 3, 52.00, 156.00, '2025-01-30 05:08:12', '2025-01-30 05:08:12'),
	(1014, 117, 8, 10, 80.00, 800.00, '2025-01-30 05:08:12', '2025-01-30 05:08:12'),
	(1015, 117, 18, 6, 57.00, 342.00, '2025-01-30 05:08:12', '2025-01-30 05:08:12'),
	(1016, 117, 17, 5, 77.00, 385.00, '2025-01-30 05:08:12', '2025-01-30 05:08:12'),
	(1017, 117, 11, 5, 28.00, 140.00, '2025-01-30 05:08:12', '2025-01-30 05:08:12'),
	(1018, 117, 11, 5, 30.00, 150.00, '2025-01-30 05:08:12', '2025-01-30 05:08:12'),
	(1019, 117, 5, 6, 76.00, 456.00, '2025-01-30 05:08:12', '2025-01-30 05:08:12'),
	(1020, 117, 11, 7, 22.00, 154.00, '2025-01-30 05:08:12', '2025-01-30 05:08:12'),
	(1021, 117, 19, 4, 82.00, 328.00, '2025-01-30 05:08:12', '2025-01-30 05:08:12'),
	(1022, 117, 17, 7, 23.00, 161.00, '2025-01-30 05:08:12', '2025-01-30 05:08:12'),
	(1023, 117, 3, 5, 95.00, 475.00, '2025-01-30 05:08:12', '2025-01-30 05:08:12'),
	(1024, 118, 3, 9, 95.00, 855.00, '2025-01-30 05:08:12', '2025-01-30 05:08:12'),
	(1025, 119, 11, 1, 20.00, 20.00, '2025-01-30 05:08:12', '2025-01-30 05:08:12'),
	(1026, 119, 14, 8, 67.00, 536.00, '2025-01-30 05:08:12', '2025-01-30 05:08:12'),
	(1027, 119, 16, 3, 38.00, 114.00, '2025-01-30 05:08:12', '2025-01-30 05:08:12'),
	(1028, 119, 17, 2, 77.00, 154.00, '2025-01-30 05:08:12', '2025-01-30 05:08:12'),
	(1029, 119, 16, 10, 79.00, 790.00, '2025-01-30 05:08:12', '2025-01-30 05:08:12'),
	(1030, 119, 20, 7, 31.00, 217.00, '2025-01-30 05:08:12', '2025-01-30 05:08:12'),
	(1031, 119, 4, 5, 21.00, 105.00, '2025-01-30 05:08:12', '2025-01-30 05:08:12'),
	(1032, 119, 17, 2, 21.00, 42.00, '2025-01-30 05:08:12', '2025-01-30 05:08:12'),
	(1033, 119, 20, 2, 15.00, 30.00, '2025-01-30 05:08:12', '2025-01-30 05:08:12'),
	(1034, 119, 18, 3, 31.00, 93.00, '2025-01-30 05:08:12', '2025-01-30 05:08:12'),
	(1035, 119, 13, 7, 100.00, 700.00, '2025-01-30 05:08:12', '2025-01-30 05:08:12'),
	(1036, 119, 17, 10, 32.00, 320.00, '2025-01-30 05:08:12', '2025-01-30 05:08:12'),
	(1037, 119, 6, 8, 63.00, 504.00, '2025-01-30 05:08:12', '2025-01-30 05:08:12'),
	(1038, 119, 18, 3, 61.00, 183.00, '2025-01-30 05:08:12', '2025-01-30 05:08:12'),
	(1039, 119, 10, 1, 94.00, 94.00, '2025-01-30 05:08:12', '2025-01-30 05:08:12'),
	(1040, 119, 5, 1, 97.00, 97.00, '2025-01-30 05:08:12', '2025-01-30 05:08:12'),
	(1041, 119, 9, 1, 33.00, 33.00, '2025-01-30 05:08:12', '2025-01-30 05:08:12'),
	(1042, 119, 14, 1, 50.00, 50.00, '2025-01-30 05:08:12', '2025-01-30 05:08:12'),
	(1043, 119, 9, 5, 96.00, 480.00, '2025-01-30 05:08:12', '2025-01-30 05:08:12'),
	(1044, 120, 2, 10, 22.00, 220.00, '2025-01-30 05:08:12', '2025-01-30 05:08:12'),
	(1045, 120, 15, 6, 91.00, 546.00, '2025-01-30 05:08:12', '2025-01-30 05:08:12'),
	(1046, 120, 1, 6, 32.00, 192.00, '2025-01-30 05:08:12', '2025-01-30 05:08:12'),
	(1047, 120, 2, 8, 27.00, 216.00, '2025-01-30 05:08:12', '2025-01-30 05:08:12'),
	(1048, 120, 12, 3, 83.00, 249.00, '2025-01-30 05:08:12', '2025-01-30 05:08:12'),
	(1049, 121, 7, 7, 70.00, 490.00, '2025-01-30 05:08:12', '2025-01-30 05:08:12'),
	(1050, 121, 15, 8, 71.00, 568.00, '2025-01-30 05:08:12', '2025-01-30 05:08:12');

-- Volcando estructura para tabla compraventa.detalle_ventas
DROP TABLE IF EXISTS `detalle_ventas`;
CREATE TABLE IF NOT EXISTS `detalle_ventas` (
  `id` bigint unsigned NOT NULL AUTO_INCREMENT,
  `sale_id` bigint unsigned NOT NULL,
  `product_id` bigint unsigned NOT NULL,
  `quantity` int NOT NULL,
  `unit_price` decimal(10,2) NOT NULL,
  `subtotal` decimal(10,2) NOT NULL,
  `created_at` timestamp NULL DEFAULT NULL,
  `updated_at` timestamp NULL DEFAULT NULL,
  PRIMARY KEY (`id`),
  KEY `detalle_ventas_sale_id_foreign` (`sale_id`),
  KEY `detalle_ventas_product_id_foreign` (`product_id`),
  CONSTRAINT `detalle_ventas_product_id_foreign` FOREIGN KEY (`product_id`) REFERENCES `products` (`id`) ON DELETE CASCADE,
  CONSTRAINT `detalle_ventas_sale_id_foreign` FOREIGN KEY (`sale_id`) REFERENCES `ventas` (`id`) ON DELETE CASCADE
) ENGINE=InnoDB AUTO_INCREMENT=280 DEFAULT CHARSET=utf8mb4 COLLATE=utf8mb4_unicode_ci;

-- Volcando datos para la tabla compraventa.detalle_ventas: ~275 rows (aproximadamente)
DELETE FROM `detalle_ventas`;
INSERT INTO `detalle_ventas` (`id`, `sale_id`, `product_id`, `quantity`, `unit_price`, `subtotal`, `created_at`, `updated_at`) VALUES
	(5, 5, 4, 2, 2.00, 4.00, '2025-01-29 23:57:25', '2025-01-29 23:57:25'),
	(6, 6, 3, 2, 23.00, 46.00, '2025-01-30 04:31:40', '2025-01-30 04:31:40'),
	(7, 7, 2, 2, 2.00, 4.00, '2025-01-30 04:54:49', '2025-01-30 04:54:49'),
	(8, 8, 4, 2, 2.00, 4.00, '2025-01-30 04:59:28', '2025-01-30 04:59:28'),
	(9, 8, 3, 23, 32.00, 736.00, '2025-01-30 04:59:28', '2025-01-30 04:59:28'),
	(10, 9, 3, 2, 64.00, 128.00, '2025-01-30 05:22:06', '2025-01-30 05:22:06'),
	(11, 10, 12, 4, 26.00, 104.00, '2025-01-30 05:22:06', '2025-01-30 05:22:06'),
	(12, 11, 5, 5, 87.00, 435.00, '2025-01-30 05:22:06', '2025-01-30 05:22:06'),
	(13, 11, 2, 3, 64.00, 192.00, '2025-01-30 05:22:06', '2025-01-30 05:22:06'),
	(14, 12, 2, 3, 80.00, 240.00, '2025-01-30 05:22:06', '2025-01-30 05:22:06'),
	(15, 12, 20, 5, 34.00, 170.00, '2025-01-30 05:22:06', '2025-01-30 05:22:06'),
	(16, 12, 11, 4, 12.00, 48.00, '2025-01-30 05:22:06', '2025-01-30 05:22:06'),
	(17, 12, 3, 5, 77.00, 385.00, '2025-01-30 05:22:06', '2025-01-30 05:22:06'),
	(18, 13, 9, 5, 87.00, 435.00, '2025-01-30 05:22:06', '2025-01-30 05:22:06'),
	(19, 13, 6, 5, 53.00, 265.00, '2025-01-30 05:22:06', '2025-01-30 05:22:06'),
	(20, 14, 15, 4, 24.00, 96.00, '2025-01-30 05:22:06', '2025-01-30 05:22:06'),
	(21, 14, 17, 4, 94.00, 376.00, '2025-01-30 05:22:06', '2025-01-30 05:22:06'),
	(22, 15, 8, 4, 65.00, 260.00, '2025-01-30 05:22:06', '2025-01-30 05:22:06'),
	(23, 15, 3, 5, 60.00, 300.00, '2025-01-30 05:22:06', '2025-01-30 05:22:06'),
	(24, 15, 14, 4, 51.00, 204.00, '2025-01-30 05:22:06', '2025-01-30 05:22:06'),
	(25, 16, 8, 3, 40.00, 120.00, '2025-01-30 05:22:06', '2025-01-30 05:22:06'),
	(26, 16, 5, 2, 20.00, 40.00, '2025-01-30 05:22:06', '2025-01-30 05:22:06'),
	(27, 17, 12, 4, 53.00, 212.00, '2025-01-30 05:22:06', '2025-01-30 05:22:06'),
	(28, 18, 8, 4, 49.00, 196.00, '2025-01-30 05:22:06', '2025-01-30 05:22:06'),
	(29, 18, 6, 5, 40.00, 200.00, '2025-01-30 05:22:06', '2025-01-30 05:22:06'),
	(30, 19, 8, 4, 16.00, 64.00, '2025-01-30 05:22:06', '2025-01-30 05:22:06'),
	(31, 19, 4, 1, 20.00, 20.00, '2025-01-30 05:22:06', '2025-01-30 05:22:06'),
	(32, 20, 6, 1, 43.00, 43.00, '2025-01-30 05:22:06', '2025-01-30 05:22:06'),
	(33, 20, 12, 5, 88.00, 440.00, '2025-01-30 05:22:06', '2025-01-30 05:22:06'),
	(34, 20, 11, 2, 59.00, 118.00, '2025-01-30 05:22:06', '2025-01-30 05:22:06'),
	(35, 20, 14, 4, 16.00, 64.00, '2025-01-30 05:22:06', '2025-01-30 05:22:06'),
	(36, 20, 8, 5, 98.00, 490.00, '2025-01-30 05:22:06', '2025-01-30 05:22:06'),
	(37, 21, 3, 5, 100.00, 500.00, '2025-01-30 05:22:06', '2025-01-30 05:22:06'),
	(38, 21, 16, 5, 53.00, 265.00, '2025-01-30 05:22:06', '2025-01-30 05:22:06'),
	(39, 21, 8, 1, 89.00, 89.00, '2025-01-30 05:22:06', '2025-01-30 05:22:06'),
	(40, 21, 2, 4, 23.00, 92.00, '2025-01-30 05:22:06', '2025-01-30 05:22:06'),
	(41, 21, 7, 3, 91.00, 273.00, '2025-01-30 05:22:06', '2025-01-30 05:22:06'),
	(42, 22, 8, 1, 28.00, 28.00, '2025-01-30 05:22:06', '2025-01-30 05:22:06'),
	(43, 22, 9, 2, 84.00, 168.00, '2025-01-30 05:22:06', '2025-01-30 05:22:06'),
	(44, 22, 20, 4, 49.00, 196.00, '2025-01-30 05:22:06', '2025-01-30 05:22:06'),
	(45, 22, 10, 5, 34.00, 170.00, '2025-01-30 05:22:06', '2025-01-30 05:22:06'),
	(46, 22, 14, 1, 55.00, 55.00, '2025-01-30 05:22:06', '2025-01-30 05:22:06'),
	(47, 23, 2, 3, 36.00, 108.00, '2025-01-30 05:22:06', '2025-01-30 05:22:06'),
	(48, 24, 19, 5, 38.00, 190.00, '2025-01-30 05:22:06', '2025-01-30 05:22:06'),
	(49, 24, 8, 3, 37.00, 111.00, '2025-01-30 05:22:06', '2025-01-30 05:22:06'),
	(50, 25, 19, 3, 84.00, 252.00, '2025-01-30 05:22:06', '2025-01-30 05:22:06'),
	(51, 25, 8, 5, 57.00, 285.00, '2025-01-30 05:22:06', '2025-01-30 05:22:06'),
	(52, 26, 9, 2, 54.00, 108.00, '2025-01-30 05:22:06', '2025-01-30 05:22:06'),
	(53, 26, 16, 1, 83.00, 83.00, '2025-01-30 05:22:06', '2025-01-30 05:22:06'),
	(54, 26, 19, 1, 89.00, 89.00, '2025-01-30 05:22:06', '2025-01-30 05:22:06'),
	(55, 27, 8, 2, 38.00, 76.00, '2025-01-30 05:22:06', '2025-01-30 05:22:06'),
	(56, 27, 5, 1, 57.00, 57.00, '2025-01-30 05:22:06', '2025-01-30 05:22:06'),
	(57, 27, 15, 3, 12.00, 36.00, '2025-01-30 05:22:06', '2025-01-30 05:22:06'),
	(58, 28, 11, 3, 99.00, 297.00, '2025-01-30 05:22:06', '2025-01-30 05:22:06'),
	(59, 28, 7, 4, 58.00, 232.00, '2025-01-30 05:22:06', '2025-01-30 05:22:06'),
	(60, 28, 9, 2, 81.00, 162.00, '2025-01-30 05:22:06', '2025-01-30 05:22:06'),
	(61, 28, 4, 2, 58.00, 116.00, '2025-01-30 05:22:06', '2025-01-30 05:22:06'),
	(62, 28, 9, 2, 76.00, 152.00, '2025-01-30 05:22:06', '2025-01-30 05:22:06'),
	(63, 29, 17, 4, 85.00, 340.00, '2025-01-30 05:22:06', '2025-01-30 05:22:06'),
	(64, 29, 12, 4, 51.00, 204.00, '2025-01-30 05:22:06', '2025-01-30 05:22:06'),
	(65, 30, 18, 2, 39.00, 78.00, '2025-01-30 05:22:06', '2025-01-30 05:22:06'),
	(66, 30, 15, 1, 84.00, 84.00, '2025-01-30 05:22:06', '2025-01-30 05:22:06'),
	(67, 30, 6, 3, 19.00, 57.00, '2025-01-30 05:22:06', '2025-01-30 05:22:06'),
	(68, 30, 7, 5, 67.00, 335.00, '2025-01-30 05:22:06', '2025-01-30 05:22:06'),
	(69, 30, 13, 5, 69.00, 345.00, '2025-01-30 05:22:06', '2025-01-30 05:22:06'),
	(70, 31, 16, 2, 31.00, 62.00, '2025-01-30 05:22:06', '2025-01-30 05:22:06'),
	(71, 31, 6, 4, 67.00, 268.00, '2025-01-30 05:22:06', '2025-01-30 05:22:06'),
	(72, 32, 15, 4, 12.00, 48.00, '2025-01-30 05:22:06', '2025-01-30 05:22:06'),
	(73, 32, 3, 4, 71.00, 284.00, '2025-01-30 05:22:06', '2025-01-30 05:22:06'),
	(74, 33, 9, 5, 21.00, 105.00, '2025-01-30 05:22:06', '2025-01-30 05:22:06'),
	(75, 33, 5, 1, 11.00, 11.00, '2025-01-30 05:22:06', '2025-01-30 05:22:06'),
	(76, 33, 8, 4, 40.00, 160.00, '2025-01-30 05:22:06', '2025-01-30 05:22:06'),
	(77, 34, 14, 5, 59.00, 295.00, '2025-01-30 05:22:06', '2025-01-30 05:22:06'),
	(78, 34, 3, 3, 61.00, 183.00, '2025-01-30 05:22:06', '2025-01-30 05:22:06'),
	(79, 35, 13, 3, 32.00, 96.00, '2025-01-30 05:22:06', '2025-01-30 05:22:06'),
	(80, 35, 20, 3, 10.00, 30.00, '2025-01-30 05:22:06', '2025-01-30 05:22:06'),
	(81, 35, 16, 4, 22.00, 88.00, '2025-01-30 05:22:06', '2025-01-30 05:22:06'),
	(82, 35, 10, 3, 56.00, 168.00, '2025-01-30 05:22:06', '2025-01-30 05:22:06'),
	(83, 35, 18, 4, 16.00, 64.00, '2025-01-30 05:22:06', '2025-01-30 05:22:06'),
	(84, 36, 8, 4, 46.00, 184.00, '2025-01-30 05:22:06', '2025-01-30 05:22:06'),
	(85, 36, 17, 4, 76.00, 304.00, '2025-01-30 05:22:06', '2025-01-30 05:22:06'),
	(86, 37, 13, 4, 95.00, 380.00, '2025-01-30 05:22:06', '2025-01-30 05:22:06'),
	(87, 37, 3, 2, 83.00, 166.00, '2025-01-30 05:22:06', '2025-01-30 05:22:06'),
	(88, 37, 18, 1, 63.00, 63.00, '2025-01-30 05:22:06', '2025-01-30 05:22:06'),
	(89, 37, 7, 1, 69.00, 69.00, '2025-01-30 05:22:06', '2025-01-30 05:22:06'),
	(90, 37, 4, 1, 22.00, 22.00, '2025-01-30 05:22:06', '2025-01-30 05:22:06'),
	(91, 38, 11, 4, 37.00, 148.00, '2025-01-30 05:22:06', '2025-01-30 05:22:06'),
	(92, 38, 11, 4, 80.00, 320.00, '2025-01-30 05:22:06', '2025-01-30 05:22:06'),
	(93, 38, 8, 2, 91.00, 182.00, '2025-01-30 05:22:06', '2025-01-30 05:22:06'),
	(94, 38, 4, 1, 29.00, 29.00, '2025-01-30 05:22:06', '2025-01-30 05:22:06'),
	(95, 39, 7, 1, 73.00, 73.00, '2025-01-30 05:22:06', '2025-01-30 05:22:06'),
	(96, 39, 19, 1, 70.00, 70.00, '2025-01-30 05:22:06', '2025-01-30 05:22:06'),
	(97, 39, 15, 1, 28.00, 28.00, '2025-01-30 05:22:06', '2025-01-30 05:22:06'),
	(98, 40, 16, 1, 33.00, 33.00, '2025-01-30 05:22:06', '2025-01-30 05:22:06'),
	(99, 41, 5, 2, 37.00, 74.00, '2025-01-30 05:22:06', '2025-01-30 05:22:06'),
	(100, 41, 18, 4, 68.00, 272.00, '2025-01-30 05:22:06', '2025-01-30 05:22:06'),
	(101, 42, 20, 5, 64.00, 320.00, '2025-01-30 05:22:06', '2025-01-30 05:22:06'),
	(102, 43, 19, 5, 94.00, 470.00, '2025-01-30 05:22:06', '2025-01-30 05:22:06'),
	(103, 44, 10, 3, 57.00, 171.00, '2025-01-30 05:22:06', '2025-01-30 05:22:06'),
	(104, 44, 12, 4, 35.00, 140.00, '2025-01-30 05:22:06', '2025-01-30 05:22:06'),
	(105, 45, 7, 1, 44.00, 44.00, '2025-01-30 05:22:06', '2025-01-30 05:22:06'),
	(106, 45, 13, 4, 67.00, 268.00, '2025-01-30 05:22:06', '2025-01-30 05:22:06'),
	(107, 45, 7, 2, 34.00, 68.00, '2025-01-30 05:22:06', '2025-01-30 05:22:06'),
	(108, 45, 4, 3, 55.00, 165.00, '2025-01-30 05:22:06', '2025-01-30 05:22:06'),
	(109, 46, 3, 1, 14.00, 14.00, '2025-01-30 05:22:06', '2025-01-30 05:22:06'),
	(110, 46, 15, 2, 76.00, 152.00, '2025-01-30 05:22:06', '2025-01-30 05:22:06'),
	(111, 46, 2, 4, 49.00, 196.00, '2025-01-30 05:22:06', '2025-01-30 05:22:06'),
	(112, 46, 19, 1, 26.00, 26.00, '2025-01-30 05:22:06', '2025-01-30 05:22:06'),
	(113, 46, 1, 2, 31.00, 62.00, '2025-01-30 05:22:06', '2025-01-30 05:22:06'),
	(114, 47, 19, 5, 64.00, 320.00, '2025-01-30 05:22:06', '2025-01-30 05:22:06'),
	(115, 47, 3, 4, 60.00, 240.00, '2025-01-30 05:22:06', '2025-01-30 05:22:06'),
	(116, 47, 2, 2, 85.00, 170.00, '2025-01-30 05:22:06', '2025-01-30 05:22:06'),
	(117, 47, 17, 5, 61.00, 305.00, '2025-01-30 05:22:06', '2025-01-30 05:22:06'),
	(118, 47, 4, 5, 45.00, 225.00, '2025-01-30 05:22:06', '2025-01-30 05:22:06'),
	(119, 48, 20, 5, 71.00, 355.00, '2025-01-30 05:22:06', '2025-01-30 05:22:06'),
	(120, 49, 12, 1, 18.00, 18.00, '2025-01-30 05:22:06', '2025-01-30 05:22:06'),
	(121, 50, 7, 2, 62.00, 124.00, '2025-01-30 05:22:06', '2025-01-30 05:22:06'),
	(122, 50, 14, 1, 80.00, 80.00, '2025-01-30 05:22:06', '2025-01-30 05:22:06'),
	(123, 50, 14, 4, 74.00, 296.00, '2025-01-30 05:22:06', '2025-01-30 05:22:06'),
	(124, 50, 7, 4, 65.00, 260.00, '2025-01-30 05:22:06', '2025-01-30 05:22:06'),
	(125, 50, 10, 4, 61.00, 244.00, '2025-01-30 05:22:06', '2025-01-30 05:22:06'),
	(126, 51, 5, 4, 43.00, 172.00, '2025-01-30 05:22:06', '2025-01-30 05:22:06'),
	(127, 51, 18, 2, 43.00, 86.00, '2025-01-30 05:22:06', '2025-01-30 05:22:06'),
	(128, 51, 4, 3, 95.00, 285.00, '2025-01-30 05:22:06', '2025-01-30 05:22:06'),
	(129, 51, 8, 3, 77.00, 231.00, '2025-01-30 05:22:06', '2025-01-30 05:22:06'),
	(130, 51, 8, 1, 86.00, 86.00, '2025-01-30 05:22:06', '2025-01-30 05:22:06'),
	(131, 52, 1, 3, 67.00, 201.00, '2025-01-30 05:22:06', '2025-01-30 05:22:06'),
	(132, 53, 18, 4, 94.00, 376.00, '2025-01-30 05:22:06', '2025-01-30 05:22:06'),
	(133, 54, 14, 4, 92.00, 368.00, '2025-01-30 05:22:06', '2025-01-30 05:22:06'),
	(134, 54, 11, 5, 25.00, 125.00, '2025-01-30 05:22:06', '2025-01-30 05:22:06'),
	(135, 55, 18, 1, 21.00, 21.00, '2025-01-30 05:22:06', '2025-01-30 05:22:06'),
	(136, 55, 5, 2, 88.00, 176.00, '2025-01-30 05:22:06', '2025-01-30 05:22:06'),
	(137, 55, 11, 4, 80.00, 320.00, '2025-01-30 05:22:06', '2025-01-30 05:22:06'),
	(138, 56, 7, 2, 92.00, 184.00, '2025-01-30 05:22:06', '2025-01-30 05:22:06'),
	(139, 56, 10, 1, 27.00, 27.00, '2025-01-30 05:22:06', '2025-01-30 05:22:06'),
	(140, 56, 18, 1, 51.00, 51.00, '2025-01-30 05:22:06', '2025-01-30 05:22:06'),
	(141, 56, 2, 5, 24.00, 120.00, '2025-01-30 05:22:06', '2025-01-30 05:22:06'),
	(142, 56, 3, 4, 37.00, 148.00, '2025-01-30 05:22:06', '2025-01-30 05:22:06'),
	(143, 57, 3, 5, 14.00, 70.00, '2025-01-30 05:22:06', '2025-01-30 05:22:06'),
	(144, 57, 7, 3, 43.00, 129.00, '2025-01-30 05:22:06', '2025-01-30 05:22:06'),
	(145, 58, 18, 1, 51.00, 51.00, '2025-01-30 05:22:06', '2025-01-30 05:22:06'),
	(146, 59, 11, 4, 62.00, 248.00, '2025-01-30 05:22:06', '2025-01-30 05:22:06'),
	(147, 60, 8, 5, 98.00, 490.00, '2025-01-30 05:22:06', '2025-01-30 05:22:06'),
	(148, 61, 17, 5, 22.00, 110.00, '2025-01-30 05:22:06', '2025-01-30 05:22:06'),
	(149, 61, 6, 4, 10.00, 40.00, '2025-01-30 05:22:06', '2025-01-30 05:22:06'),
	(150, 61, 7, 1, 58.00, 58.00, '2025-01-30 05:22:06', '2025-01-30 05:22:06'),
	(151, 62, 13, 4, 85.00, 340.00, '2025-01-30 05:22:06', '2025-01-30 05:22:06'),
	(152, 62, 15, 3, 30.00, 90.00, '2025-01-30 05:22:06', '2025-01-30 05:22:06'),
	(153, 62, 14, 4, 81.00, 324.00, '2025-01-30 05:22:06', '2025-01-30 05:22:06'),
	(154, 63, 18, 1, 58.00, 58.00, '2025-01-30 05:22:06', '2025-01-30 05:22:06'),
	(155, 64, 13, 4, 98.00, 392.00, '2025-01-30 05:22:06', '2025-01-30 05:22:06'),
	(156, 64, 13, 5, 80.00, 400.00, '2025-01-30 05:22:06', '2025-01-30 05:22:06'),
	(157, 65, 3, 3, 13.00, 39.00, '2025-01-30 05:22:06', '2025-01-30 05:22:06'),
	(158, 66, 11, 3, 77.00, 231.00, '2025-01-30 05:22:06', '2025-01-30 05:22:06'),
	(159, 66, 13, 1, 88.00, 88.00, '2025-01-30 05:22:06', '2025-01-30 05:22:06'),
	(160, 67, 12, 5, 45.00, 225.00, '2025-01-30 05:22:06', '2025-01-30 05:22:06'),
	(161, 67, 2, 5, 73.00, 365.00, '2025-01-30 05:22:06', '2025-01-30 05:22:06'),
	(162, 67, 13, 4, 70.00, 280.00, '2025-01-30 05:22:06', '2025-01-30 05:22:06'),
	(163, 68, 8, 2, 39.00, 78.00, '2025-01-30 05:22:06', '2025-01-30 05:22:06'),
	(164, 68, 13, 2, 66.00, 132.00, '2025-01-30 05:22:06', '2025-01-30 05:22:06'),
	(165, 68, 19, 4, 48.00, 192.00, '2025-01-30 05:22:06', '2025-01-30 05:22:06'),
	(166, 68, 7, 1, 88.00, 88.00, '2025-01-30 05:22:06', '2025-01-30 05:22:06'),
	(167, 69, 3, 2, 37.00, 74.00, '2025-01-30 05:22:06', '2025-01-30 05:22:06'),
	(168, 69, 1, 4, 28.00, 112.00, '2025-01-30 05:22:06', '2025-01-30 05:22:06'),
	(169, 70, 7, 3, 13.00, 39.00, '2025-01-30 05:22:06', '2025-01-30 05:22:06'),
	(170, 70, 17, 4, 32.00, 128.00, '2025-01-30 05:22:06', '2025-01-30 05:22:06'),
	(171, 70, 1, 3, 35.00, 105.00, '2025-01-30 05:22:06', '2025-01-30 05:22:06'),
	(172, 70, 7, 5, 40.00, 200.00, '2025-01-30 05:22:06', '2025-01-30 05:22:06'),
	(173, 71, 8, 3, 23.00, 69.00, '2025-01-30 05:22:06', '2025-01-30 05:22:06'),
	(174, 71, 14, 3, 66.00, 198.00, '2025-01-30 05:22:06', '2025-01-30 05:22:06'),
	(175, 71, 15, 5, 40.00, 200.00, '2025-01-30 05:22:06', '2025-01-30 05:22:06'),
	(176, 72, 12, 5, 93.00, 465.00, '2025-01-30 05:22:06', '2025-01-30 05:22:06'),
	(177, 72, 4, 5, 26.00, 130.00, '2025-01-30 05:22:06', '2025-01-30 05:22:06'),
	(178, 72, 5, 3, 87.00, 261.00, '2025-01-30 05:22:06', '2025-01-30 05:22:06'),
	(179, 72, 9, 2, 59.00, 118.00, '2025-01-30 05:22:06', '2025-01-30 05:22:06'),
	(180, 72, 12, 5, 80.00, 400.00, '2025-01-30 05:22:06', '2025-01-30 05:22:06'),
	(181, 73, 18, 2, 53.00, 106.00, '2025-01-30 05:22:06', '2025-01-30 05:22:06'),
	(182, 74, 10, 1, 92.00, 92.00, '2025-01-30 05:22:06', '2025-01-30 05:22:06'),
	(183, 74, 13, 1, 65.00, 65.00, '2025-01-30 05:22:06', '2025-01-30 05:22:06'),
	(184, 74, 5, 5, 28.00, 140.00, '2025-01-30 05:22:06', '2025-01-30 05:22:06'),
	(185, 74, 12, 3, 58.00, 174.00, '2025-01-30 05:22:06', '2025-01-30 05:22:06'),
	(186, 75, 5, 1, 47.00, 47.00, '2025-01-30 05:22:06', '2025-01-30 05:22:06'),
	(187, 75, 13, 5, 46.00, 230.00, '2025-01-30 05:22:06', '2025-01-30 05:22:06'),
	(188, 75, 10, 2, 41.00, 82.00, '2025-01-30 05:22:06', '2025-01-30 05:22:06'),
	(189, 75, 20, 5, 100.00, 500.00, '2025-01-30 05:22:06', '2025-01-30 05:22:06'),
	(190, 76, 20, 1, 53.00, 53.00, '2025-01-30 05:22:06', '2025-01-30 05:22:06'),
	(191, 76, 15, 3, 25.00, 75.00, '2025-01-30 05:22:06', '2025-01-30 05:22:06'),
	(192, 76, 12, 5, 78.00, 390.00, '2025-01-30 05:22:06', '2025-01-30 05:22:06'),
	(193, 76, 20, 2, 22.00, 44.00, '2025-01-30 05:22:06', '2025-01-30 05:22:06'),
	(194, 77, 19, 5, 13.00, 65.00, '2025-01-30 05:22:06', '2025-01-30 05:22:06'),
	(195, 77, 12, 2, 36.00, 72.00, '2025-01-30 05:22:06', '2025-01-30 05:22:06'),
	(196, 77, 4, 4, 99.00, 396.00, '2025-01-30 05:22:06', '2025-01-30 05:22:06'),
	(197, 77, 17, 2, 54.00, 108.00, '2025-01-30 05:22:06', '2025-01-30 05:22:06'),
	(198, 77, 10, 1, 25.00, 25.00, '2025-01-30 05:22:06', '2025-01-30 05:22:06'),
	(199, 78, 2, 1, 42.00, 42.00, '2025-01-30 05:22:06', '2025-01-30 05:22:06'),
	(200, 78, 5, 1, 94.00, 94.00, '2025-01-30 05:22:06', '2025-01-30 05:22:06'),
	(201, 79, 13, 3, 53.00, 159.00, '2025-01-30 05:22:06', '2025-01-30 05:22:06'),
	(202, 79, 14, 2, 100.00, 200.00, '2025-01-30 05:22:06', '2025-01-30 05:22:06'),
	(203, 79, 6, 1, 76.00, 76.00, '2025-01-30 05:22:06', '2025-01-30 05:22:06'),
	(204, 80, 6, 5, 76.00, 380.00, '2025-01-30 05:22:06', '2025-01-30 05:22:06'),
	(205, 80, 10, 3, 21.00, 63.00, '2025-01-30 05:22:06', '2025-01-30 05:22:06'),
	(206, 81, 20, 3, 46.00, 138.00, '2025-01-30 05:22:06', '2025-01-30 05:22:06'),
	(207, 81, 16, 3, 45.00, 135.00, '2025-01-30 05:22:06', '2025-01-30 05:22:06'),
	(208, 82, 14, 4, 48.00, 192.00, '2025-01-30 05:22:06', '2025-01-30 05:22:06'),
	(209, 82, 4, 1, 35.00, 35.00, '2025-01-30 05:22:06', '2025-01-30 05:22:06'),
	(210, 82, 6, 1, 39.00, 39.00, '2025-01-30 05:22:06', '2025-01-30 05:22:06'),
	(211, 82, 17, 1, 86.00, 86.00, '2025-01-30 05:22:06', '2025-01-30 05:22:06'),
	(212, 83, 12, 5, 20.00, 100.00, '2025-01-30 05:22:06', '2025-01-30 05:22:06'),
	(213, 84, 10, 2, 61.00, 122.00, '2025-01-30 05:22:06', '2025-01-30 05:22:06'),
	(214, 84, 6, 1, 54.00, 54.00, '2025-01-30 05:22:06', '2025-01-30 05:22:06'),
	(215, 85, 4, 4, 44.00, 176.00, '2025-01-30 05:22:06', '2025-01-30 05:22:06'),
	(216, 85, 16, 3, 42.00, 126.00, '2025-01-30 05:22:06', '2025-01-30 05:22:06'),
	(217, 85, 4, 5, 54.00, 270.00, '2025-01-30 05:22:06', '2025-01-30 05:22:06'),
	(218, 86, 11, 2, 80.00, 160.00, '2025-01-30 05:22:06', '2025-01-30 05:22:06'),
	(219, 86, 18, 4, 45.00, 180.00, '2025-01-30 05:22:06', '2025-01-30 05:22:06'),
	(220, 86, 19, 1, 62.00, 62.00, '2025-01-30 05:22:06', '2025-01-30 05:22:06'),
	(221, 87, 3, 3, 49.00, 147.00, '2025-01-30 05:22:06', '2025-01-30 05:22:06'),
	(222, 87, 1, 1, 74.00, 74.00, '2025-01-30 05:22:06', '2025-01-30 05:22:06'),
	(223, 88, 7, 3, 14.00, 42.00, '2025-01-30 05:22:06', '2025-01-30 05:22:06'),
	(224, 89, 15, 2, 23.00, 46.00, '2025-01-30 05:22:06', '2025-01-30 05:22:06'),
	(225, 90, 12, 3, 32.00, 96.00, '2025-01-30 05:22:06', '2025-01-30 05:22:06'),
	(226, 91, 2, 4, 36.00, 144.00, '2025-01-30 05:22:06', '2025-01-30 05:22:06'),
	(227, 91, 15, 5, 59.00, 295.00, '2025-01-30 05:22:06', '2025-01-30 05:22:06'),
	(228, 92, 18, 4, 13.00, 52.00, '2025-01-30 05:22:06', '2025-01-30 05:22:06'),
	(229, 92, 5, 2, 63.00, 126.00, '2025-01-30 05:22:06', '2025-01-30 05:22:06'),
	(230, 92, 11, 1, 38.00, 38.00, '2025-01-30 05:22:06', '2025-01-30 05:22:06'),
	(231, 92, 5, 2, 12.00, 24.00, '2025-01-30 05:22:06', '2025-01-30 05:22:06'),
	(232, 93, 14, 1, 40.00, 40.00, '2025-01-30 05:22:06', '2025-01-30 05:22:06'),
	(233, 94, 15, 2, 37.00, 74.00, '2025-01-30 05:22:06', '2025-01-30 05:22:06'),
	(234, 94, 12, 5, 34.00, 170.00, '2025-01-30 05:22:06', '2025-01-30 05:22:06'),
	(235, 94, 7, 1, 80.00, 80.00, '2025-01-30 05:22:06', '2025-01-30 05:22:06'),
	(236, 94, 19, 5, 87.00, 435.00, '2025-01-30 05:22:06', '2025-01-30 05:22:06'),
	(237, 94, 4, 4, 69.00, 276.00, '2025-01-30 05:22:06', '2025-01-30 05:22:06'),
	(238, 95, 6, 2, 51.00, 102.00, '2025-01-30 05:22:06', '2025-01-30 05:22:06'),
	(239, 95, 3, 1, 75.00, 75.00, '2025-01-30 05:22:06', '2025-01-30 05:22:06'),
	(240, 96, 12, 4, 20.00, 80.00, '2025-01-30 05:22:06', '2025-01-30 05:22:06'),
	(241, 96, 3, 4, 60.00, 240.00, '2025-01-30 05:22:06', '2025-01-30 05:22:06'),
	(242, 96, 5, 3, 54.00, 162.00, '2025-01-30 05:22:06', '2025-01-30 05:22:06'),
	(243, 96, 8, 3, 89.00, 267.00, '2025-01-30 05:22:06', '2025-01-30 05:22:06'),
	(244, 96, 15, 2, 93.00, 186.00, '2025-01-30 05:22:06', '2025-01-30 05:22:06'),
	(245, 97, 14, 4, 39.00, 156.00, '2025-01-30 05:22:06', '2025-01-30 05:22:06'),
	(246, 97, 16, 4, 51.00, 204.00, '2025-01-30 05:22:06', '2025-01-30 05:22:06'),
	(247, 97, 1, 2, 58.00, 116.00, '2025-01-30 05:22:06', '2025-01-30 05:22:06'),
	(248, 97, 16, 3, 57.00, 171.00, '2025-01-30 05:22:06', '2025-01-30 05:22:06'),
	(249, 97, 9, 3, 96.00, 288.00, '2025-01-30 05:22:06', '2025-01-30 05:22:06'),
	(250, 98, 1, 2, 44.00, 88.00, '2025-01-30 05:22:06', '2025-01-30 05:22:06'),
	(251, 98, 15, 3, 22.00, 66.00, '2025-01-30 05:22:06', '2025-01-30 05:22:06'),
	(252, 98, 15, 3, 18.00, 54.00, '2025-01-30 05:22:06', '2025-01-30 05:22:06'),
	(253, 99, 18, 1, 46.00, 46.00, '2025-01-30 05:22:06', '2025-01-30 05:22:06'),
	(254, 99, 1, 2, 36.00, 72.00, '2025-01-30 05:22:06', '2025-01-30 05:22:06'),
	(255, 100, 6, 3, 68.00, 204.00, '2025-01-30 05:22:06', '2025-01-30 05:22:06'),
	(256, 100, 3, 3, 36.00, 108.00, '2025-01-30 05:22:06', '2025-01-30 05:22:06'),
	(257, 100, 13, 3, 68.00, 204.00, '2025-01-30 05:22:06', '2025-01-30 05:22:06'),
	(258, 100, 2, 4, 28.00, 112.00, '2025-01-30 05:22:06', '2025-01-30 05:22:06'),
	(259, 101, 14, 5, 13.00, 65.00, '2025-01-30 05:22:06', '2025-01-30 05:22:06'),
	(260, 101, 4, 1, 40.00, 40.00, '2025-01-30 05:22:06', '2025-01-30 05:22:06'),
	(261, 101, 14, 1, 17.00, 17.00, '2025-01-30 05:22:06', '2025-01-30 05:22:06'),
	(262, 101, 12, 4, 11.00, 44.00, '2025-01-30 05:22:06', '2025-01-30 05:22:06'),
	(263, 101, 15, 2, 38.00, 76.00, '2025-01-30 05:22:06', '2025-01-30 05:22:06'),
	(264, 102, 13, 3, 54.00, 162.00, '2025-01-30 05:22:06', '2025-01-30 05:22:06'),
	(265, 103, 9, 5, 83.00, 415.00, '2025-01-30 05:22:06', '2025-01-30 05:22:06'),
	(266, 104, 17, 3, 86.00, 258.00, '2025-01-30 05:22:06', '2025-01-30 05:22:06'),
	(267, 104, 9, 1, 43.00, 43.00, '2025-01-30 05:22:06', '2025-01-30 05:22:06'),
	(268, 104, 17, 2, 68.00, 136.00, '2025-01-30 05:22:06', '2025-01-30 05:22:06'),
	(269, 104, 10, 4, 28.00, 112.00, '2025-01-30 05:22:06', '2025-01-30 05:22:06'),
	(270, 105, 20, 3, 37.00, 111.00, '2025-01-30 05:22:06', '2025-01-30 05:22:06'),
	(271, 105, 16, 4, 32.00, 128.00, '2025-01-30 05:22:06', '2025-01-30 05:22:06'),
	(272, 106, 20, 5, 79.00, 395.00, '2025-01-30 05:22:06', '2025-01-30 05:22:06'),
	(273, 106, 19, 1, 42.00, 42.00, '2025-01-30 05:22:06', '2025-01-30 05:22:06'),
	(274, 106, 9, 3, 92.00, 276.00, '2025-01-30 05:22:06', '2025-01-30 05:22:06'),
	(275, 107, 11, 3, 47.00, 141.00, '2025-01-30 05:22:06', '2025-01-30 05:22:06'),
	(276, 108, 6, 3, 92.00, 276.00, '2025-01-30 05:22:06', '2025-01-30 05:22:06'),
	(277, 108, 17, 1, 79.00, 79.00, '2025-01-30 05:22:06', '2025-01-30 05:22:06'),
	(278, 108, 7, 2, 59.00, 118.00, '2025-01-30 05:22:06', '2025-01-30 05:22:06'),
	(279, 108, 20, 4, 58.00, 232.00, '2025-01-30 05:22:06', '2025-01-30 05:22:06');

-- Volcando estructura para tabla compraventa.failed_jobs
DROP TABLE IF EXISTS `failed_jobs`;
CREATE TABLE IF NOT EXISTS `failed_jobs` (
  `id` bigint unsigned NOT NULL AUTO_INCREMENT,
  `uuid` varchar(255) COLLATE utf8mb4_unicode_ci NOT NULL,
  `connection` text COLLATE utf8mb4_unicode_ci NOT NULL,
  `queue` text COLLATE utf8mb4_unicode_ci NOT NULL,
  `payload` longtext COLLATE utf8mb4_unicode_ci NOT NULL,
  `exception` longtext COLLATE utf8mb4_unicode_ci NOT NULL,
  `failed_at` timestamp NOT NULL DEFAULT CURRENT_TIMESTAMP,
  PRIMARY KEY (`id`),
  UNIQUE KEY `failed_jobs_uuid_unique` (`uuid`)
) ENGINE=InnoDB DEFAULT CHARSET=utf8mb4 COLLATE=utf8mb4_unicode_ci;

-- Volcando datos para la tabla compraventa.failed_jobs: ~0 rows (aproximadamente)
DELETE FROM `failed_jobs`;

-- Volcando estructura para tabla compraventa.inventories
DROP TABLE IF EXISTS `inventories`;
CREATE TABLE IF NOT EXISTS `inventories` (
  `id` bigint unsigned NOT NULL AUTO_INCREMENT,
  `product_id` bigint unsigned NOT NULL,
  `type` enum('purchase','sale','adjustment') COLLATE utf8mb4_unicode_ci NOT NULL,
  `quantity` int NOT NULL,
  `reason` text COLLATE utf8mb4_unicode_ci,
  `user_id` bigint unsigned NOT NULL,
  `created_at` timestamp NULL DEFAULT NULL,
  `updated_at` timestamp NULL DEFAULT NULL,
  PRIMARY KEY (`id`),
  KEY `inventories_product_id_foreign` (`product_id`),
  KEY `inventories_user_id_foreign` (`user_id`),
  CONSTRAINT `inventories_product_id_foreign` FOREIGN KEY (`product_id`) REFERENCES `products` (`id`) ON DELETE CASCADE,
  CONSTRAINT `inventories_user_id_foreign` FOREIGN KEY (`user_id`) REFERENCES `users` (`id`) ON DELETE CASCADE
) ENGINE=InnoDB AUTO_INCREMENT=1330 DEFAULT CHARSET=utf8mb4 COLLATE=utf8mb4_unicode_ci;

-- Volcando datos para la tabla compraventa.inventories: ~1.307 rows (aproximadamente)
DELETE FROM `inventories`;
INSERT INTO `inventories` (`id`, `product_id`, `type`, `quantity`, `reason`, `user_id`, `created_at`, `updated_at`) VALUES
	(1, 16, 'purchase', 23, 'Compra ID: 1', 1, '2025-01-22 06:15:22', '2025-01-29 06:15:22'),
	(2, 3, 'purchase', 23, 'Compra ID: 2', 1, '2025-01-22 06:30:09', '2025-01-29 06:30:09'),
	(3, 1, 'purchase', 23, 'Compra ID: 2', 1, '2025-01-22 06:30:09', '2025-01-29 06:30:09'),
	(4, 3, 'purchase', 32, 'Compra ID: 2', 1, '2025-01-23 06:30:09', '2025-01-29 06:30:09'),
	(5, 4, 'purchase', 32, 'Compra ID: 2', 1, '2025-01-21 06:30:09', '2025-01-29 06:30:09'),
	(6, 3, 'purchase', 10000, 'Compra ID: 2', 1, '2025-01-29 06:30:09', '2025-01-29 06:30:09'),
	(7, 1, 'purchase', 100, 'Compra ID: 3', 1, '2025-01-29 06:31:19', '2025-01-29 06:31:19'),
	(8, 1, 'purchase', 12, 'Compra ID: 4', 1, '2025-01-29 06:32:07', '2025-01-29 06:32:07'),
	(9, 3, 'purchase', 2, 'Compra ID: 5', 1, '2025-01-29 06:40:34', '2025-01-29 06:40:34'),
	(10, 15, 'purchase', 50, 'Compra ID: 5', 1, '2025-01-29 06:40:34', '2025-01-29 06:40:34'),
	(11, 2, 'purchase', 2, 'Compra ID: 6', 1, '2025-01-29 06:54:51', '2025-01-29 06:54:51'),
	(18, 1, 'purchase', 2, 'Compra ID: 9', 1, '2025-01-29 20:37:46', '2025-01-29 20:37:46'),
	(19, 4, 'purchase', 3, 'Compra ID: 9', 1, '2025-01-29 20:37:46', '2025-01-29 20:37:46'),
	(20, 2, 'purchase', 3, 'Compra ID: 9', 1, '2025-01-29 20:37:46', '2025-01-29 20:37:46'),
	(23, 2, 'purchase', 2, 'Compra ID: 11', 1, '2025-01-29 20:47:41', '2025-01-29 20:47:41'),
	(24, 4, 'purchase', 3, 'Compra ID: 11', 1, '2025-01-29 20:47:41', '2025-01-29 20:47:41'),
	(35, 2, 'purchase', 2, 'Compra ID: 17', 1, '2025-01-29 21:02:53', '2025-01-29 21:02:53'),
	(36, 5, 'purchase', 2, 'Compra ID: 17', 1, '2025-01-29 21:02:53', '2025-01-29 21:02:53'),
	(37, 2, 'purchase', 2, 'Compra ID: 18', 1, '2025-01-29 21:03:48', '2025-01-29 21:03:48'),
	(38, 1, 'purchase', 2, 'Compra ID: 19', 1, '2025-01-29 21:06:36', '2025-01-29 21:06:36'),
	(39, 3, 'purchase', 2, 'Compra ID: 20', 1, '2025-01-29 21:10:39', '2025-01-29 21:10:39'),
	(40, 4, 'purchase', 2, 'Compra ID: 20', 1, '2025-01-29 21:10:39', '2025-01-29 21:10:39'),
	(41, 5, 'purchase', 2, 'Compra ID: 21', 1, '2025-01-29 22:07:10', '2025-01-29 22:07:10'),
	(42, 16, 'purchase', 2, 'Compra ID: 21', 1, '2025-01-29 22:07:10', '2025-01-29 22:07:10'),
	(47, 4, 'sale', -2, 'Venta ID: 5', 1, '2025-01-29 23:57:25', '2025-01-29 23:57:25'),
	(48, 3, 'sale', -2, 'Venta ID: 6', 1, '2025-01-30 04:31:40', '2025-01-30 04:31:40'),
	(49, 2, 'sale', -2, 'Venta ID: 7', 1, '2025-01-30 04:54:49', '2025-01-30 04:54:49'),
	(50, 4, 'sale', -2, 'Venta ID: 8', 1, '2025-01-30 04:59:28', '2025-01-30 04:59:28'),
	(51, 3, 'sale', -23, 'Venta ID: 8', 1, '2025-01-30 04:59:28', '2025-01-30 04:59:28'),
	(52, 20, 'purchase', 4, 'Compra ID: 22', 1, '2025-01-30 05:08:10', '2025-01-30 05:08:10'),
	(53, 6, 'purchase', 7, 'Compra ID: 22', 1, '2025-01-30 05:08:10', '2025-01-30 05:08:10'),
	(54, 15, 'purchase', 5, 'Compra ID: 22', 1, '2025-01-30 05:08:10', '2025-01-30 05:08:10'),
	(55, 9, 'purchase', 2, 'Compra ID: 23', 1, '2025-01-30 05:08:10', '2025-01-30 05:08:10'),
	(56, 13, 'purchase', 5, 'Compra ID: 23', 1, '2025-01-30 05:08:10', '2025-01-30 05:08:10'),
	(57, 9, 'purchase', 2, 'Compra ID: 23', 1, '2025-01-30 05:08:10', '2025-01-30 05:08:10'),
	(58, 11, 'purchase', 3, 'Compra ID: 23', 1, '2025-01-30 05:08:10', '2025-01-30 05:08:10'),
	(59, 19, 'purchase', 1, 'Compra ID: 23', 1, '2025-01-30 05:08:10', '2025-01-30 05:08:10'),
	(60, 10, 'purchase', 7, 'Compra ID: 23', 1, '2025-01-30 05:08:10', '2025-01-30 05:08:10'),
	(61, 20, 'purchase', 1, 'Compra ID: 23', 1, '2025-01-30 05:08:10', '2025-01-30 05:08:10'),
	(62, 12, 'purchase', 8, 'Compra ID: 23', 1, '2025-01-30 05:08:10', '2025-01-30 05:08:10'),
	(63, 3, 'purchase', 4, 'Compra ID: 23', 1, '2025-01-30 05:08:10', '2025-01-30 05:08:10'),
	(64, 18, 'purchase', 8, 'Compra ID: 23', 1, '2025-01-30 05:08:10', '2025-01-30 05:08:10'),
	(65, 4, 'purchase', 9, 'Compra ID: 23', 1, '2025-01-30 05:08:10', '2025-01-30 05:08:10'),
	(66, 13, 'purchase', 4, 'Compra ID: 24', 1, '2025-01-30 05:08:10', '2025-01-30 05:08:10'),
	(67, 20, 'purchase', 7, 'Compra ID: 24', 1, '2025-01-30 05:08:10', '2025-01-30 05:08:10'),
	(68, 8, 'purchase', 8, 'Compra ID: 24', 1, '2025-01-30 05:08:10', '2025-01-30 05:08:10'),
	(69, 9, 'purchase', 5, 'Compra ID: 24', 1, '2025-01-30 05:08:10', '2025-01-30 05:08:10'),
	(70, 19, 'purchase', 5, 'Compra ID: 24', 1, '2025-01-30 05:08:10', '2025-01-30 05:08:10'),
	(71, 14, 'purchase', 4, 'Compra ID: 24', 1, '2025-01-30 05:08:10', '2025-01-30 05:08:10'),
	(72, 19, 'purchase', 9, 'Compra ID: 24', 1, '2025-01-30 05:08:10', '2025-01-30 05:08:10'),
	(73, 17, 'purchase', 4, 'Compra ID: 24', 1, '2025-01-30 05:08:10', '2025-01-30 05:08:10'),
	(74, 1, 'purchase', 3, 'Compra ID: 24', 1, '2025-01-30 05:08:10', '2025-01-30 05:08:10'),
	(75, 3, 'purchase', 7, 'Compra ID: 24', 1, '2025-01-30 05:08:10', '2025-01-30 05:08:10'),
	(76, 13, 'purchase', 7, 'Compra ID: 24', 1, '2025-01-30 05:08:10', '2025-01-30 05:08:10'),
	(77, 16, 'purchase', 6, 'Compra ID: 24', 1, '2025-01-30 05:08:10', '2025-01-30 05:08:10'),
	(78, 16, 'purchase', 4, 'Compra ID: 24', 1, '2025-01-30 05:08:10', '2025-01-30 05:08:10'),
	(79, 10, 'purchase', 6, 'Compra ID: 24', 1, '2025-01-30 05:08:10', '2025-01-30 05:08:10'),
	(80, 15, 'purchase', 1, 'Compra ID: 24', 1, '2025-01-30 05:08:10', '2025-01-30 05:08:10'),
	(81, 6, 'purchase', 3, 'Compra ID: 24', 1, '2025-01-30 05:08:10', '2025-01-30 05:08:10'),
	(82, 5, 'purchase', 8, 'Compra ID: 24', 1, '2025-01-30 05:08:10', '2025-01-30 05:08:10'),
	(83, 13, 'purchase', 6, 'Compra ID: 24', 1, '2025-01-30 05:08:10', '2025-01-30 05:08:10'),
	(84, 16, 'purchase', 7, 'Compra ID: 24', 1, '2025-01-30 05:08:10', '2025-01-30 05:08:10'),
	(85, 13, 'purchase', 10, 'Compra ID: 24', 1, '2025-01-30 05:08:10', '2025-01-30 05:08:10'),
	(86, 11, 'purchase', 4, 'Compra ID: 25', 1, '2025-01-30 05:08:10', '2025-01-30 05:08:10'),
	(87, 8, 'purchase', 7, 'Compra ID: 25', 1, '2025-01-30 05:08:10', '2025-01-30 05:08:10'),
	(88, 3, 'purchase', 3, 'Compra ID: 25', 1, '2025-01-30 05:08:10', '2025-01-30 05:08:10'),
	(89, 12, 'purchase', 8, 'Compra ID: 25', 1, '2025-01-30 05:08:10', '2025-01-30 05:08:10'),
	(90, 2, 'purchase', 9, 'Compra ID: 26', 1, '2025-01-30 05:08:10', '2025-01-30 05:08:10'),
	(91, 16, 'purchase', 7, 'Compra ID: 26', 1, '2025-01-30 05:08:10', '2025-01-30 05:08:10'),
	(92, 1, 'purchase', 4, 'Compra ID: 26', 1, '2025-01-30 05:08:10', '2025-01-30 05:08:10'),
	(93, 16, 'purchase', 7, 'Compra ID: 26', 1, '2025-01-30 05:08:10', '2025-01-30 05:08:10'),
	(94, 2, 'purchase', 10, 'Compra ID: 27', 1, '2025-01-30 05:08:10', '2025-01-30 05:08:10'),
	(95, 19, 'purchase', 5, 'Compra ID: 27', 1, '2025-01-30 05:08:10', '2025-01-30 05:08:10'),
	(96, 9, 'purchase', 8, 'Compra ID: 27', 1, '2025-01-30 05:08:10', '2025-01-30 05:08:10'),
	(97, 5, 'purchase', 1, 'Compra ID: 27', 1, '2025-01-30 05:08:10', '2025-01-30 05:08:10'),
	(98, 3, 'purchase', 6, 'Compra ID: 27', 1, '2025-01-30 05:08:10', '2025-01-30 05:08:10'),
	(99, 18, 'purchase', 2, 'Compra ID: 27', 1, '2025-01-30 05:08:10', '2025-01-30 05:08:10'),
	(100, 12, 'purchase', 3, 'Compra ID: 27', 1, '2025-01-30 05:08:10', '2025-01-30 05:08:10'),
	(101, 10, 'purchase', 5, 'Compra ID: 27', 1, '2025-01-30 05:08:10', '2025-01-30 05:08:10'),
	(102, 18, 'purchase', 3, 'Compra ID: 27', 1, '2025-01-30 05:08:10', '2025-01-30 05:08:10'),
	(103, 11, 'purchase', 10, 'Compra ID: 27', 1, '2025-01-30 05:08:10', '2025-01-30 05:08:10'),
	(104, 13, 'purchase', 1, 'Compra ID: 27', 1, '2025-01-30 05:08:10', '2025-01-30 05:08:10'),
	(105, 18, 'purchase', 8, 'Compra ID: 27', 1, '2025-01-30 05:08:10', '2025-01-30 05:08:10'),
	(106, 16, 'purchase', 9, 'Compra ID: 27', 1, '2025-01-30 05:08:10', '2025-01-30 05:08:10'),
	(107, 13, 'purchase', 2, 'Compra ID: 27', 1, '2025-01-30 05:08:10', '2025-01-30 05:08:10'),
	(108, 2, 'purchase', 4, 'Compra ID: 27', 1, '2025-01-30 05:08:10', '2025-01-30 05:08:10'),
	(109, 20, 'purchase', 10, 'Compra ID: 27', 1, '2025-01-30 05:08:10', '2025-01-30 05:08:10'),
	(110, 20, 'purchase', 4, 'Compra ID: 27', 1, '2025-01-30 05:08:10', '2025-01-30 05:08:10'),
	(111, 19, 'purchase', 2, 'Compra ID: 27', 1, '2025-01-30 05:08:10', '2025-01-30 05:08:10'),
	(112, 1, 'purchase', 8, 'Compra ID: 28', 1, '2025-01-30 05:08:10', '2025-01-30 05:08:10'),
	(113, 8, 'purchase', 9, 'Compra ID: 28', 1, '2025-01-30 05:08:10', '2025-01-30 05:08:10'),
	(114, 8, 'purchase', 4, 'Compra ID: 28', 1, '2025-01-30 05:08:10', '2025-01-30 05:08:10'),
	(115, 4, 'purchase', 1, 'Compra ID: 28', 1, '2025-01-30 05:08:10', '2025-01-30 05:08:10'),
	(116, 2, 'purchase', 7, 'Compra ID: 28', 1, '2025-01-30 05:08:10', '2025-01-30 05:08:10'),
	(117, 6, 'purchase', 3, 'Compra ID: 28', 1, '2025-01-30 05:08:10', '2025-01-30 05:08:10'),
	(118, 11, 'purchase', 10, 'Compra ID: 28', 1, '2025-01-30 05:08:10', '2025-01-30 05:08:10'),
	(119, 1, 'purchase', 7, 'Compra ID: 28', 1, '2025-01-30 05:08:10', '2025-01-30 05:08:10'),
	(120, 5, 'purchase', 1, 'Compra ID: 28', 1, '2025-01-30 05:08:10', '2025-01-30 05:08:10'),
	(121, 3, 'purchase', 7, 'Compra ID: 28', 1, '2025-01-30 05:08:10', '2025-01-30 05:08:10'),
	(122, 12, 'purchase', 3, 'Compra ID: 28', 1, '2025-01-30 05:08:10', '2025-01-30 05:08:10'),
	(123, 1, 'purchase', 1, 'Compra ID: 28', 1, '2025-01-30 05:08:10', '2025-01-30 05:08:10'),
	(124, 20, 'purchase', 9, 'Compra ID: 29', 1, '2025-01-30 05:08:10', '2025-01-30 05:08:10'),
	(125, 18, 'purchase', 4, 'Compra ID: 29', 1, '2025-01-30 05:08:10', '2025-01-30 05:08:10'),
	(126, 13, 'purchase', 3, 'Compra ID: 30', 1, '2025-01-30 05:08:10', '2025-01-30 05:08:10'),
	(127, 1, 'purchase', 10, 'Compra ID: 30', 1, '2025-01-30 05:08:10', '2025-01-30 05:08:10'),
	(128, 10, 'purchase', 3, 'Compra ID: 31', 1, '2025-01-30 05:08:10', '2025-01-30 05:08:10'),
	(129, 10, 'purchase', 7, 'Compra ID: 31', 1, '2025-01-30 05:08:10', '2025-01-30 05:08:10'),
	(130, 14, 'purchase', 6, 'Compra ID: 31', 1, '2025-01-30 05:08:10', '2025-01-30 05:08:10'),
	(131, 8, 'purchase', 4, 'Compra ID: 31', 1, '2025-01-30 05:08:10', '2025-01-30 05:08:10'),
	(132, 12, 'purchase', 4, 'Compra ID: 31', 1, '2025-01-30 05:08:10', '2025-01-30 05:08:10'),
	(133, 18, 'purchase', 8, 'Compra ID: 31', 1, '2025-01-30 05:08:10', '2025-01-30 05:08:10'),
	(134, 4, 'purchase', 3, 'Compra ID: 31', 1, '2025-01-30 05:08:10', '2025-01-30 05:08:10'),
	(135, 14, 'purchase', 5, 'Compra ID: 31', 1, '2025-01-30 05:08:10', '2025-01-30 05:08:10'),
	(136, 15, 'purchase', 3, 'Compra ID: 31', 1, '2025-01-30 05:08:10', '2025-01-30 05:08:10'),
	(137, 1, 'purchase', 10, 'Compra ID: 31', 1, '2025-01-30 05:08:10', '2025-01-30 05:08:10'),
	(138, 11, 'purchase', 1, 'Compra ID: 31', 1, '2025-01-30 05:08:10', '2025-01-30 05:08:10'),
	(139, 20, 'purchase', 3, 'Compra ID: 31', 1, '2025-01-30 05:08:10', '2025-01-30 05:08:10'),
	(140, 7, 'purchase', 2, 'Compra ID: 31', 1, '2025-01-30 05:08:10', '2025-01-30 05:08:10'),
	(141, 6, 'purchase', 3, 'Compra ID: 31', 1, '2025-01-30 05:08:10', '2025-01-30 05:08:10'),
	(142, 17, 'purchase', 10, 'Compra ID: 31', 1, '2025-01-30 05:08:10', '2025-01-30 05:08:10'),
	(143, 20, 'purchase', 1, 'Compra ID: 31', 1, '2025-01-30 05:08:10', '2025-01-30 05:08:10'),
	(144, 7, 'purchase', 9, 'Compra ID: 31', 1, '2025-01-30 05:08:10', '2025-01-30 05:08:10'),
	(145, 10, 'purchase', 2, 'Compra ID: 31', 1, '2025-01-30 05:08:10', '2025-01-30 05:08:10'),
	(146, 2, 'purchase', 8, 'Compra ID: 31', 1, '2025-01-30 05:08:10', '2025-01-30 05:08:10'),
	(147, 7, 'purchase', 5, 'Compra ID: 32', 1, '2025-01-30 05:08:10', '2025-01-30 05:08:10'),
	(148, 3, 'purchase', 2, 'Compra ID: 32', 1, '2025-01-30 05:08:10', '2025-01-30 05:08:10'),
	(149, 13, 'purchase', 3, 'Compra ID: 32', 1, '2025-01-30 05:08:10', '2025-01-30 05:08:10'),
	(150, 17, 'purchase', 10, 'Compra ID: 32', 1, '2025-01-30 05:08:10', '2025-01-30 05:08:10'),
	(151, 20, 'purchase', 10, 'Compra ID: 32', 1, '2025-01-30 05:08:10', '2025-01-30 05:08:10'),
	(152, 4, 'purchase', 1, 'Compra ID: 32', 1, '2025-01-30 05:08:10', '2025-01-30 05:08:10'),
	(153, 1, 'purchase', 2, 'Compra ID: 32', 1, '2025-01-30 05:08:10', '2025-01-30 05:08:10'),
	(154, 13, 'purchase', 1, 'Compra ID: 33', 1, '2025-01-30 05:08:10', '2025-01-30 05:08:10'),
	(155, 19, 'purchase', 9, 'Compra ID: 33', 1, '2025-01-30 05:08:10', '2025-01-30 05:08:10'),
	(156, 13, 'purchase', 8, 'Compra ID: 33', 1, '2025-01-30 05:08:10', '2025-01-30 05:08:10'),
	(157, 5, 'purchase', 1, 'Compra ID: 33', 1, '2025-01-30 05:08:10', '2025-01-30 05:08:10'),
	(158, 15, 'purchase', 3, 'Compra ID: 33', 1, '2025-01-30 05:08:10', '2025-01-30 05:08:10'),
	(159, 16, 'purchase', 5, 'Compra ID: 33', 1, '2025-01-30 05:08:10', '2025-01-30 05:08:10'),
	(160, 13, 'purchase', 9, 'Compra ID: 33', 1, '2025-01-30 05:08:10', '2025-01-30 05:08:10'),
	(161, 5, 'purchase', 6, 'Compra ID: 34', 1, '2025-01-30 05:08:10', '2025-01-30 05:08:10'),
	(162, 4, 'purchase', 3, 'Compra ID: 34', 1, '2025-01-30 05:08:10', '2025-01-30 05:08:10'),
	(163, 6, 'purchase', 2, 'Compra ID: 34', 1, '2025-01-30 05:08:10', '2025-01-30 05:08:10'),
	(164, 17, 'purchase', 6, 'Compra ID: 34', 1, '2025-01-30 05:08:10', '2025-01-30 05:08:10'),
	(165, 12, 'purchase', 8, 'Compra ID: 34', 1, '2025-01-30 05:08:10', '2025-01-30 05:08:10'),
	(166, 9, 'purchase', 9, 'Compra ID: 34', 1, '2025-01-30 05:08:10', '2025-01-30 05:08:10'),
	(167, 20, 'purchase', 8, 'Compra ID: 35', 1, '2025-01-30 05:08:10', '2025-01-30 05:08:10'),
	(168, 8, 'purchase', 5, 'Compra ID: 35', 1, '2025-01-30 05:08:10', '2025-01-30 05:08:10'),
	(169, 13, 'purchase', 3, 'Compra ID: 35', 1, '2025-01-30 05:08:10', '2025-01-30 05:08:10'),
	(170, 4, 'purchase', 9, 'Compra ID: 35', 1, '2025-01-30 05:08:10', '2025-01-30 05:08:10'),
	(171, 4, 'purchase', 4, 'Compra ID: 35', 1, '2025-01-30 05:08:10', '2025-01-30 05:08:10'),
	(172, 8, 'purchase', 1, 'Compra ID: 35', 1, '2025-01-30 05:08:10', '2025-01-30 05:08:10'),
	(173, 19, 'purchase', 1, 'Compra ID: 36', 1, '2025-01-30 05:08:10', '2025-01-30 05:08:10'),
	(174, 19, 'purchase', 1, 'Compra ID: 36', 1, '2025-01-30 05:08:10', '2025-01-30 05:08:10'),
	(175, 13, 'purchase', 5, 'Compra ID: 36', 1, '2025-01-30 05:08:10', '2025-01-30 05:08:10'),
	(176, 10, 'purchase', 2, 'Compra ID: 36', 1, '2025-01-30 05:08:10', '2025-01-30 05:08:10'),
	(177, 7, 'purchase', 9, 'Compra ID: 36', 1, '2025-01-30 05:08:10', '2025-01-30 05:08:10'),
	(178, 7, 'purchase', 8, 'Compra ID: 37', 1, '2025-01-30 05:08:10', '2025-01-30 05:08:10'),
	(179, 3, 'purchase', 4, 'Compra ID: 37', 1, '2025-01-30 05:08:10', '2025-01-30 05:08:10'),
	(180, 2, 'purchase', 1, 'Compra ID: 37', 1, '2025-01-30 05:08:10', '2025-01-30 05:08:10'),
	(181, 1, 'purchase', 3, 'Compra ID: 37', 1, '2025-01-30 05:08:10', '2025-01-30 05:08:10'),
	(182, 19, 'purchase', 8, 'Compra ID: 38', 1, '2025-01-30 05:08:10', '2025-01-30 05:08:10'),
	(183, 20, 'purchase', 8, 'Compra ID: 38', 1, '2025-01-30 05:08:10', '2025-01-30 05:08:10'),
	(184, 12, 'purchase', 1, 'Compra ID: 39', 1, '2025-01-30 05:08:10', '2025-01-30 05:08:10'),
	(185, 10, 'purchase', 7, 'Compra ID: 39', 1, '2025-01-30 05:08:10', '2025-01-30 05:08:10'),
	(186, 18, 'purchase', 3, 'Compra ID: 39', 1, '2025-01-30 05:08:10', '2025-01-30 05:08:10'),
	(187, 4, 'purchase', 5, 'Compra ID: 39', 1, '2025-01-30 05:08:10', '2025-01-30 05:08:10'),
	(188, 13, 'purchase', 3, 'Compra ID: 39', 1, '2025-01-30 05:08:10', '2025-01-30 05:08:10'),
	(189, 16, 'purchase', 6, 'Compra ID: 39', 1, '2025-01-30 05:08:10', '2025-01-30 05:08:10'),
	(190, 10, 'purchase', 6, 'Compra ID: 39', 1, '2025-01-30 05:08:10', '2025-01-30 05:08:10'),
	(191, 6, 'purchase', 4, 'Compra ID: 39', 1, '2025-01-30 05:08:10', '2025-01-30 05:08:10'),
	(192, 9, 'purchase', 1, 'Compra ID: 39', 1, '2025-01-30 05:08:10', '2025-01-30 05:08:10'),
	(193, 18, 'purchase', 5, 'Compra ID: 40', 1, '2025-01-30 05:08:10', '2025-01-30 05:08:10'),
	(194, 15, 'purchase', 7, 'Compra ID: 40', 1, '2025-01-30 05:08:10', '2025-01-30 05:08:10'),
	(195, 12, 'purchase', 3, 'Compra ID: 40', 1, '2025-01-30 05:08:10', '2025-01-30 05:08:10'),
	(196, 5, 'purchase', 8, 'Compra ID: 40', 1, '2025-01-30 05:08:10', '2025-01-30 05:08:10'),
	(197, 12, 'purchase', 4, 'Compra ID: 40', 1, '2025-01-30 05:08:10', '2025-01-30 05:08:10'),
	(198, 12, 'purchase', 2, 'Compra ID: 40', 1, '2025-01-30 05:08:10', '2025-01-30 05:08:10'),
	(199, 18, 'purchase', 1, 'Compra ID: 40', 1, '2025-01-30 05:08:10', '2025-01-30 05:08:10'),
	(200, 5, 'purchase', 8, 'Compra ID: 40', 1, '2025-01-30 05:08:10', '2025-01-30 05:08:10'),
	(201, 13, 'purchase', 3, 'Compra ID: 40', 1, '2025-01-30 05:08:10', '2025-01-30 05:08:10'),
	(202, 18, 'purchase', 10, 'Compra ID: 40', 1, '2025-01-30 05:08:11', '2025-01-30 05:08:11'),
	(203, 11, 'purchase', 3, 'Compra ID: 40', 1, '2025-01-30 05:08:11', '2025-01-30 05:08:11'),
	(204, 18, 'purchase', 7, 'Compra ID: 40', 1, '2025-01-30 05:08:11', '2025-01-30 05:08:11'),
	(205, 2, 'purchase', 2, 'Compra ID: 40', 1, '2025-01-30 05:08:11', '2025-01-30 05:08:11'),
	(206, 16, 'purchase', 4, 'Compra ID: 40', 1, '2025-01-30 05:08:11', '2025-01-30 05:08:11'),
	(207, 11, 'purchase', 5, 'Compra ID: 40', 1, '2025-01-30 05:08:11', '2025-01-30 05:08:11'),
	(208, 13, 'purchase', 10, 'Compra ID: 40', 1, '2025-01-30 05:08:11', '2025-01-30 05:08:11'),
	(209, 3, 'purchase', 3, 'Compra ID: 40', 1, '2025-01-30 05:08:11', '2025-01-30 05:08:11'),
	(210, 8, 'purchase', 2, 'Compra ID: 40', 1, '2025-01-30 05:08:11', '2025-01-30 05:08:11'),
	(211, 18, 'purchase', 6, 'Compra ID: 40', 1, '2025-01-30 05:08:11', '2025-01-30 05:08:11'),
	(212, 19, 'purchase', 9, 'Compra ID: 41', 1, '2025-01-30 05:08:11', '2025-01-30 05:08:11'),
	(213, 16, 'purchase', 1, 'Compra ID: 41', 1, '2025-01-30 05:08:11', '2025-01-30 05:08:11'),
	(214, 14, 'purchase', 1, 'Compra ID: 41', 1, '2025-01-30 05:08:11', '2025-01-30 05:08:11'),
	(215, 20, 'purchase', 3, 'Compra ID: 41', 1, '2025-01-30 05:08:11', '2025-01-30 05:08:11'),
	(216, 16, 'purchase', 1, 'Compra ID: 41', 1, '2025-01-30 05:08:11', '2025-01-30 05:08:11'),
	(217, 12, 'purchase', 9, 'Compra ID: 41', 1, '2025-01-30 05:08:11', '2025-01-30 05:08:11'),
	(218, 6, 'purchase', 10, 'Compra ID: 41', 1, '2025-01-30 05:08:11', '2025-01-30 05:08:11'),
	(219, 15, 'purchase', 4, 'Compra ID: 41', 1, '2025-01-30 05:08:11', '2025-01-30 05:08:11'),
	(220, 20, 'purchase', 7, 'Compra ID: 41', 1, '2025-01-30 05:08:11', '2025-01-30 05:08:11'),
	(221, 5, 'purchase', 6, 'Compra ID: 41', 1, '2025-01-30 05:08:11', '2025-01-30 05:08:11'),
	(222, 10, 'purchase', 10, 'Compra ID: 41', 1, '2025-01-30 05:08:11', '2025-01-30 05:08:11'),
	(223, 11, 'purchase', 3, 'Compra ID: 42', 1, '2025-01-30 05:08:11', '2025-01-30 05:08:11'),
	(224, 5, 'purchase', 2, 'Compra ID: 42', 1, '2025-01-30 05:08:11', '2025-01-30 05:08:11'),
	(225, 20, 'purchase', 6, 'Compra ID: 42', 1, '2025-01-30 05:08:11', '2025-01-30 05:08:11'),
	(226, 1, 'purchase', 8, 'Compra ID: 42', 1, '2025-01-30 05:08:11', '2025-01-30 05:08:11'),
	(227, 20, 'purchase', 6, 'Compra ID: 42', 1, '2025-01-30 05:08:11', '2025-01-30 05:08:11'),
	(228, 2, 'purchase', 2, 'Compra ID: 42', 1, '2025-01-30 05:08:11', '2025-01-30 05:08:11'),
	(229, 12, 'purchase', 3, 'Compra ID: 42', 1, '2025-01-30 05:08:11', '2025-01-30 05:08:11'),
	(230, 20, 'purchase', 9, 'Compra ID: 42', 1, '2025-01-30 05:08:11', '2025-01-30 05:08:11'),
	(231, 19, 'purchase', 4, 'Compra ID: 42', 1, '2025-01-30 05:08:11', '2025-01-30 05:08:11'),
	(232, 5, 'purchase', 1, 'Compra ID: 42', 1, '2025-01-30 05:08:11', '2025-01-30 05:08:11'),
	(233, 16, 'purchase', 6, 'Compra ID: 42', 1, '2025-01-30 05:08:11', '2025-01-30 05:08:11'),
	(234, 19, 'purchase', 9, 'Compra ID: 42', 1, '2025-01-30 05:08:11', '2025-01-30 05:08:11'),
	(235, 7, 'purchase', 9, 'Compra ID: 42', 1, '2025-01-30 05:08:11', '2025-01-30 05:08:11'),
	(236, 2, 'purchase', 8, 'Compra ID: 42', 1, '2025-01-30 05:08:11', '2025-01-30 05:08:11'),
	(237, 11, 'purchase', 5, 'Compra ID: 43', 1, '2025-01-30 05:08:11', '2025-01-30 05:08:11'),
	(238, 14, 'purchase', 7, 'Compra ID: 43', 1, '2025-01-30 05:08:11', '2025-01-30 05:08:11'),
	(239, 6, 'purchase', 6, 'Compra ID: 43', 1, '2025-01-30 05:08:11', '2025-01-30 05:08:11'),
	(240, 18, 'purchase', 3, 'Compra ID: 43', 1, '2025-01-30 05:08:11', '2025-01-30 05:08:11'),
	(241, 17, 'purchase', 5, 'Compra ID: 43', 1, '2025-01-30 05:08:11', '2025-01-30 05:08:11'),
	(242, 16, 'purchase', 7, 'Compra ID: 43', 1, '2025-01-30 05:08:11', '2025-01-30 05:08:11'),
	(243, 17, 'purchase', 7, 'Compra ID: 43', 1, '2025-01-30 05:08:11', '2025-01-30 05:08:11'),
	(244, 2, 'purchase', 9, 'Compra ID: 43', 1, '2025-01-30 05:08:11', '2025-01-30 05:08:11'),
	(245, 12, 'purchase', 7, 'Compra ID: 43', 1, '2025-01-30 05:08:11', '2025-01-30 05:08:11'),
	(246, 12, 'purchase', 4, 'Compra ID: 43', 1, '2025-01-30 05:08:11', '2025-01-30 05:08:11'),
	(247, 4, 'purchase', 7, 'Compra ID: 43', 1, '2025-01-30 05:08:11', '2025-01-30 05:08:11'),
	(248, 3, 'purchase', 5, 'Compra ID: 43', 1, '2025-01-30 05:08:11', '2025-01-30 05:08:11'),
	(249, 10, 'purchase', 1, 'Compra ID: 43', 1, '2025-01-30 05:08:11', '2025-01-30 05:08:11'),
	(250, 8, 'purchase', 10, 'Compra ID: 43', 1, '2025-01-30 05:08:11', '2025-01-30 05:08:11'),
	(251, 7, 'purchase', 5, 'Compra ID: 43', 1, '2025-01-30 05:08:11', '2025-01-30 05:08:11'),
	(252, 20, 'purchase', 9, 'Compra ID: 43', 1, '2025-01-30 05:08:11', '2025-01-30 05:08:11'),
	(253, 14, 'purchase', 9, 'Compra ID: 43', 1, '2025-01-30 05:08:11', '2025-01-30 05:08:11'),
	(254, 2, 'purchase', 6, 'Compra ID: 43', 1, '2025-01-30 05:08:11', '2025-01-30 05:08:11'),
	(255, 12, 'purchase', 2, 'Compra ID: 44', 1, '2025-01-30 05:08:11', '2025-01-30 05:08:11'),
	(256, 17, 'purchase', 2, 'Compra ID: 44', 1, '2025-01-30 05:08:11', '2025-01-30 05:08:11'),
	(257, 20, 'purchase', 7, 'Compra ID: 44', 1, '2025-01-30 05:08:11', '2025-01-30 05:08:11'),
	(258, 19, 'purchase', 9, 'Compra ID: 44', 1, '2025-01-30 05:08:11', '2025-01-30 05:08:11'),
	(259, 2, 'purchase', 10, 'Compra ID: 44', 1, '2025-01-30 05:08:11', '2025-01-30 05:08:11'),
	(260, 5, 'purchase', 7, 'Compra ID: 44', 1, '2025-01-30 05:08:11', '2025-01-30 05:08:11'),
	(261, 9, 'purchase', 3, 'Compra ID: 44', 1, '2025-01-30 05:08:11', '2025-01-30 05:08:11'),
	(262, 3, 'purchase', 5, 'Compra ID: 45', 1, '2025-01-30 05:08:11', '2025-01-30 05:08:11'),
	(263, 18, 'purchase', 3, 'Compra ID: 45', 1, '2025-01-30 05:08:11', '2025-01-30 05:08:11'),
	(264, 19, 'purchase', 6, 'Compra ID: 45', 1, '2025-01-30 05:08:11', '2025-01-30 05:08:11'),
	(265, 12, 'purchase', 10, 'Compra ID: 45', 1, '2025-01-30 05:08:11', '2025-01-30 05:08:11'),
	(266, 8, 'purchase', 7, 'Compra ID: 45', 1, '2025-01-30 05:08:11', '2025-01-30 05:08:11'),
	(267, 5, 'purchase', 6, 'Compra ID: 45', 1, '2025-01-30 05:08:11', '2025-01-30 05:08:11'),
	(268, 20, 'purchase', 9, 'Compra ID: 45', 1, '2025-01-30 05:08:11', '2025-01-30 05:08:11'),
	(269, 9, 'purchase', 7, 'Compra ID: 45', 1, '2025-01-30 05:08:11', '2025-01-30 05:08:11'),
	(270, 15, 'purchase', 1, 'Compra ID: 45', 1, '2025-01-30 05:08:11', '2025-01-30 05:08:11'),
	(271, 2, 'purchase', 3, 'Compra ID: 45', 1, '2025-01-30 05:08:11', '2025-01-30 05:08:11'),
	(272, 19, 'purchase', 1, 'Compra ID: 45', 1, '2025-01-30 05:08:11', '2025-01-30 05:08:11'),
	(273, 18, 'purchase', 5, 'Compra ID: 46', 1, '2025-01-30 05:08:11', '2025-01-30 05:08:11'),
	(274, 15, 'purchase', 3, 'Compra ID: 46', 1, '2025-01-30 05:08:11', '2025-01-30 05:08:11'),
	(275, 18, 'purchase', 7, 'Compra ID: 46', 1, '2025-01-30 05:08:11', '2025-01-30 05:08:11'),
	(276, 7, 'purchase', 1, 'Compra ID: 46', 1, '2025-01-30 05:08:11', '2025-01-30 05:08:11'),
	(277, 14, 'purchase', 3, 'Compra ID: 46', 1, '2025-01-30 05:08:11', '2025-01-30 05:08:11'),
	(278, 15, 'purchase', 8, 'Compra ID: 46', 1, '2025-01-30 05:08:11', '2025-01-30 05:08:11'),
	(279, 14, 'purchase', 5, 'Compra ID: 46', 1, '2025-01-30 05:08:11', '2025-01-30 05:08:11'),
	(280, 7, 'purchase', 1, 'Compra ID: 46', 1, '2025-01-30 05:08:11', '2025-01-30 05:08:11'),
	(281, 6, 'purchase', 5, 'Compra ID: 46', 1, '2025-01-30 05:08:11', '2025-01-30 05:08:11'),
	(282, 16, 'purchase', 8, 'Compra ID: 46', 1, '2025-01-30 05:08:11', '2025-01-30 05:08:11'),
	(283, 7, 'purchase', 10, 'Compra ID: 46', 1, '2025-01-30 05:08:11', '2025-01-30 05:08:11'),
	(284, 8, 'purchase', 1, 'Compra ID: 46', 1, '2025-01-30 05:08:11', '2025-01-30 05:08:11'),
	(285, 19, 'purchase', 6, 'Compra ID: 46', 1, '2025-01-30 05:08:11', '2025-01-30 05:08:11'),
	(286, 20, 'purchase', 10, 'Compra ID: 46', 1, '2025-01-30 05:08:11', '2025-01-30 05:08:11'),
	(287, 9, 'purchase', 10, 'Compra ID: 47', 1, '2025-01-30 05:08:11', '2025-01-30 05:08:11'),
	(288, 12, 'purchase', 2, 'Compra ID: 47', 1, '2025-01-30 05:08:11', '2025-01-30 05:08:11'),
	(289, 14, 'purchase', 4, 'Compra ID: 47', 1, '2025-01-30 05:08:11', '2025-01-30 05:08:11'),
	(290, 4, 'purchase', 7, 'Compra ID: 47', 1, '2025-01-30 05:08:11', '2025-01-30 05:08:11'),
	(291, 15, 'purchase', 10, 'Compra ID: 47', 1, '2025-01-30 05:08:11', '2025-01-30 05:08:11'),
	(292, 4, 'purchase', 5, 'Compra ID: 47', 1, '2025-01-30 05:08:11', '2025-01-30 05:08:11'),
	(293, 10, 'purchase', 7, 'Compra ID: 47', 1, '2025-01-30 05:08:11', '2025-01-30 05:08:11'),
	(294, 5, 'purchase', 3, 'Compra ID: 47', 1, '2025-01-30 05:08:11', '2025-01-30 05:08:11'),
	(295, 16, 'purchase', 2, 'Compra ID: 47', 1, '2025-01-30 05:08:11', '2025-01-30 05:08:11'),
	(296, 3, 'purchase', 3, 'Compra ID: 47', 1, '2025-01-30 05:08:11', '2025-01-30 05:08:11'),
	(297, 18, 'purchase', 2, 'Compra ID: 47', 1, '2025-01-30 05:08:11', '2025-01-30 05:08:11'),
	(298, 19, 'purchase', 1, 'Compra ID: 47', 1, '2025-01-30 05:08:11', '2025-01-30 05:08:11'),
	(299, 1, 'purchase', 4, 'Compra ID: 47', 1, '2025-01-30 05:08:11', '2025-01-30 05:08:11'),
	(300, 3, 'purchase', 1, 'Compra ID: 47', 1, '2025-01-30 05:08:11', '2025-01-30 05:08:11'),
	(301, 18, 'purchase', 7, 'Compra ID: 48', 1, '2025-01-30 05:08:11', '2025-01-30 05:08:11'),
	(302, 11, 'purchase', 9, 'Compra ID: 48', 1, '2025-01-30 05:08:11', '2025-01-30 05:08:11'),
	(303, 12, 'purchase', 4, 'Compra ID: 48', 1, '2025-01-30 05:08:11', '2025-01-30 05:08:11'),
	(304, 8, 'purchase', 7, 'Compra ID: 48', 1, '2025-01-30 05:08:11', '2025-01-30 05:08:11'),
	(305, 15, 'purchase', 5, 'Compra ID: 48', 1, '2025-01-30 05:08:11', '2025-01-30 05:08:11'),
	(306, 15, 'purchase', 9, 'Compra ID: 48', 1, '2025-01-30 05:08:11', '2025-01-30 05:08:11'),
	(307, 20, 'purchase', 5, 'Compra ID: 48', 1, '2025-01-30 05:08:11', '2025-01-30 05:08:11'),
	(308, 13, 'purchase', 8, 'Compra ID: 48', 1, '2025-01-30 05:08:11', '2025-01-30 05:08:11'),
	(309, 7, 'purchase', 9, 'Compra ID: 49', 1, '2025-01-30 05:08:11', '2025-01-30 05:08:11'),
	(310, 4, 'purchase', 8, 'Compra ID: 49', 1, '2025-01-30 05:08:11', '2025-01-30 05:08:11'),
	(311, 19, 'purchase', 3, 'Compra ID: 49', 1, '2025-01-30 05:08:11', '2025-01-30 05:08:11'),
	(312, 19, 'purchase', 1, 'Compra ID: 49', 1, '2025-01-30 05:08:11', '2025-01-30 05:08:11'),
	(313, 14, 'purchase', 8, 'Compra ID: 49', 1, '2025-01-30 05:08:11', '2025-01-30 05:08:11'),
	(314, 8, 'purchase', 10, 'Compra ID: 49', 1, '2025-01-30 05:08:11', '2025-01-30 05:08:11'),
	(315, 16, 'purchase', 7, 'Compra ID: 49', 1, '2025-01-30 05:08:11', '2025-01-30 05:08:11'),
	(316, 15, 'purchase', 6, 'Compra ID: 49', 1, '2025-01-30 05:08:11', '2025-01-30 05:08:11'),
	(317, 12, 'purchase', 7, 'Compra ID: 49', 1, '2025-01-30 05:08:11', '2025-01-30 05:08:11'),
	(318, 13, 'purchase', 7, 'Compra ID: 49', 1, '2025-01-30 05:08:11', '2025-01-30 05:08:11'),
	(319, 5, 'purchase', 4, 'Compra ID: 49', 1, '2025-01-30 05:08:11', '2025-01-30 05:08:11'),
	(320, 13, 'purchase', 7, 'Compra ID: 49', 1, '2025-01-30 05:08:11', '2025-01-30 05:08:11'),
	(321, 4, 'purchase', 4, 'Compra ID: 49', 1, '2025-01-30 05:08:11', '2025-01-30 05:08:11'),
	(322, 14, 'purchase', 6, 'Compra ID: 49', 1, '2025-01-30 05:08:11', '2025-01-30 05:08:11'),
	(323, 3, 'purchase', 5, 'Compra ID: 49', 1, '2025-01-30 05:08:11', '2025-01-30 05:08:11'),
	(324, 9, 'purchase', 4, 'Compra ID: 49', 1, '2025-01-30 05:08:11', '2025-01-30 05:08:11'),
	(325, 19, 'purchase', 7, 'Compra ID: 49', 1, '2025-01-30 05:08:11', '2025-01-30 05:08:11'),
	(326, 15, 'purchase', 8, 'Compra ID: 49', 1, '2025-01-30 05:08:11', '2025-01-30 05:08:11'),
	(327, 20, 'purchase', 3, 'Compra ID: 49', 1, '2025-01-30 05:08:11', '2025-01-30 05:08:11'),
	(328, 12, 'purchase', 3, 'Compra ID: 50', 1, '2025-01-30 05:08:11', '2025-01-30 05:08:11'),
	(329, 7, 'purchase', 10, 'Compra ID: 50', 1, '2025-01-30 05:08:11', '2025-01-30 05:08:11'),
	(330, 7, 'purchase', 4, 'Compra ID: 50', 1, '2025-01-30 05:08:11', '2025-01-30 05:08:11'),
	(331, 9, 'purchase', 3, 'Compra ID: 50', 1, '2025-01-30 05:08:11', '2025-01-30 05:08:11'),
	(332, 5, 'purchase', 6, 'Compra ID: 50', 1, '2025-01-30 05:08:11', '2025-01-30 05:08:11'),
	(333, 19, 'purchase', 4, 'Compra ID: 50', 1, '2025-01-30 05:08:11', '2025-01-30 05:08:11'),
	(334, 2, 'purchase', 7, 'Compra ID: 50', 1, '2025-01-30 05:08:11', '2025-01-30 05:08:11'),
	(335, 1, 'purchase', 5, 'Compra ID: 50', 1, '2025-01-30 05:08:11', '2025-01-30 05:08:11'),
	(336, 13, 'purchase', 6, 'Compra ID: 50', 1, '2025-01-30 05:08:11', '2025-01-30 05:08:11'),
	(337, 12, 'purchase', 10, 'Compra ID: 50', 1, '2025-01-30 05:08:11', '2025-01-30 05:08:11'),
	(338, 2, 'purchase', 6, 'Compra ID: 50', 1, '2025-01-30 05:08:11', '2025-01-30 05:08:11'),
	(339, 8, 'purchase', 4, 'Compra ID: 50', 1, '2025-01-30 05:08:11', '2025-01-30 05:08:11'),
	(340, 10, 'purchase', 7, 'Compra ID: 50', 1, '2025-01-30 05:08:11', '2025-01-30 05:08:11'),
	(341, 5, 'purchase', 4, 'Compra ID: 51', 1, '2025-01-30 05:08:11', '2025-01-30 05:08:11'),
	(342, 19, 'purchase', 8, 'Compra ID: 51', 1, '2025-01-30 05:08:11', '2025-01-30 05:08:11'),
	(343, 17, 'purchase', 9, 'Compra ID: 51', 1, '2025-01-30 05:08:11', '2025-01-30 05:08:11'),
	(344, 10, 'purchase', 2, 'Compra ID: 51', 1, '2025-01-30 05:08:11', '2025-01-30 05:08:11'),
	(345, 1, 'purchase', 2, 'Compra ID: 51', 1, '2025-01-30 05:08:11', '2025-01-30 05:08:11'),
	(346, 4, 'purchase', 5, 'Compra ID: 51', 1, '2025-01-30 05:08:11', '2025-01-30 05:08:11'),
	(347, 12, 'purchase', 1, 'Compra ID: 52', 1, '2025-01-30 05:08:11', '2025-01-30 05:08:11'),
	(348, 12, 'purchase', 5, 'Compra ID: 52', 1, '2025-01-30 05:08:11', '2025-01-30 05:08:11'),
	(349, 5, 'purchase', 1, 'Compra ID: 52', 1, '2025-01-30 05:08:11', '2025-01-30 05:08:11'),
	(350, 11, 'purchase', 5, 'Compra ID: 52', 1, '2025-01-30 05:08:11', '2025-01-30 05:08:11'),
	(351, 14, 'purchase', 9, 'Compra ID: 52', 1, '2025-01-30 05:08:11', '2025-01-30 05:08:11'),
	(352, 20, 'purchase', 7, 'Compra ID: 52', 1, '2025-01-30 05:08:11', '2025-01-30 05:08:11'),
	(353, 11, 'purchase', 3, 'Compra ID: 52', 1, '2025-01-30 05:08:11', '2025-01-30 05:08:11'),
	(354, 5, 'purchase', 10, 'Compra ID: 52', 1, '2025-01-30 05:08:11', '2025-01-30 05:08:11'),
	(355, 8, 'purchase', 8, 'Compra ID: 52', 1, '2025-01-30 05:08:11', '2025-01-30 05:08:11'),
	(356, 8, 'purchase', 3, 'Compra ID: 52', 1, '2025-01-30 05:08:11', '2025-01-30 05:08:11'),
	(357, 16, 'purchase', 8, 'Compra ID: 52', 1, '2025-01-30 05:08:11', '2025-01-30 05:08:11'),
	(358, 15, 'purchase', 10, 'Compra ID: 52', 1, '2025-01-30 05:08:11', '2025-01-30 05:08:11'),
	(359, 13, 'purchase', 8, 'Compra ID: 52', 1, '2025-01-30 05:08:11', '2025-01-30 05:08:11'),
	(360, 10, 'purchase', 4, 'Compra ID: 53', 1, '2025-01-30 05:08:11', '2025-01-30 05:08:11'),
	(361, 5, 'purchase', 10, 'Compra ID: 53', 1, '2025-01-30 05:08:11', '2025-01-30 05:08:11'),
	(362, 3, 'purchase', 6, 'Compra ID: 53', 1, '2025-01-30 05:08:11', '2025-01-30 05:08:11'),
	(363, 18, 'purchase', 7, 'Compra ID: 53', 1, '2025-01-30 05:08:11', '2025-01-30 05:08:11'),
	(364, 17, 'purchase', 2, 'Compra ID: 53', 1, '2025-01-30 05:08:11', '2025-01-30 05:08:11'),
	(365, 1, 'purchase', 6, 'Compra ID: 53', 1, '2025-01-30 05:08:11', '2025-01-30 05:08:11'),
	(366, 18, 'purchase', 7, 'Compra ID: 53', 1, '2025-01-30 05:08:11', '2025-01-30 05:08:11'),
	(367, 9, 'purchase', 3, 'Compra ID: 53', 1, '2025-01-30 05:08:11', '2025-01-30 05:08:11'),
	(368, 1, 'purchase', 7, 'Compra ID: 53', 1, '2025-01-30 05:08:11', '2025-01-30 05:08:11'),
	(369, 11, 'purchase', 7, 'Compra ID: 53', 1, '2025-01-30 05:08:11', '2025-01-30 05:08:11'),
	(370, 13, 'purchase', 9, 'Compra ID: 53', 1, '2025-01-30 05:08:11', '2025-01-30 05:08:11'),
	(371, 20, 'purchase', 3, 'Compra ID: 53', 1, '2025-01-30 05:08:11', '2025-01-30 05:08:11'),
	(372, 17, 'purchase', 9, 'Compra ID: 54', 1, '2025-01-30 05:08:11', '2025-01-30 05:08:11'),
	(373, 19, 'purchase', 9, 'Compra ID: 54', 1, '2025-01-30 05:08:11', '2025-01-30 05:08:11'),
	(374, 8, 'purchase', 8, 'Compra ID: 54', 1, '2025-01-30 05:08:11', '2025-01-30 05:08:11'),
	(375, 12, 'purchase', 1, 'Compra ID: 54', 1, '2025-01-30 05:08:11', '2025-01-30 05:08:11'),
	(376, 20, 'purchase', 5, 'Compra ID: 55', 1, '2025-01-30 05:08:11', '2025-01-30 05:08:11'),
	(377, 11, 'purchase', 3, 'Compra ID: 55', 1, '2025-01-30 05:08:11', '2025-01-30 05:08:11'),
	(378, 4, 'purchase', 6, 'Compra ID: 55', 1, '2025-01-30 05:08:11', '2025-01-30 05:08:11'),
	(379, 17, 'purchase', 10, 'Compra ID: 55', 1, '2025-01-30 05:08:11', '2025-01-30 05:08:11'),
	(380, 16, 'purchase', 2, 'Compra ID: 55', 1, '2025-01-30 05:08:11', '2025-01-30 05:08:11'),
	(381, 12, 'purchase', 6, 'Compra ID: 55', 1, '2025-01-30 05:08:11', '2025-01-30 05:08:11'),
	(382, 5, 'purchase', 6, 'Compra ID: 55', 1, '2025-01-30 05:08:11', '2025-01-30 05:08:11'),
	(383, 20, 'purchase', 9, 'Compra ID: 55', 1, '2025-01-30 05:08:11', '2025-01-30 05:08:11'),
	(384, 17, 'purchase', 5, 'Compra ID: 55', 1, '2025-01-30 05:08:11', '2025-01-30 05:08:11'),
	(385, 8, 'purchase', 3, 'Compra ID: 55', 1, '2025-01-30 05:08:11', '2025-01-30 05:08:11'),
	(386, 17, 'purchase', 8, 'Compra ID: 55', 1, '2025-01-30 05:08:11', '2025-01-30 05:08:11'),
	(387, 20, 'purchase', 10, 'Compra ID: 55', 1, '2025-01-30 05:08:11', '2025-01-30 05:08:11'),
	(388, 6, 'purchase', 10, 'Compra ID: 55', 1, '2025-01-30 05:08:11', '2025-01-30 05:08:11'),
	(389, 13, 'purchase', 6, 'Compra ID: 55', 1, '2025-01-30 05:08:11', '2025-01-30 05:08:11'),
	(390, 4, 'purchase', 1, 'Compra ID: 55', 1, '2025-01-30 05:08:11', '2025-01-30 05:08:11'),
	(391, 5, 'purchase', 10, 'Compra ID: 56', 1, '2025-01-30 05:08:11', '2025-01-30 05:08:11'),
	(392, 19, 'purchase', 3, 'Compra ID: 56', 1, '2025-01-30 05:08:11', '2025-01-30 05:08:11'),
	(393, 20, 'purchase', 3, 'Compra ID: 56', 1, '2025-01-30 05:08:11', '2025-01-30 05:08:11'),
	(394, 5, 'purchase', 4, 'Compra ID: 57', 1, '2025-01-30 05:08:11', '2025-01-30 05:08:11'),
	(395, 20, 'purchase', 3, 'Compra ID: 57', 1, '2025-01-30 05:08:11', '2025-01-30 05:08:11'),
	(396, 1, 'purchase', 9, 'Compra ID: 58', 1, '2025-01-30 05:08:11', '2025-01-30 05:08:11'),
	(397, 3, 'purchase', 7, 'Compra ID: 58', 1, '2025-01-30 05:08:11', '2025-01-30 05:08:11'),
	(398, 2, 'purchase', 1, 'Compra ID: 58', 1, '2025-01-30 05:08:11', '2025-01-30 05:08:11'),
	(399, 10, 'purchase', 4, 'Compra ID: 58', 1, '2025-01-30 05:08:11', '2025-01-30 05:08:11'),
	(400, 7, 'purchase', 7, 'Compra ID: 58', 1, '2025-01-30 05:08:11', '2025-01-30 05:08:11'),
	(401, 1, 'purchase', 3, 'Compra ID: 58', 1, '2025-01-30 05:08:11', '2025-01-30 05:08:11'),
	(402, 16, 'purchase', 8, 'Compra ID: 59', 1, '2025-01-30 05:08:11', '2025-01-30 05:08:11'),
	(403, 6, 'purchase', 8, 'Compra ID: 59', 1, '2025-01-30 05:08:11', '2025-01-30 05:08:11'),
	(404, 14, 'purchase', 6, 'Compra ID: 59', 1, '2025-01-30 05:08:11', '2025-01-30 05:08:11'),
	(405, 14, 'purchase', 4, 'Compra ID: 59', 1, '2025-01-30 05:08:11', '2025-01-30 05:08:11'),
	(406, 12, 'purchase', 1, 'Compra ID: 59', 1, '2025-01-30 05:08:11', '2025-01-30 05:08:11'),
	(407, 1, 'purchase', 5, 'Compra ID: 59', 1, '2025-01-30 05:08:11', '2025-01-30 05:08:11'),
	(408, 10, 'purchase', 5, 'Compra ID: 59', 1, '2025-01-30 05:08:11', '2025-01-30 05:08:11'),
	(409, 7, 'purchase', 6, 'Compra ID: 59', 1, '2025-01-30 05:08:11', '2025-01-30 05:08:11'),
	(410, 11, 'purchase', 7, 'Compra ID: 59', 1, '2025-01-30 05:08:11', '2025-01-30 05:08:11'),
	(411, 4, 'purchase', 8, 'Compra ID: 59', 1, '2025-01-30 05:08:11', '2025-01-30 05:08:11'),
	(412, 11, 'purchase', 9, 'Compra ID: 60', 1, '2025-01-30 05:08:11', '2025-01-30 05:08:11'),
	(413, 14, 'purchase', 6, 'Compra ID: 60', 1, '2025-01-30 05:08:11', '2025-01-30 05:08:11'),
	(414, 10, 'purchase', 3, 'Compra ID: 60', 1, '2025-01-30 05:08:11', '2025-01-30 05:08:11'),
	(415, 13, 'purchase', 9, 'Compra ID: 60', 1, '2025-01-30 05:08:11', '2025-01-30 05:08:11'),
	(416, 2, 'purchase', 2, 'Compra ID: 60', 1, '2025-01-30 05:08:11', '2025-01-30 05:08:11'),
	(417, 17, 'purchase', 3, 'Compra ID: 60', 1, '2025-01-30 05:08:11', '2025-01-30 05:08:11'),
	(418, 15, 'purchase', 4, 'Compra ID: 60', 1, '2025-01-30 05:08:11', '2025-01-30 05:08:11'),
	(419, 11, 'purchase', 8, 'Compra ID: 60', 1, '2025-01-30 05:08:11', '2025-01-30 05:08:11'),
	(420, 2, 'purchase', 10, 'Compra ID: 60', 1, '2025-01-30 05:08:11', '2025-01-30 05:08:11'),
	(421, 17, 'purchase', 4, 'Compra ID: 60', 1, '2025-01-30 05:08:11', '2025-01-30 05:08:11'),
	(422, 8, 'purchase', 2, 'Compra ID: 60', 1, '2025-01-30 05:08:11', '2025-01-30 05:08:11'),
	(423, 6, 'purchase', 6, 'Compra ID: 60', 1, '2025-01-30 05:08:11', '2025-01-30 05:08:11'),
	(424, 20, 'purchase', 3, 'Compra ID: 61', 1, '2025-01-30 05:08:11', '2025-01-30 05:08:11'),
	(425, 3, 'purchase', 3, 'Compra ID: 61', 1, '2025-01-30 05:08:11', '2025-01-30 05:08:11'),
	(426, 6, 'purchase', 8, 'Compra ID: 61', 1, '2025-01-30 05:08:11', '2025-01-30 05:08:11'),
	(427, 16, 'purchase', 8, 'Compra ID: 61', 1, '2025-01-30 05:08:11', '2025-01-30 05:08:11'),
	(428, 11, 'purchase', 10, 'Compra ID: 61', 1, '2025-01-30 05:08:11', '2025-01-30 05:08:11'),
	(429, 20, 'purchase', 2, 'Compra ID: 61', 1, '2025-01-30 05:08:11', '2025-01-30 05:08:11'),
	(430, 7, 'purchase', 7, 'Compra ID: 61', 1, '2025-01-30 05:08:11', '2025-01-30 05:08:11'),
	(431, 4, 'purchase', 2, 'Compra ID: 61', 1, '2025-01-30 05:08:11', '2025-01-30 05:08:11'),
	(432, 14, 'purchase', 2, 'Compra ID: 61', 1, '2025-01-30 05:08:11', '2025-01-30 05:08:11'),
	(433, 7, 'purchase', 6, 'Compra ID: 61', 1, '2025-01-30 05:08:11', '2025-01-30 05:08:11'),
	(434, 18, 'purchase', 7, 'Compra ID: 61', 1, '2025-01-30 05:08:11', '2025-01-30 05:08:11'),
	(435, 4, 'purchase', 9, 'Compra ID: 61', 1, '2025-01-30 05:08:11', '2025-01-30 05:08:11'),
	(436, 15, 'purchase', 7, 'Compra ID: 61', 1, '2025-01-30 05:08:11', '2025-01-30 05:08:11'),
	(437, 6, 'purchase', 8, 'Compra ID: 61', 1, '2025-01-30 05:08:11', '2025-01-30 05:08:11'),
	(438, 12, 'purchase', 2, 'Compra ID: 61', 1, '2025-01-30 05:08:11', '2025-01-30 05:08:11'),
	(439, 3, 'purchase', 8, 'Compra ID: 62', 1, '2025-01-30 05:08:11', '2025-01-30 05:08:11'),
	(440, 12, 'purchase', 1, 'Compra ID: 62', 1, '2025-01-30 05:08:11', '2025-01-30 05:08:11'),
	(441, 4, 'purchase', 7, 'Compra ID: 62', 1, '2025-01-30 05:08:11', '2025-01-30 05:08:11'),
	(442, 14, 'purchase', 7, 'Compra ID: 62', 1, '2025-01-30 05:08:11', '2025-01-30 05:08:11'),
	(443, 6, 'purchase', 1, 'Compra ID: 62', 1, '2025-01-30 05:08:11', '2025-01-30 05:08:11'),
	(444, 12, 'purchase', 3, 'Compra ID: 62', 1, '2025-01-30 05:08:11', '2025-01-30 05:08:11'),
	(445, 12, 'purchase', 6, 'Compra ID: 62', 1, '2025-01-30 05:08:11', '2025-01-30 05:08:11'),
	(446, 5, 'purchase', 1, 'Compra ID: 62', 1, '2025-01-30 05:08:11', '2025-01-30 05:08:11'),
	(447, 9, 'purchase', 6, 'Compra ID: 62', 1, '2025-01-30 05:08:11', '2025-01-30 05:08:11'),
	(448, 1, 'purchase', 4, 'Compra ID: 62', 1, '2025-01-30 05:08:11', '2025-01-30 05:08:11'),
	(449, 5, 'purchase', 9, 'Compra ID: 62', 1, '2025-01-30 05:08:11', '2025-01-30 05:08:11'),
	(450, 2, 'purchase', 10, 'Compra ID: 62', 1, '2025-01-30 05:08:11', '2025-01-30 05:08:11'),
	(451, 17, 'purchase', 5, 'Compra ID: 62', 1, '2025-01-30 05:08:11', '2025-01-30 05:08:11'),
	(452, 16, 'purchase', 7, 'Compra ID: 62', 1, '2025-01-30 05:08:11', '2025-01-30 05:08:11'),
	(453, 11, 'purchase', 5, 'Compra ID: 62', 1, '2025-01-30 05:08:11', '2025-01-30 05:08:11'),
	(454, 15, 'purchase', 9, 'Compra ID: 62', 1, '2025-01-30 05:08:11', '2025-01-30 05:08:11'),
	(455, 4, 'purchase', 1, 'Compra ID: 62', 1, '2025-01-30 05:08:11', '2025-01-30 05:08:11'),
	(456, 7, 'purchase', 6, 'Compra ID: 62', 1, '2025-01-30 05:08:11', '2025-01-30 05:08:11'),
	(457, 6, 'purchase', 9, 'Compra ID: 62', 1, '2025-01-30 05:08:11', '2025-01-30 05:08:11'),
	(458, 17, 'purchase', 5, 'Compra ID: 63', 1, '2025-01-30 05:08:11', '2025-01-30 05:08:11'),
	(459, 5, 'purchase', 9, 'Compra ID: 63', 1, '2025-01-30 05:08:11', '2025-01-30 05:08:11'),
	(460, 10, 'purchase', 10, 'Compra ID: 63', 1, '2025-01-30 05:08:11', '2025-01-30 05:08:11'),
	(461, 5, 'purchase', 2, 'Compra ID: 63', 1, '2025-01-30 05:08:11', '2025-01-30 05:08:11'),
	(462, 16, 'purchase', 6, 'Compra ID: 63', 1, '2025-01-30 05:08:11', '2025-01-30 05:08:11'),
	(463, 10, 'purchase', 7, 'Compra ID: 63', 1, '2025-01-30 05:08:11', '2025-01-30 05:08:11'),
	(464, 1, 'purchase', 8, 'Compra ID: 64', 1, '2025-01-30 05:08:11', '2025-01-30 05:08:11'),
	(465, 9, 'purchase', 9, 'Compra ID: 64', 1, '2025-01-30 05:08:11', '2025-01-30 05:08:11'),
	(466, 14, 'purchase', 7, 'Compra ID: 64', 1, '2025-01-30 05:08:11', '2025-01-30 05:08:11'),
	(467, 9, 'purchase', 9, 'Compra ID: 64', 1, '2025-01-30 05:08:11', '2025-01-30 05:08:11'),
	(468, 6, 'purchase', 5, 'Compra ID: 64', 1, '2025-01-30 05:08:11', '2025-01-30 05:08:11'),
	(469, 8, 'purchase', 2, 'Compra ID: 64', 1, '2025-01-30 05:08:11', '2025-01-30 05:08:11'),
	(470, 17, 'purchase', 1, 'Compra ID: 64', 1, '2025-01-30 05:08:11', '2025-01-30 05:08:11'),
	(471, 14, 'purchase', 2, 'Compra ID: 64', 1, '2025-01-30 05:08:11', '2025-01-30 05:08:11'),
	(472, 9, 'purchase', 8, 'Compra ID: 65', 1, '2025-01-30 05:08:11', '2025-01-30 05:08:11'),
	(473, 6, 'purchase', 10, 'Compra ID: 65', 1, '2025-01-30 05:08:11', '2025-01-30 05:08:11'),
	(474, 20, 'purchase', 10, 'Compra ID: 65', 1, '2025-01-30 05:08:11', '2025-01-30 05:08:11'),
	(475, 15, 'purchase', 5, 'Compra ID: 65', 1, '2025-01-30 05:08:11', '2025-01-30 05:08:11'),
	(476, 9, 'purchase', 6, 'Compra ID: 65', 1, '2025-01-30 05:08:11', '2025-01-30 05:08:11'),
	(477, 20, 'purchase', 9, 'Compra ID: 65', 1, '2025-01-30 05:08:11', '2025-01-30 05:08:11'),
	(478, 11, 'purchase', 7, 'Compra ID: 65', 1, '2025-01-30 05:08:11', '2025-01-30 05:08:11'),
	(479, 16, 'purchase', 3, 'Compra ID: 65', 1, '2025-01-30 05:08:11', '2025-01-30 05:08:11'),
	(480, 17, 'purchase', 10, 'Compra ID: 65', 1, '2025-01-30 05:08:11', '2025-01-30 05:08:11'),
	(481, 7, 'purchase', 3, 'Compra ID: 65', 1, '2025-01-30 05:08:11', '2025-01-30 05:08:11'),
	(482, 12, 'purchase', 9, 'Compra ID: 65', 1, '2025-01-30 05:08:11', '2025-01-30 05:08:11'),
	(483, 6, 'purchase', 9, 'Compra ID: 65', 1, '2025-01-30 05:08:11', '2025-01-30 05:08:11'),
	(484, 12, 'purchase', 10, 'Compra ID: 66', 1, '2025-01-30 05:08:11', '2025-01-30 05:08:11'),
	(485, 14, 'purchase', 2, 'Compra ID: 66', 1, '2025-01-30 05:08:11', '2025-01-30 05:08:11'),
	(486, 14, 'purchase', 1, 'Compra ID: 66', 1, '2025-01-30 05:08:11', '2025-01-30 05:08:11'),
	(487, 6, 'purchase', 9, 'Compra ID: 66', 1, '2025-01-30 05:08:11', '2025-01-30 05:08:11'),
	(488, 5, 'purchase', 1, 'Compra ID: 66', 1, '2025-01-30 05:08:11', '2025-01-30 05:08:11'),
	(489, 6, 'purchase', 4, 'Compra ID: 66', 1, '2025-01-30 05:08:11', '2025-01-30 05:08:11'),
	(490, 14, 'purchase', 5, 'Compra ID: 66', 1, '2025-01-30 05:08:11', '2025-01-30 05:08:11'),
	(491, 15, 'purchase', 8, 'Compra ID: 66', 1, '2025-01-30 05:08:11', '2025-01-30 05:08:11'),
	(492, 9, 'purchase', 9, 'Compra ID: 67', 1, '2025-01-30 05:08:11', '2025-01-30 05:08:11'),
	(493, 5, 'purchase', 3, 'Compra ID: 67', 1, '2025-01-30 05:08:11', '2025-01-30 05:08:11'),
	(494, 7, 'purchase', 2, 'Compra ID: 67', 1, '2025-01-30 05:08:11', '2025-01-30 05:08:11'),
	(495, 20, 'purchase', 7, 'Compra ID: 67', 1, '2025-01-30 05:08:11', '2025-01-30 05:08:11'),
	(496, 20, 'purchase', 3, 'Compra ID: 67', 1, '2025-01-30 05:08:11', '2025-01-30 05:08:11'),
	(497, 4, 'purchase', 6, 'Compra ID: 67', 1, '2025-01-30 05:08:11', '2025-01-30 05:08:11'),
	(498, 6, 'purchase', 7, 'Compra ID: 67', 1, '2025-01-30 05:08:11', '2025-01-30 05:08:11'),
	(499, 8, 'purchase', 3, 'Compra ID: 67', 1, '2025-01-30 05:08:11', '2025-01-30 05:08:11'),
	(500, 4, 'purchase', 2, 'Compra ID: 67', 1, '2025-01-30 05:08:11', '2025-01-30 05:08:11'),
	(501, 12, 'purchase', 1, 'Compra ID: 67', 1, '2025-01-30 05:08:11', '2025-01-30 05:08:11'),
	(502, 15, 'purchase', 1, 'Compra ID: 68', 1, '2025-01-30 05:08:11', '2025-01-30 05:08:11'),
	(503, 3, 'purchase', 1, 'Compra ID: 68', 1, '2025-01-30 05:08:11', '2025-01-30 05:08:11'),
	(504, 7, 'purchase', 1, 'Compra ID: 68', 1, '2025-01-30 05:08:11', '2025-01-30 05:08:11'),
	(505, 3, 'purchase', 2, 'Compra ID: 68', 1, '2025-01-30 05:08:11', '2025-01-30 05:08:11'),
	(506, 2, 'purchase', 3, 'Compra ID: 68', 1, '2025-01-30 05:08:11', '2025-01-30 05:08:11'),
	(507, 20, 'purchase', 2, 'Compra ID: 68', 1, '2025-01-30 05:08:11', '2025-01-30 05:08:11'),
	(508, 4, 'purchase', 5, 'Compra ID: 69', 1, '2025-01-30 05:08:11', '2025-01-30 05:08:11'),
	(509, 14, 'purchase', 9, 'Compra ID: 69', 1, '2025-01-30 05:08:11', '2025-01-30 05:08:11'),
	(510, 5, 'purchase', 8, 'Compra ID: 69', 1, '2025-01-30 05:08:11', '2025-01-30 05:08:11'),
	(511, 19, 'purchase', 4, 'Compra ID: 69', 1, '2025-01-30 05:08:11', '2025-01-30 05:08:11'),
	(512, 5, 'purchase', 4, 'Compra ID: 69', 1, '2025-01-30 05:08:11', '2025-01-30 05:08:11'),
	(513, 13, 'purchase', 1, 'Compra ID: 69', 1, '2025-01-30 05:08:11', '2025-01-30 05:08:11'),
	(514, 3, 'purchase', 7, 'Compra ID: 69', 1, '2025-01-30 05:08:11', '2025-01-30 05:08:11'),
	(515, 14, 'purchase', 3, 'Compra ID: 69', 1, '2025-01-30 05:08:11', '2025-01-30 05:08:11'),
	(516, 9, 'purchase', 10, 'Compra ID: 69', 1, '2025-01-30 05:08:11', '2025-01-30 05:08:11'),
	(517, 13, 'purchase', 10, 'Compra ID: 69', 1, '2025-01-30 05:08:11', '2025-01-30 05:08:11'),
	(518, 19, 'purchase', 7, 'Compra ID: 69', 1, '2025-01-30 05:08:11', '2025-01-30 05:08:11'),
	(519, 18, 'purchase', 4, 'Compra ID: 69', 1, '2025-01-30 05:08:11', '2025-01-30 05:08:11'),
	(520, 20, 'purchase', 4, 'Compra ID: 69', 1, '2025-01-30 05:08:11', '2025-01-30 05:08:11'),
	(521, 17, 'purchase', 8, 'Compra ID: 69', 1, '2025-01-30 05:08:11', '2025-01-30 05:08:11'),
	(522, 18, 'purchase', 2, 'Compra ID: 69', 1, '2025-01-30 05:08:11', '2025-01-30 05:08:11'),
	(523, 19, 'purchase', 6, 'Compra ID: 69', 1, '2025-01-30 05:08:11', '2025-01-30 05:08:11'),
	(524, 8, 'purchase', 2, 'Compra ID: 69', 1, '2025-01-30 05:08:11', '2025-01-30 05:08:11'),
	(525, 16, 'purchase', 5, 'Compra ID: 69', 1, '2025-01-30 05:08:11', '2025-01-30 05:08:11'),
	(526, 16, 'purchase', 3, 'Compra ID: 70', 1, '2025-01-30 05:08:11', '2025-01-30 05:08:11'),
	(527, 9, 'purchase', 5, 'Compra ID: 70', 1, '2025-01-30 05:08:11', '2025-01-30 05:08:11'),
	(528, 7, 'purchase', 6, 'Compra ID: 70', 1, '2025-01-30 05:08:11', '2025-01-30 05:08:11'),
	(529, 1, 'purchase', 4, 'Compra ID: 70', 1, '2025-01-30 05:08:11', '2025-01-30 05:08:11'),
	(530, 4, 'purchase', 1, 'Compra ID: 70', 1, '2025-01-30 05:08:11', '2025-01-30 05:08:11'),
	(531, 6, 'purchase', 10, 'Compra ID: 70', 1, '2025-01-30 05:08:11', '2025-01-30 05:08:11'),
	(532, 17, 'purchase', 9, 'Compra ID: 70', 1, '2025-01-30 05:08:11', '2025-01-30 05:08:11'),
	(533, 9, 'purchase', 10, 'Compra ID: 70', 1, '2025-01-30 05:08:11', '2025-01-30 05:08:11'),
	(534, 2, 'purchase', 7, 'Compra ID: 70', 1, '2025-01-30 05:08:11', '2025-01-30 05:08:11'),
	(535, 15, 'purchase', 7, 'Compra ID: 71', 1, '2025-01-30 05:08:11', '2025-01-30 05:08:11'),
	(536, 3, 'purchase', 7, 'Compra ID: 71', 1, '2025-01-30 05:08:11', '2025-01-30 05:08:11'),
	(537, 2, 'purchase', 8, 'Compra ID: 71', 1, '2025-01-30 05:08:11', '2025-01-30 05:08:11'),
	(538, 4, 'purchase', 6, 'Compra ID: 71', 1, '2025-01-30 05:08:11', '2025-01-30 05:08:11'),
	(539, 2, 'purchase', 8, 'Compra ID: 71', 1, '2025-01-30 05:08:11', '2025-01-30 05:08:11'),
	(540, 9, 'purchase', 10, 'Compra ID: 71', 1, '2025-01-30 05:08:11', '2025-01-30 05:08:11'),
	(541, 11, 'purchase', 3, 'Compra ID: 71', 1, '2025-01-30 05:08:11', '2025-01-30 05:08:11'),
	(542, 15, 'purchase', 2, 'Compra ID: 71', 1, '2025-01-30 05:08:11', '2025-01-30 05:08:11'),
	(543, 12, 'purchase', 7, 'Compra ID: 71', 1, '2025-01-30 05:08:11', '2025-01-30 05:08:11'),
	(544, 11, 'purchase', 5, 'Compra ID: 71', 1, '2025-01-30 05:08:11', '2025-01-30 05:08:11'),
	(545, 16, 'purchase', 9, 'Compra ID: 71', 1, '2025-01-30 05:08:11', '2025-01-30 05:08:11'),
	(546, 18, 'purchase', 9, 'Compra ID: 71', 1, '2025-01-30 05:08:11', '2025-01-30 05:08:11'),
	(547, 6, 'purchase', 9, 'Compra ID: 71', 1, '2025-01-30 05:08:11', '2025-01-30 05:08:11'),
	(548, 3, 'purchase', 8, 'Compra ID: 71', 1, '2025-01-30 05:08:11', '2025-01-30 05:08:11'),
	(549, 5, 'purchase', 3, 'Compra ID: 71', 1, '2025-01-30 05:08:11', '2025-01-30 05:08:11'),
	(550, 10, 'purchase', 3, 'Compra ID: 71', 1, '2025-01-30 05:08:11', '2025-01-30 05:08:11'),
	(551, 1, 'purchase', 3, 'Compra ID: 71', 1, '2025-01-30 05:08:11', '2025-01-30 05:08:11'),
	(552, 12, 'purchase', 8, 'Compra ID: 71', 1, '2025-01-30 05:08:11', '2025-01-30 05:08:11'),
	(553, 13, 'purchase', 2, 'Compra ID: 71', 1, '2025-01-30 05:08:11', '2025-01-30 05:08:11'),
	(554, 10, 'purchase', 9, 'Compra ID: 71', 1, '2025-01-30 05:08:11', '2025-01-30 05:08:11'),
	(555, 17, 'purchase', 9, 'Compra ID: 72', 1, '2025-01-30 05:08:11', '2025-01-30 05:08:11'),
	(556, 7, 'purchase', 9, 'Compra ID: 72', 1, '2025-01-30 05:08:11', '2025-01-30 05:08:11'),
	(557, 11, 'purchase', 8, 'Compra ID: 72', 1, '2025-01-30 05:08:11', '2025-01-30 05:08:11'),
	(558, 2, 'purchase', 8, 'Compra ID: 72', 1, '2025-01-30 05:08:11', '2025-01-30 05:08:11'),
	(559, 4, 'purchase', 1, 'Compra ID: 72', 1, '2025-01-30 05:08:11', '2025-01-30 05:08:11'),
	(560, 17, 'purchase', 6, 'Compra ID: 72', 1, '2025-01-30 05:08:11', '2025-01-30 05:08:11'),
	(561, 1, 'purchase', 2, 'Compra ID: 72', 1, '2025-01-30 05:08:11', '2025-01-30 05:08:11'),
	(562, 16, 'purchase', 5, 'Compra ID: 72', 1, '2025-01-30 05:08:11', '2025-01-30 05:08:11'),
	(563, 17, 'purchase', 2, 'Compra ID: 72', 1, '2025-01-30 05:08:11', '2025-01-30 05:08:11'),
	(564, 20, 'purchase', 1, 'Compra ID: 72', 1, '2025-01-30 05:08:11', '2025-01-30 05:08:11'),
	(565, 10, 'purchase', 10, 'Compra ID: 72', 1, '2025-01-30 05:08:11', '2025-01-30 05:08:11'),
	(566, 3, 'purchase', 6, 'Compra ID: 72', 1, '2025-01-30 05:08:11', '2025-01-30 05:08:11'),
	(567, 18, 'purchase', 10, 'Compra ID: 72', 1, '2025-01-30 05:08:11', '2025-01-30 05:08:11'),
	(568, 12, 'purchase', 1, 'Compra ID: 72', 1, '2025-01-30 05:08:11', '2025-01-30 05:08:11'),
	(569, 4, 'purchase', 9, 'Compra ID: 72', 1, '2025-01-30 05:08:11', '2025-01-30 05:08:11'),
	(570, 20, 'purchase', 3, 'Compra ID: 72', 1, '2025-01-30 05:08:11', '2025-01-30 05:08:11'),
	(571, 2, 'purchase', 8, 'Compra ID: 72', 1, '2025-01-30 05:08:11', '2025-01-30 05:08:11'),
	(572, 1, 'purchase', 3, 'Compra ID: 72', 1, '2025-01-30 05:08:11', '2025-01-30 05:08:11'),
	(573, 1, 'purchase', 8, 'Compra ID: 72', 1, '2025-01-30 05:08:11', '2025-01-30 05:08:11'),
	(574, 13, 'purchase', 5, 'Compra ID: 73', 1, '2025-01-30 05:08:11', '2025-01-30 05:08:11'),
	(575, 4, 'purchase', 3, 'Compra ID: 73', 1, '2025-01-30 05:08:11', '2025-01-30 05:08:11'),
	(576, 10, 'purchase', 2, 'Compra ID: 73', 1, '2025-01-30 05:08:11', '2025-01-30 05:08:11'),
	(577, 13, 'purchase', 5, 'Compra ID: 73', 1, '2025-01-30 05:08:11', '2025-01-30 05:08:11'),
	(578, 18, 'purchase', 9, 'Compra ID: 73', 1, '2025-01-30 05:08:11', '2025-01-30 05:08:11'),
	(579, 9, 'purchase', 5, 'Compra ID: 73', 1, '2025-01-30 05:08:11', '2025-01-30 05:08:11'),
	(580, 15, 'purchase', 6, 'Compra ID: 73', 1, '2025-01-30 05:08:11', '2025-01-30 05:08:11'),
	(581, 3, 'purchase', 10, 'Compra ID: 73', 1, '2025-01-30 05:08:11', '2025-01-30 05:08:11'),
	(582, 15, 'purchase', 7, 'Compra ID: 73', 1, '2025-01-30 05:08:11', '2025-01-30 05:08:11'),
	(583, 14, 'purchase', 4, 'Compra ID: 73', 1, '2025-01-30 05:08:11', '2025-01-30 05:08:11'),
	(584, 16, 'purchase', 1, 'Compra ID: 73', 1, '2025-01-30 05:08:11', '2025-01-30 05:08:11'),
	(585, 4, 'purchase', 1, 'Compra ID: 73', 1, '2025-01-30 05:08:11', '2025-01-30 05:08:11'),
	(586, 6, 'purchase', 6, 'Compra ID: 74', 1, '2025-01-30 05:08:11', '2025-01-30 05:08:11'),
	(587, 3, 'purchase', 1, 'Compra ID: 74', 1, '2025-01-30 05:08:11', '2025-01-30 05:08:11'),
	(588, 6, 'purchase', 8, 'Compra ID: 74', 1, '2025-01-30 05:08:11', '2025-01-30 05:08:11'),
	(589, 16, 'purchase', 3, 'Compra ID: 74', 1, '2025-01-30 05:08:11', '2025-01-30 05:08:11'),
	(590, 7, 'purchase', 6, 'Compra ID: 74', 1, '2025-01-30 05:08:11', '2025-01-30 05:08:11'),
	(591, 11, 'purchase', 7, 'Compra ID: 74', 1, '2025-01-30 05:08:11', '2025-01-30 05:08:11'),
	(592, 2, 'purchase', 6, 'Compra ID: 74', 1, '2025-01-30 05:08:11', '2025-01-30 05:08:11'),
	(593, 6, 'purchase', 1, 'Compra ID: 75', 1, '2025-01-30 05:08:11', '2025-01-30 05:08:11'),
	(594, 16, 'purchase', 2, 'Compra ID: 75', 1, '2025-01-30 05:08:11', '2025-01-30 05:08:11'),
	(595, 6, 'purchase', 10, 'Compra ID: 76', 1, '2025-01-30 05:08:11', '2025-01-30 05:08:11'),
	(596, 17, 'purchase', 5, 'Compra ID: 76', 1, '2025-01-30 05:08:11', '2025-01-30 05:08:11'),
	(597, 16, 'purchase', 4, 'Compra ID: 76', 1, '2025-01-30 05:08:11', '2025-01-30 05:08:11'),
	(598, 20, 'purchase', 1, 'Compra ID: 76', 1, '2025-01-30 05:08:11', '2025-01-30 05:08:11'),
	(599, 6, 'purchase', 4, 'Compra ID: 76', 1, '2025-01-30 05:08:11', '2025-01-30 05:08:11'),
	(600, 4, 'purchase', 7, 'Compra ID: 76', 1, '2025-01-30 05:08:11', '2025-01-30 05:08:11'),
	(601, 10, 'purchase', 9, 'Compra ID: 76', 1, '2025-01-30 05:08:11', '2025-01-30 05:08:11'),
	(602, 7, 'purchase', 10, 'Compra ID: 76', 1, '2025-01-30 05:08:11', '2025-01-30 05:08:11'),
	(603, 19, 'purchase', 2, 'Compra ID: 76', 1, '2025-01-30 05:08:11', '2025-01-30 05:08:11'),
	(604, 20, 'purchase', 9, 'Compra ID: 77', 1, '2025-01-30 05:08:11', '2025-01-30 05:08:11'),
	(605, 4, 'purchase', 9, 'Compra ID: 77', 1, '2025-01-30 05:08:11', '2025-01-30 05:08:11'),
	(606, 11, 'purchase', 5, 'Compra ID: 77', 1, '2025-01-30 05:08:11', '2025-01-30 05:08:11'),
	(607, 14, 'purchase', 9, 'Compra ID: 77', 1, '2025-01-30 05:08:11', '2025-01-30 05:08:11'),
	(608, 16, 'purchase', 9, 'Compra ID: 77', 1, '2025-01-30 05:08:11', '2025-01-30 05:08:11'),
	(609, 7, 'purchase', 10, 'Compra ID: 77', 1, '2025-01-30 05:08:11', '2025-01-30 05:08:11'),
	(610, 10, 'purchase', 3, 'Compra ID: 77', 1, '2025-01-30 05:08:11', '2025-01-30 05:08:11'),
	(611, 20, 'purchase', 7, 'Compra ID: 77', 1, '2025-01-30 05:08:11', '2025-01-30 05:08:11'),
	(612, 3, 'purchase', 2, 'Compra ID: 77', 1, '2025-01-30 05:08:11', '2025-01-30 05:08:11'),
	(613, 13, 'purchase', 4, 'Compra ID: 77', 1, '2025-01-30 05:08:11', '2025-01-30 05:08:11'),
	(614, 8, 'purchase', 9, 'Compra ID: 77', 1, '2025-01-30 05:08:11', '2025-01-30 05:08:11'),
	(615, 3, 'purchase', 2, 'Compra ID: 77', 1, '2025-01-30 05:08:11', '2025-01-30 05:08:11'),
	(616, 4, 'purchase', 1, 'Compra ID: 77', 1, '2025-01-30 05:08:11', '2025-01-30 05:08:11'),
	(617, 13, 'purchase', 7, 'Compra ID: 78', 1, '2025-01-30 05:08:11', '2025-01-30 05:08:11'),
	(618, 12, 'purchase', 4, 'Compra ID: 78', 1, '2025-01-30 05:08:11', '2025-01-30 05:08:11'),
	(619, 10, 'purchase', 6, 'Compra ID: 78', 1, '2025-01-30 05:08:11', '2025-01-30 05:08:11'),
	(620, 6, 'purchase', 4, 'Compra ID: 79', 1, '2025-01-30 05:08:11', '2025-01-30 05:08:11'),
	(621, 3, 'purchase', 6, 'Compra ID: 79', 1, '2025-01-30 05:08:11', '2025-01-30 05:08:11'),
	(622, 4, 'purchase', 3, 'Compra ID: 79', 1, '2025-01-30 05:08:11', '2025-01-30 05:08:11'),
	(623, 18, 'purchase', 8, 'Compra ID: 79', 1, '2025-01-30 05:08:11', '2025-01-30 05:08:11'),
	(624, 6, 'purchase', 8, 'Compra ID: 79', 1, '2025-01-30 05:08:11', '2025-01-30 05:08:11'),
	(625, 4, 'purchase', 8, 'Compra ID: 79', 1, '2025-01-30 05:08:11', '2025-01-30 05:08:11'),
	(626, 8, 'purchase', 8, 'Compra ID: 79', 1, '2025-01-30 05:08:11', '2025-01-30 05:08:11'),
	(627, 19, 'purchase', 3, 'Compra ID: 79', 1, '2025-01-30 05:08:11', '2025-01-30 05:08:11'),
	(628, 12, 'purchase', 8, 'Compra ID: 79', 1, '2025-01-30 05:08:11', '2025-01-30 05:08:11'),
	(629, 4, 'purchase', 4, 'Compra ID: 79', 1, '2025-01-30 05:08:11', '2025-01-30 05:08:11'),
	(630, 9, 'purchase', 5, 'Compra ID: 79', 1, '2025-01-30 05:08:11', '2025-01-30 05:08:11'),
	(631, 4, 'purchase', 3, 'Compra ID: 79', 1, '2025-01-30 05:08:11', '2025-01-30 05:08:11'),
	(632, 13, 'purchase', 10, 'Compra ID: 79', 1, '2025-01-30 05:08:11', '2025-01-30 05:08:11'),
	(633, 9, 'purchase', 8, 'Compra ID: 79', 1, '2025-01-30 05:08:11', '2025-01-30 05:08:11'),
	(634, 12, 'purchase', 6, 'Compra ID: 79', 1, '2025-01-30 05:08:11', '2025-01-30 05:08:11'),
	(635, 5, 'purchase', 3, 'Compra ID: 79', 1, '2025-01-30 05:08:11', '2025-01-30 05:08:11'),
	(636, 10, 'purchase', 8, 'Compra ID: 79', 1, '2025-01-30 05:08:11', '2025-01-30 05:08:11'),
	(637, 17, 'purchase', 6, 'Compra ID: 79', 1, '2025-01-30 05:08:11', '2025-01-30 05:08:11'),
	(638, 2, 'purchase', 7, 'Compra ID: 80', 1, '2025-01-30 05:08:11', '2025-01-30 05:08:11'),
	(639, 13, 'purchase', 7, 'Compra ID: 80', 1, '2025-01-30 05:08:11', '2025-01-30 05:08:11'),
	(640, 14, 'purchase', 3, 'Compra ID: 80', 1, '2025-01-30 05:08:11', '2025-01-30 05:08:11'),
	(641, 5, 'purchase', 4, 'Compra ID: 80', 1, '2025-01-30 05:08:11', '2025-01-30 05:08:11'),
	(642, 17, 'purchase', 9, 'Compra ID: 80', 1, '2025-01-30 05:08:11', '2025-01-30 05:08:11'),
	(643, 14, 'purchase', 7, 'Compra ID: 80', 1, '2025-01-30 05:08:11', '2025-01-30 05:08:11'),
	(644, 2, 'purchase', 6, 'Compra ID: 80', 1, '2025-01-30 05:08:11', '2025-01-30 05:08:11'),
	(645, 12, 'purchase', 4, 'Compra ID: 80', 1, '2025-01-30 05:08:11', '2025-01-30 05:08:11'),
	(646, 4, 'purchase', 9, 'Compra ID: 80', 1, '2025-01-30 05:08:11', '2025-01-30 05:08:11'),
	(647, 8, 'purchase', 10, 'Compra ID: 80', 1, '2025-01-30 05:08:11', '2025-01-30 05:08:11'),
	(648, 3, 'purchase', 10, 'Compra ID: 80', 1, '2025-01-30 05:08:11', '2025-01-30 05:08:11'),
	(649, 8, 'purchase', 3, 'Compra ID: 80', 1, '2025-01-30 05:08:11', '2025-01-30 05:08:11'),
	(650, 4, 'purchase', 4, 'Compra ID: 81', 1, '2025-01-30 05:08:11', '2025-01-30 05:08:11'),
	(651, 17, 'purchase', 5, 'Compra ID: 81', 1, '2025-01-30 05:08:11', '2025-01-30 05:08:11'),
	(652, 14, 'purchase', 4, 'Compra ID: 81', 1, '2025-01-30 05:08:11', '2025-01-30 05:08:11'),
	(653, 12, 'purchase', 5, 'Compra ID: 81', 1, '2025-01-30 05:08:11', '2025-01-30 05:08:11'),
	(654, 5, 'purchase', 6, 'Compra ID: 81', 1, '2025-01-30 05:08:11', '2025-01-30 05:08:11'),
	(655, 20, 'purchase', 10, 'Compra ID: 81', 1, '2025-01-30 05:08:11', '2025-01-30 05:08:11'),
	(656, 17, 'purchase', 8, 'Compra ID: 81', 1, '2025-01-30 05:08:11', '2025-01-30 05:08:11'),
	(657, 15, 'purchase', 5, 'Compra ID: 81', 1, '2025-01-30 05:08:11', '2025-01-30 05:08:11'),
	(658, 16, 'purchase', 7, 'Compra ID: 81', 1, '2025-01-30 05:08:11', '2025-01-30 05:08:11'),
	(659, 20, 'purchase', 6, 'Compra ID: 81', 1, '2025-01-30 05:08:11', '2025-01-30 05:08:11'),
	(660, 9, 'purchase', 2, 'Compra ID: 81', 1, '2025-01-30 05:08:11', '2025-01-30 05:08:11'),
	(661, 14, 'purchase', 2, 'Compra ID: 81', 1, '2025-01-30 05:08:11', '2025-01-30 05:08:11'),
	(662, 1, 'purchase', 3, 'Compra ID: 82', 1, '2025-01-30 05:08:11', '2025-01-30 05:08:11'),
	(663, 14, 'purchase', 9, 'Compra ID: 82', 1, '2025-01-30 05:08:11', '2025-01-30 05:08:11'),
	(664, 4, 'purchase', 3, 'Compra ID: 82', 1, '2025-01-30 05:08:11', '2025-01-30 05:08:11'),
	(665, 13, 'purchase', 6, 'Compra ID: 82', 1, '2025-01-30 05:08:11', '2025-01-30 05:08:11'),
	(666, 13, 'purchase', 1, 'Compra ID: 83', 1, '2025-01-30 05:08:11', '2025-01-30 05:08:11'),
	(667, 4, 'purchase', 8, 'Compra ID: 83', 1, '2025-01-30 05:08:11', '2025-01-30 05:08:11'),
	(668, 10, 'purchase', 7, 'Compra ID: 83', 1, '2025-01-30 05:08:11', '2025-01-30 05:08:11'),
	(669, 5, 'purchase', 6, 'Compra ID: 83', 1, '2025-01-30 05:08:11', '2025-01-30 05:08:11'),
	(670, 11, 'purchase', 6, 'Compra ID: 83', 1, '2025-01-30 05:08:11', '2025-01-30 05:08:11'),
	(671, 10, 'purchase', 7, 'Compra ID: 83', 1, '2025-01-30 05:08:11', '2025-01-30 05:08:11'),
	(672, 7, 'purchase', 3, 'Compra ID: 83', 1, '2025-01-30 05:08:11', '2025-01-30 05:08:11'),
	(673, 10, 'purchase', 6, 'Compra ID: 83', 1, '2025-01-30 05:08:11', '2025-01-30 05:08:11'),
	(674, 5, 'purchase', 7, 'Compra ID: 83', 1, '2025-01-30 05:08:11', '2025-01-30 05:08:11'),
	(675, 15, 'purchase', 1, 'Compra ID: 83', 1, '2025-01-30 05:08:11', '2025-01-30 05:08:11'),
	(676, 11, 'purchase', 4, 'Compra ID: 84', 1, '2025-01-30 05:08:11', '2025-01-30 05:08:11'),
	(677, 20, 'purchase', 8, 'Compra ID: 84', 1, '2025-01-30 05:08:11', '2025-01-30 05:08:11'),
	(678, 15, 'purchase', 6, 'Compra ID: 84', 1, '2025-01-30 05:08:11', '2025-01-30 05:08:11'),
	(679, 14, 'purchase', 6, 'Compra ID: 84', 1, '2025-01-30 05:08:11', '2025-01-30 05:08:11'),
	(680, 1, 'purchase', 8, 'Compra ID: 84', 1, '2025-01-30 05:08:11', '2025-01-30 05:08:11'),
	(681, 2, 'purchase', 3, 'Compra ID: 84', 1, '2025-01-30 05:08:11', '2025-01-30 05:08:11'),
	(682, 2, 'purchase', 5, 'Compra ID: 84', 1, '2025-01-30 05:08:11', '2025-01-30 05:08:11'),
	(683, 15, 'purchase', 8, 'Compra ID: 84', 1, '2025-01-30 05:08:11', '2025-01-30 05:08:11'),
	(684, 5, 'purchase', 5, 'Compra ID: 85', 1, '2025-01-30 05:08:11', '2025-01-30 05:08:11'),
	(685, 1, 'purchase', 10, 'Compra ID: 85', 1, '2025-01-30 05:08:11', '2025-01-30 05:08:11'),
	(686, 11, 'purchase', 8, 'Compra ID: 85', 1, '2025-01-30 05:08:11', '2025-01-30 05:08:11'),
	(687, 17, 'purchase', 9, 'Compra ID: 85', 1, '2025-01-30 05:08:11', '2025-01-30 05:08:11'),
	(688, 7, 'purchase', 10, 'Compra ID: 85', 1, '2025-01-30 05:08:11', '2025-01-30 05:08:11'),
	(689, 10, 'purchase', 5, 'Compra ID: 85', 1, '2025-01-30 05:08:11', '2025-01-30 05:08:11'),
	(690, 19, 'purchase', 3, 'Compra ID: 85', 1, '2025-01-30 05:08:11', '2025-01-30 05:08:11'),
	(691, 2, 'purchase', 6, 'Compra ID: 85', 1, '2025-01-30 05:08:11', '2025-01-30 05:08:11'),
	(692, 1, 'purchase', 7, 'Compra ID: 85', 1, '2025-01-30 05:08:11', '2025-01-30 05:08:11'),
	(693, 1, 'purchase', 1, 'Compra ID: 85', 1, '2025-01-30 05:08:11', '2025-01-30 05:08:11'),
	(694, 5, 'purchase', 8, 'Compra ID: 85', 1, '2025-01-30 05:08:11', '2025-01-30 05:08:11'),
	(695, 14, 'purchase', 8, 'Compra ID: 85', 1, '2025-01-30 05:08:11', '2025-01-30 05:08:11'),
	(696, 10, 'purchase', 3, 'Compra ID: 85', 1, '2025-01-30 05:08:11', '2025-01-30 05:08:11'),
	(697, 17, 'purchase', 9, 'Compra ID: 85', 1, '2025-01-30 05:08:11', '2025-01-30 05:08:11'),
	(698, 17, 'purchase', 10, 'Compra ID: 85', 1, '2025-01-30 05:08:11', '2025-01-30 05:08:11'),
	(699, 18, 'purchase', 9, 'Compra ID: 85', 1, '2025-01-30 05:08:11', '2025-01-30 05:08:11'),
	(700, 10, 'purchase', 5, 'Compra ID: 86', 1, '2025-01-30 05:08:11', '2025-01-30 05:08:11'),
	(701, 12, 'purchase', 2, 'Compra ID: 87', 1, '2025-01-30 05:08:11', '2025-01-30 05:08:11'),
	(702, 4, 'purchase', 1, 'Compra ID: 87', 1, '2025-01-30 05:08:11', '2025-01-30 05:08:11'),
	(703, 9, 'purchase', 1, 'Compra ID: 87', 1, '2025-01-30 05:08:11', '2025-01-30 05:08:11'),
	(704, 12, 'purchase', 7, 'Compra ID: 87', 1, '2025-01-30 05:08:11', '2025-01-30 05:08:11'),
	(705, 17, 'purchase', 2, 'Compra ID: 87', 1, '2025-01-30 05:08:11', '2025-01-30 05:08:11'),
	(706, 20, 'purchase', 6, 'Compra ID: 87', 1, '2025-01-30 05:08:11', '2025-01-30 05:08:11'),
	(707, 13, 'purchase', 1, 'Compra ID: 87', 1, '2025-01-30 05:08:11', '2025-01-30 05:08:11'),
	(708, 15, 'purchase', 8, 'Compra ID: 87', 1, '2025-01-30 05:08:11', '2025-01-30 05:08:11'),
	(709, 13, 'purchase', 8, 'Compra ID: 87', 1, '2025-01-30 05:08:11', '2025-01-30 05:08:11'),
	(710, 10, 'purchase', 2, 'Compra ID: 87', 1, '2025-01-30 05:08:11', '2025-01-30 05:08:11'),
	(711, 4, 'purchase', 4, 'Compra ID: 88', 1, '2025-01-30 05:08:11', '2025-01-30 05:08:11'),
	(712, 10, 'purchase', 5, 'Compra ID: 88', 1, '2025-01-30 05:08:11', '2025-01-30 05:08:11'),
	(713, 20, 'purchase', 3, 'Compra ID: 88', 1, '2025-01-30 05:08:11', '2025-01-30 05:08:11'),
	(714, 19, 'purchase', 8, 'Compra ID: 88', 1, '2025-01-30 05:08:11', '2025-01-30 05:08:11'),
	(715, 16, 'purchase', 2, 'Compra ID: 88', 1, '2025-01-30 05:08:11', '2025-01-30 05:08:11'),
	(716, 3, 'purchase', 4, 'Compra ID: 88', 1, '2025-01-30 05:08:11', '2025-01-30 05:08:11'),
	(717, 4, 'purchase', 3, 'Compra ID: 88', 1, '2025-01-30 05:08:11', '2025-01-30 05:08:11'),
	(718, 12, 'purchase', 1, 'Compra ID: 88', 1, '2025-01-30 05:08:11', '2025-01-30 05:08:11'),
	(719, 18, 'purchase', 1, 'Compra ID: 88', 1, '2025-01-30 05:08:11', '2025-01-30 05:08:11'),
	(720, 2, 'purchase', 6, 'Compra ID: 88', 1, '2025-01-30 05:08:11', '2025-01-30 05:08:11'),
	(721, 5, 'purchase', 2, 'Compra ID: 88', 1, '2025-01-30 05:08:11', '2025-01-30 05:08:11'),
	(722, 1, 'purchase', 7, 'Compra ID: 88', 1, '2025-01-30 05:08:11', '2025-01-30 05:08:11'),
	(723, 9, 'purchase', 8, 'Compra ID: 88', 1, '2025-01-30 05:08:11', '2025-01-30 05:08:11'),
	(724, 15, 'purchase', 8, 'Compra ID: 88', 1, '2025-01-30 05:08:11', '2025-01-30 05:08:11'),
	(725, 11, 'purchase', 7, 'Compra ID: 88', 1, '2025-01-30 05:08:11', '2025-01-30 05:08:11'),
	(726, 6, 'purchase', 5, 'Compra ID: 88', 1, '2025-01-30 05:08:11', '2025-01-30 05:08:11'),
	(727, 12, 'purchase', 3, 'Compra ID: 88', 1, '2025-01-30 05:08:11', '2025-01-30 05:08:11'),
	(728, 20, 'purchase', 2, 'Compra ID: 88', 1, '2025-01-30 05:08:11', '2025-01-30 05:08:11'),
	(729, 12, 'purchase', 6, 'Compra ID: 88', 1, '2025-01-30 05:08:11', '2025-01-30 05:08:11'),
	(730, 12, 'purchase', 1, 'Compra ID: 89', 1, '2025-01-30 05:08:11', '2025-01-30 05:08:11'),
	(731, 12, 'purchase', 2, 'Compra ID: 89', 1, '2025-01-30 05:08:11', '2025-01-30 05:08:11'),
	(732, 11, 'purchase', 10, 'Compra ID: 89', 1, '2025-01-30 05:08:11', '2025-01-30 05:08:11'),
	(733, 11, 'purchase', 4, 'Compra ID: 89', 1, '2025-01-30 05:08:11', '2025-01-30 05:08:11'),
	(734, 19, 'purchase', 1, 'Compra ID: 89', 1, '2025-01-30 05:08:11', '2025-01-30 05:08:11'),
	(735, 16, 'purchase', 2, 'Compra ID: 89', 1, '2025-01-30 05:08:11', '2025-01-30 05:08:11'),
	(736, 8, 'purchase', 7, 'Compra ID: 89', 1, '2025-01-30 05:08:11', '2025-01-30 05:08:11'),
	(737, 20, 'purchase', 2, 'Compra ID: 89', 1, '2025-01-30 05:08:11', '2025-01-30 05:08:11'),
	(738, 9, 'purchase', 4, 'Compra ID: 89', 1, '2025-01-30 05:08:11', '2025-01-30 05:08:11'),
	(739, 14, 'purchase', 6, 'Compra ID: 89', 1, '2025-01-30 05:08:11', '2025-01-30 05:08:11'),
	(740, 4, 'purchase', 1, 'Compra ID: 90', 1, '2025-01-30 05:08:11', '2025-01-30 05:08:11'),
	(741, 18, 'purchase', 4, 'Compra ID: 91', 1, '2025-01-30 05:08:11', '2025-01-30 05:08:11'),
	(742, 14, 'purchase', 8, 'Compra ID: 91', 1, '2025-01-30 05:08:11', '2025-01-30 05:08:11'),
	(743, 16, 'purchase', 3, 'Compra ID: 91', 1, '2025-01-30 05:08:11', '2025-01-30 05:08:11'),
	(744, 20, 'purchase', 7, 'Compra ID: 91', 1, '2025-01-30 05:08:11', '2025-01-30 05:08:11'),
	(745, 10, 'purchase', 4, 'Compra ID: 91', 1, '2025-01-30 05:08:11', '2025-01-30 05:08:11'),
	(746, 6, 'purchase', 4, 'Compra ID: 91', 1, '2025-01-30 05:08:11', '2025-01-30 05:08:11'),
	(747, 9, 'purchase', 10, 'Compra ID: 91', 1, '2025-01-30 05:08:11', '2025-01-30 05:08:11'),
	(748, 6, 'purchase', 9, 'Compra ID: 91', 1, '2025-01-30 05:08:11', '2025-01-30 05:08:11'),
	(749, 14, 'purchase', 6, 'Compra ID: 91', 1, '2025-01-30 05:08:11', '2025-01-30 05:08:11'),
	(750, 6, 'purchase', 3, 'Compra ID: 91', 1, '2025-01-30 05:08:11', '2025-01-30 05:08:11'),
	(751, 3, 'purchase', 8, 'Compra ID: 91', 1, '2025-01-30 05:08:11', '2025-01-30 05:08:11'),
	(752, 6, 'purchase', 9, 'Compra ID: 91', 1, '2025-01-30 05:08:11', '2025-01-30 05:08:11'),
	(753, 14, 'purchase', 8, 'Compra ID: 92', 1, '2025-01-30 05:08:11', '2025-01-30 05:08:11'),
	(754, 20, 'purchase', 6, 'Compra ID: 92', 1, '2025-01-30 05:08:11', '2025-01-30 05:08:11'),
	(755, 8, 'purchase', 10, 'Compra ID: 92', 1, '2025-01-30 05:08:11', '2025-01-30 05:08:11'),
	(756, 16, 'purchase', 2, 'Compra ID: 92', 1, '2025-01-30 05:08:11', '2025-01-30 05:08:11'),
	(757, 14, 'purchase', 2, 'Compra ID: 92', 1, '2025-01-30 05:08:11', '2025-01-30 05:08:11'),
	(758, 6, 'purchase', 4, 'Compra ID: 92', 1, '2025-01-30 05:08:11', '2025-01-30 05:08:11'),
	(759, 5, 'purchase', 4, 'Compra ID: 92', 1, '2025-01-30 05:08:11', '2025-01-30 05:08:11'),
	(760, 6, 'purchase', 7, 'Compra ID: 92', 1, '2025-01-30 05:08:11', '2025-01-30 05:08:11'),
	(761, 2, 'purchase', 9, 'Compra ID: 92', 1, '2025-01-30 05:08:11', '2025-01-30 05:08:11'),
	(762, 16, 'purchase', 6, 'Compra ID: 93', 1, '2025-01-30 05:08:11', '2025-01-30 05:08:11'),
	(763, 20, 'purchase', 2, 'Compra ID: 93', 1, '2025-01-30 05:08:11', '2025-01-30 05:08:11'),
	(764, 3, 'purchase', 5, 'Compra ID: 93', 1, '2025-01-30 05:08:11', '2025-01-30 05:08:11'),
	(765, 17, 'purchase', 8, 'Compra ID: 93', 1, '2025-01-30 05:08:11', '2025-01-30 05:08:11'),
	(766, 13, 'purchase', 3, 'Compra ID: 93', 1, '2025-01-30 05:08:11', '2025-01-30 05:08:11'),
	(767, 3, 'purchase', 4, 'Compra ID: 93', 1, '2025-01-30 05:08:11', '2025-01-30 05:08:11'),
	(768, 13, 'purchase', 9, 'Compra ID: 93', 1, '2025-01-30 05:08:11', '2025-01-30 05:08:11'),
	(769, 6, 'purchase', 5, 'Compra ID: 93', 1, '2025-01-30 05:08:11', '2025-01-30 05:08:11'),
	(770, 10, 'purchase', 1, 'Compra ID: 93', 1, '2025-01-30 05:08:11', '2025-01-30 05:08:11'),
	(771, 2, 'purchase', 5, 'Compra ID: 93', 1, '2025-01-30 05:08:11', '2025-01-30 05:08:11'),
	(772, 5, 'purchase', 8, 'Compra ID: 93', 1, '2025-01-30 05:08:11', '2025-01-30 05:08:11'),
	(773, 6, 'purchase', 6, 'Compra ID: 93', 1, '2025-01-30 05:08:11', '2025-01-30 05:08:11'),
	(774, 17, 'purchase', 7, 'Compra ID: 93', 1, '2025-01-30 05:08:11', '2025-01-30 05:08:11'),
	(775, 1, 'purchase', 8, 'Compra ID: 93', 1, '2025-01-30 05:08:11', '2025-01-30 05:08:11'),
	(776, 16, 'purchase', 8, 'Compra ID: 93', 1, '2025-01-30 05:08:11', '2025-01-30 05:08:11'),
	(777, 6, 'purchase', 9, 'Compra ID: 93', 1, '2025-01-30 05:08:11', '2025-01-30 05:08:11'),
	(778, 18, 'purchase', 6, 'Compra ID: 93', 1, '2025-01-30 05:08:11', '2025-01-30 05:08:11'),
	(779, 7, 'purchase', 6, 'Compra ID: 93', 1, '2025-01-30 05:08:11', '2025-01-30 05:08:11'),
	(780, 4, 'purchase', 9, 'Compra ID: 93', 1, '2025-01-30 05:08:11', '2025-01-30 05:08:11'),
	(781, 19, 'purchase', 10, 'Compra ID: 93', 1, '2025-01-30 05:08:11', '2025-01-30 05:08:11'),
	(782, 17, 'purchase', 10, 'Compra ID: 94', 1, '2025-01-30 05:08:11', '2025-01-30 05:08:11'),
	(783, 5, 'purchase', 10, 'Compra ID: 94', 1, '2025-01-30 05:08:11', '2025-01-30 05:08:11'),
	(784, 2, 'purchase', 10, 'Compra ID: 94', 1, '2025-01-30 05:08:11', '2025-01-30 05:08:11'),
	(785, 10, 'purchase', 3, 'Compra ID: 95', 1, '2025-01-30 05:08:11', '2025-01-30 05:08:11'),
	(786, 5, 'purchase', 10, 'Compra ID: 95', 1, '2025-01-30 05:08:11', '2025-01-30 05:08:11'),
	(787, 5, 'purchase', 2, 'Compra ID: 95', 1, '2025-01-30 05:08:11', '2025-01-30 05:08:11'),
	(788, 15, 'purchase', 4, 'Compra ID: 95', 1, '2025-01-30 05:08:11', '2025-01-30 05:08:11'),
	(789, 13, 'purchase', 1, 'Compra ID: 95', 1, '2025-01-30 05:08:11', '2025-01-30 05:08:11'),
	(790, 16, 'purchase', 7, 'Compra ID: 95', 1, '2025-01-30 05:08:11', '2025-01-30 05:08:11'),
	(791, 20, 'purchase', 10, 'Compra ID: 95', 1, '2025-01-30 05:08:11', '2025-01-30 05:08:11'),
	(792, 4, 'purchase', 10, 'Compra ID: 95', 1, '2025-01-30 05:08:11', '2025-01-30 05:08:11'),
	(793, 20, 'purchase', 8, 'Compra ID: 95', 1, '2025-01-30 05:08:11', '2025-01-30 05:08:11'),
	(794, 20, 'purchase', 10, 'Compra ID: 95', 1, '2025-01-30 05:08:11', '2025-01-30 05:08:11'),
	(795, 20, 'purchase', 1, 'Compra ID: 95', 1, '2025-01-30 05:08:12', '2025-01-30 05:08:12'),
	(796, 9, 'purchase', 1, 'Compra ID: 95', 1, '2025-01-30 05:08:12', '2025-01-30 05:08:12'),
	(797, 15, 'purchase', 10, 'Compra ID: 95', 1, '2025-01-30 05:08:12', '2025-01-30 05:08:12'),
	(798, 6, 'purchase', 10, 'Compra ID: 95', 1, '2025-01-30 05:08:12', '2025-01-30 05:08:12'),
	(799, 13, 'purchase', 9, 'Compra ID: 95', 1, '2025-01-30 05:08:12', '2025-01-30 05:08:12'),
	(800, 2, 'purchase', 8, 'Compra ID: 95', 1, '2025-01-30 05:08:12', '2025-01-30 05:08:12'),
	(801, 14, 'purchase', 6, 'Compra ID: 95', 1, '2025-01-30 05:08:12', '2025-01-30 05:08:12'),
	(802, 9, 'purchase', 1, 'Compra ID: 96', 1, '2025-01-30 05:08:12', '2025-01-30 05:08:12'),
	(803, 2, 'purchase', 9, 'Compra ID: 96', 1, '2025-01-30 05:08:12', '2025-01-30 05:08:12'),
	(804, 16, 'purchase', 4, 'Compra ID: 96', 1, '2025-01-30 05:08:12', '2025-01-30 05:08:12'),
	(805, 16, 'purchase', 2, 'Compra ID: 96', 1, '2025-01-30 05:08:12', '2025-01-30 05:08:12'),
	(806, 1, 'purchase', 2, 'Compra ID: 96', 1, '2025-01-30 05:08:12', '2025-01-30 05:08:12'),
	(807, 4, 'purchase', 10, 'Compra ID: 96', 1, '2025-01-30 05:08:12', '2025-01-30 05:08:12'),
	(808, 8, 'purchase', 2, 'Compra ID: 96', 1, '2025-01-30 05:08:12', '2025-01-30 05:08:12'),
	(809, 9, 'purchase', 6, 'Compra ID: 96', 1, '2025-01-30 05:08:12', '2025-01-30 05:08:12'),
	(810, 1, 'purchase', 5, 'Compra ID: 96', 1, '2025-01-30 05:08:12', '2025-01-30 05:08:12'),
	(811, 11, 'purchase', 1, 'Compra ID: 96', 1, '2025-01-30 05:08:12', '2025-01-30 05:08:12'),
	(812, 13, 'purchase', 1, 'Compra ID: 96', 1, '2025-01-30 05:08:12', '2025-01-30 05:08:12'),
	(813, 18, 'purchase', 5, 'Compra ID: 96', 1, '2025-01-30 05:08:12', '2025-01-30 05:08:12'),
	(814, 5, 'purchase', 3, 'Compra ID: 96', 1, '2025-01-30 05:08:12', '2025-01-30 05:08:12'),
	(815, 14, 'purchase', 6, 'Compra ID: 96', 1, '2025-01-30 05:08:12', '2025-01-30 05:08:12'),
	(816, 1, 'purchase', 4, 'Compra ID: 96', 1, '2025-01-30 05:08:12', '2025-01-30 05:08:12'),
	(817, 1, 'purchase', 3, 'Compra ID: 96', 1, '2025-01-30 05:08:12', '2025-01-30 05:08:12'),
	(818, 14, 'purchase', 6, 'Compra ID: 96', 1, '2025-01-30 05:08:12', '2025-01-30 05:08:12'),
	(819, 13, 'purchase', 2, 'Compra ID: 96', 1, '2025-01-30 05:08:12', '2025-01-30 05:08:12'),
	(820, 1, 'purchase', 10, 'Compra ID: 96', 1, '2025-01-30 05:08:12', '2025-01-30 05:08:12'),
	(821, 5, 'purchase', 4, 'Compra ID: 97', 1, '2025-01-30 05:08:12', '2025-01-30 05:08:12'),
	(822, 19, 'purchase', 9, 'Compra ID: 97', 1, '2025-01-30 05:08:12', '2025-01-30 05:08:12'),
	(823, 20, 'purchase', 5, 'Compra ID: 97', 1, '2025-01-30 05:08:12', '2025-01-30 05:08:12'),
	(824, 3, 'purchase', 5, 'Compra ID: 97', 1, '2025-01-30 05:08:12', '2025-01-30 05:08:12'),
	(825, 3, 'purchase', 7, 'Compra ID: 97', 1, '2025-01-30 05:08:12', '2025-01-30 05:08:12'),
	(826, 15, 'purchase', 3, 'Compra ID: 97', 1, '2025-01-30 05:08:12', '2025-01-30 05:08:12'),
	(827, 13, 'purchase', 10, 'Compra ID: 97', 1, '2025-01-30 05:08:12', '2025-01-30 05:08:12'),
	(828, 7, 'purchase', 5, 'Compra ID: 97', 1, '2025-01-30 05:08:12', '2025-01-30 05:08:12'),
	(829, 8, 'purchase', 4, 'Compra ID: 97', 1, '2025-01-30 05:08:12', '2025-01-30 05:08:12'),
	(830, 14, 'purchase', 2, 'Compra ID: 97', 1, '2025-01-30 05:08:12', '2025-01-30 05:08:12'),
	(831, 17, 'purchase', 2, 'Compra ID: 97', 1, '2025-01-30 05:08:12', '2025-01-30 05:08:12'),
	(832, 18, 'purchase', 7, 'Compra ID: 97', 1, '2025-01-30 05:08:12', '2025-01-30 05:08:12'),
	(833, 20, 'purchase', 1, 'Compra ID: 97', 1, '2025-01-30 05:08:12', '2025-01-30 05:08:12'),
	(834, 14, 'purchase', 2, 'Compra ID: 97', 1, '2025-01-30 05:08:12', '2025-01-30 05:08:12'),
	(835, 14, 'purchase', 4, 'Compra ID: 97', 1, '2025-01-30 05:08:12', '2025-01-30 05:08:12'),
	(836, 17, 'purchase', 1, 'Compra ID: 97', 1, '2025-01-30 05:08:12', '2025-01-30 05:08:12'),
	(837, 18, 'purchase', 8, 'Compra ID: 97', 1, '2025-01-30 05:08:12', '2025-01-30 05:08:12'),
	(838, 2, 'purchase', 6, 'Compra ID: 97', 1, '2025-01-30 05:08:12', '2025-01-30 05:08:12'),
	(839, 17, 'purchase', 3, 'Compra ID: 97', 1, '2025-01-30 05:08:12', '2025-01-30 05:08:12'),
	(840, 9, 'purchase', 6, 'Compra ID: 98', 1, '2025-01-30 05:08:12', '2025-01-30 05:08:12'),
	(841, 7, 'purchase', 9, 'Compra ID: 98', 1, '2025-01-30 05:08:12', '2025-01-30 05:08:12'),
	(842, 11, 'purchase', 2, 'Compra ID: 98', 1, '2025-01-30 05:08:12', '2025-01-30 05:08:12'),
	(843, 14, 'purchase', 1, 'Compra ID: 98', 1, '2025-01-30 05:08:12', '2025-01-30 05:08:12'),
	(844, 3, 'purchase', 9, 'Compra ID: 98', 1, '2025-01-30 05:08:12', '2025-01-30 05:08:12'),
	(845, 6, 'purchase', 10, 'Compra ID: 98', 1, '2025-01-30 05:08:12', '2025-01-30 05:08:12'),
	(846, 11, 'purchase', 3, 'Compra ID: 98', 1, '2025-01-30 05:08:12', '2025-01-30 05:08:12'),
	(847, 8, 'purchase', 5, 'Compra ID: 98', 1, '2025-01-30 05:08:12', '2025-01-30 05:08:12'),
	(848, 7, 'purchase', 3, 'Compra ID: 98', 1, '2025-01-30 05:08:12', '2025-01-30 05:08:12'),
	(849, 2, 'purchase', 5, 'Compra ID: 98', 1, '2025-01-30 05:08:12', '2025-01-30 05:08:12'),
	(850, 2, 'purchase', 1, 'Compra ID: 98', 1, '2025-01-30 05:08:12', '2025-01-30 05:08:12'),
	(851, 9, 'purchase', 5, 'Compra ID: 98', 1, '2025-01-30 05:08:12', '2025-01-30 05:08:12'),
	(852, 4, 'purchase', 1, 'Compra ID: 98', 1, '2025-01-30 05:08:12', '2025-01-30 05:08:12'),
	(853, 12, 'purchase', 5, 'Compra ID: 99', 1, '2025-01-30 05:08:12', '2025-01-30 05:08:12'),
	(854, 16, 'purchase', 3, 'Compra ID: 99', 1, '2025-01-30 05:08:12', '2025-01-30 05:08:12'),
	(855, 11, 'purchase', 8, 'Compra ID: 99', 1, '2025-01-30 05:08:12', '2025-01-30 05:08:12'),
	(856, 7, 'purchase', 4, 'Compra ID: 99', 1, '2025-01-30 05:08:12', '2025-01-30 05:08:12'),
	(857, 14, 'purchase', 5, 'Compra ID: 99', 1, '2025-01-30 05:08:12', '2025-01-30 05:08:12'),
	(858, 14, 'purchase', 2, 'Compra ID: 99', 1, '2025-01-30 05:08:12', '2025-01-30 05:08:12'),
	(859, 8, 'purchase', 1, 'Compra ID: 99', 1, '2025-01-30 05:08:12', '2025-01-30 05:08:12'),
	(860, 4, 'purchase', 8, 'Compra ID: 100', 1, '2025-01-30 05:08:12', '2025-01-30 05:08:12'),
	(861, 5, 'purchase', 8, 'Compra ID: 100', 1, '2025-01-30 05:08:12', '2025-01-30 05:08:12'),
	(862, 4, 'purchase', 10, 'Compra ID: 100', 1, '2025-01-30 05:08:12', '2025-01-30 05:08:12'),
	(863, 6, 'purchase', 8, 'Compra ID: 100', 1, '2025-01-30 05:08:12', '2025-01-30 05:08:12'),
	(864, 19, 'purchase', 4, 'Compra ID: 101', 1, '2025-01-30 05:08:12', '2025-01-30 05:08:12'),
	(865, 14, 'purchase', 8, 'Compra ID: 101', 1, '2025-01-30 05:08:12', '2025-01-30 05:08:12'),
	(866, 13, 'purchase', 7, 'Compra ID: 101', 1, '2025-01-30 05:08:12', '2025-01-30 05:08:12'),
	(867, 7, 'purchase', 2, 'Compra ID: 101', 1, '2025-01-30 05:08:12', '2025-01-30 05:08:12'),
	(868, 15, 'purchase', 5, 'Compra ID: 101', 1, '2025-01-30 05:08:12', '2025-01-30 05:08:12'),
	(869, 11, 'purchase', 9, 'Compra ID: 101', 1, '2025-01-30 05:08:12', '2025-01-30 05:08:12'),
	(870, 2, 'purchase', 1, 'Compra ID: 101', 1, '2025-01-30 05:08:12', '2025-01-30 05:08:12'),
	(871, 5, 'purchase', 10, 'Compra ID: 101', 1, '2025-01-30 05:08:12', '2025-01-30 05:08:12'),
	(872, 1, 'purchase', 4, 'Compra ID: 101', 1, '2025-01-30 05:08:12', '2025-01-30 05:08:12'),
	(873, 5, 'purchase', 6, 'Compra ID: 101', 1, '2025-01-30 05:08:12', '2025-01-30 05:08:12'),
	(874, 15, 'purchase', 5, 'Compra ID: 101', 1, '2025-01-30 05:08:12', '2025-01-30 05:08:12'),
	(875, 10, 'purchase', 9, 'Compra ID: 101', 1, '2025-01-30 05:08:12', '2025-01-30 05:08:12'),
	(876, 5, 'purchase', 6, 'Compra ID: 102', 1, '2025-01-30 05:08:12', '2025-01-30 05:08:12'),
	(877, 1, 'purchase', 9, 'Compra ID: 102', 1, '2025-01-30 05:08:12', '2025-01-30 05:08:12'),
	(878, 10, 'purchase', 8, 'Compra ID: 102', 1, '2025-01-30 05:08:12', '2025-01-30 05:08:12'),
	(879, 15, 'purchase', 2, 'Compra ID: 102', 1, '2025-01-30 05:08:12', '2025-01-30 05:08:12'),
	(880, 12, 'purchase', 4, 'Compra ID: 102', 1, '2025-01-30 05:08:12', '2025-01-30 05:08:12'),
	(881, 2, 'purchase', 9, 'Compra ID: 102', 1, '2025-01-30 05:08:12', '2025-01-30 05:08:12'),
	(882, 8, 'purchase', 6, 'Compra ID: 102', 1, '2025-01-30 05:08:12', '2025-01-30 05:08:12'),
	(883, 13, 'purchase', 9, 'Compra ID: 102', 1, '2025-01-30 05:08:12', '2025-01-30 05:08:12'),
	(884, 6, 'purchase', 6, 'Compra ID: 102', 1, '2025-01-30 05:08:12', '2025-01-30 05:08:12'),
	(885, 5, 'purchase', 7, 'Compra ID: 102', 1, '2025-01-30 05:08:12', '2025-01-30 05:08:12'),
	(886, 13, 'purchase', 5, 'Compra ID: 102', 1, '2025-01-30 05:08:12', '2025-01-30 05:08:12'),
	(887, 10, 'purchase', 8, 'Compra ID: 103', 1, '2025-01-30 05:08:12', '2025-01-30 05:08:12'),
	(888, 20, 'purchase', 7, 'Compra ID: 103', 1, '2025-01-30 05:08:12', '2025-01-30 05:08:12'),
	(889, 7, 'purchase', 7, 'Compra ID: 103', 1, '2025-01-30 05:08:12', '2025-01-30 05:08:12'),
	(890, 14, 'purchase', 8, 'Compra ID: 103', 1, '2025-01-30 05:08:12', '2025-01-30 05:08:12'),
	(891, 8, 'purchase', 6, 'Compra ID: 103', 1, '2025-01-30 05:08:12', '2025-01-30 05:08:12'),
	(892, 17, 'purchase', 9, 'Compra ID: 103', 1, '2025-01-30 05:08:12', '2025-01-30 05:08:12'),
	(893, 9, 'purchase', 9, 'Compra ID: 103', 1, '2025-01-30 05:08:12', '2025-01-30 05:08:12'),
	(894, 13, 'purchase', 3, 'Compra ID: 103', 1, '2025-01-30 05:08:12', '2025-01-30 05:08:12'),
	(895, 13, 'purchase', 3, 'Compra ID: 104', 1, '2025-01-30 05:08:12', '2025-01-30 05:08:12'),
	(896, 4, 'purchase', 5, 'Compra ID: 105', 1, '2025-01-30 05:08:12', '2025-01-30 05:08:12'),
	(897, 12, 'purchase', 7, 'Compra ID: 105', 1, '2025-01-30 05:08:12', '2025-01-30 05:08:12'),
	(898, 2, 'purchase', 1, 'Compra ID: 105', 1, '2025-01-30 05:08:12', '2025-01-30 05:08:12'),
	(899, 14, 'purchase', 8, 'Compra ID: 105', 1, '2025-01-30 05:08:12', '2025-01-30 05:08:12'),
	(900, 2, 'purchase', 2, 'Compra ID: 105', 1, '2025-01-30 05:08:12', '2025-01-30 05:08:12'),
	(901, 9, 'purchase', 6, 'Compra ID: 105', 1, '2025-01-30 05:08:12', '2025-01-30 05:08:12'),
	(902, 2, 'purchase', 3, 'Compra ID: 105', 1, '2025-01-30 05:08:12', '2025-01-30 05:08:12'),
	(903, 5, 'purchase', 10, 'Compra ID: 105', 1, '2025-01-30 05:08:12', '2025-01-30 05:08:12'),
	(904, 20, 'purchase', 1, 'Compra ID: 105', 1, '2025-01-30 05:08:12', '2025-01-30 05:08:12'),
	(905, 11, 'purchase', 3, 'Compra ID: 105', 1, '2025-01-30 05:08:12', '2025-01-30 05:08:12'),
	(906, 14, 'purchase', 9, 'Compra ID: 105', 1, '2025-01-30 05:08:12', '2025-01-30 05:08:12'),
	(907, 7, 'purchase', 9, 'Compra ID: 105', 1, '2025-01-30 05:08:12', '2025-01-30 05:08:12'),
	(908, 13, 'purchase', 6, 'Compra ID: 105', 1, '2025-01-30 05:08:12', '2025-01-30 05:08:12'),
	(909, 5, 'purchase', 5, 'Compra ID: 105', 1, '2025-01-30 05:08:12', '2025-01-30 05:08:12'),
	(910, 2, 'purchase', 7, 'Compra ID: 105', 1, '2025-01-30 05:08:12', '2025-01-30 05:08:12'),
	(911, 12, 'purchase', 6, 'Compra ID: 105', 1, '2025-01-30 05:08:12', '2025-01-30 05:08:12'),
	(912, 11, 'purchase', 4, 'Compra ID: 105', 1, '2025-01-30 05:08:12', '2025-01-30 05:08:12'),
	(913, 5, 'purchase', 1, 'Compra ID: 106', 1, '2025-01-30 05:08:12', '2025-01-30 05:08:12'),
	(914, 10, 'purchase', 10, 'Compra ID: 106', 1, '2025-01-30 05:08:12', '2025-01-30 05:08:12'),
	(915, 6, 'purchase', 5, 'Compra ID: 106', 1, '2025-01-30 05:08:12', '2025-01-30 05:08:12'),
	(916, 1, 'purchase', 9, 'Compra ID: 107', 1, '2025-01-30 05:08:12', '2025-01-30 05:08:12'),
	(917, 2, 'purchase', 2, 'Compra ID: 107', 1, '2025-01-30 05:08:12', '2025-01-30 05:08:12'),
	(918, 15, 'purchase', 10, 'Compra ID: 107', 1, '2025-01-30 05:08:12', '2025-01-30 05:08:12'),
	(919, 18, 'purchase', 5, 'Compra ID: 107', 1, '2025-01-30 05:08:12', '2025-01-30 05:08:12'),
	(920, 8, 'purchase', 4, 'Compra ID: 107', 1, '2025-01-30 05:08:12', '2025-01-30 05:08:12'),
	(921, 15, 'purchase', 5, 'Compra ID: 107', 1, '2025-01-30 05:08:12', '2025-01-30 05:08:12'),
	(922, 6, 'purchase', 7, 'Compra ID: 107', 1, '2025-01-30 05:08:12', '2025-01-30 05:08:12'),
	(923, 10, 'purchase', 10, 'Compra ID: 107', 1, '2025-01-30 05:08:12', '2025-01-30 05:08:12'),
	(924, 3, 'purchase', 3, 'Compra ID: 107', 1, '2025-01-30 05:08:12', '2025-01-30 05:08:12'),
	(925, 9, 'purchase', 9, 'Compra ID: 107', 1, '2025-01-30 05:08:12', '2025-01-30 05:08:12'),
	(926, 7, 'purchase', 2, 'Compra ID: 107', 1, '2025-01-30 05:08:12', '2025-01-30 05:08:12'),
	(927, 14, 'purchase', 2, 'Compra ID: 107', 1, '2025-01-30 05:08:12', '2025-01-30 05:08:12'),
	(928, 10, 'purchase', 3, 'Compra ID: 107', 1, '2025-01-30 05:08:12', '2025-01-30 05:08:12'),
	(929, 13, 'purchase', 3, 'Compra ID: 107', 1, '2025-01-30 05:08:12', '2025-01-30 05:08:12'),
	(930, 3, 'purchase', 7, 'Compra ID: 107', 1, '2025-01-30 05:08:12', '2025-01-30 05:08:12'),
	(931, 6, 'purchase', 9, 'Compra ID: 107', 1, '2025-01-30 05:08:12', '2025-01-30 05:08:12'),
	(932, 6, 'purchase', 5, 'Compra ID: 107', 1, '2025-01-30 05:08:12', '2025-01-30 05:08:12'),
	(933, 14, 'purchase', 9, 'Compra ID: 107', 1, '2025-01-30 05:08:12', '2025-01-30 05:08:12'),
	(934, 17, 'purchase', 1, 'Compra ID: 107', 1, '2025-01-30 05:08:12', '2025-01-30 05:08:12'),
	(935, 6, 'purchase', 10, 'Compra ID: 108', 1, '2025-01-30 05:08:12', '2025-01-30 05:08:12'),
	(936, 2, 'purchase', 5, 'Compra ID: 108', 1, '2025-01-30 05:08:12', '2025-01-30 05:08:12'),
	(937, 12, 'purchase', 8, 'Compra ID: 108', 1, '2025-01-30 05:08:12', '2025-01-30 05:08:12'),
	(938, 5, 'purchase', 6, 'Compra ID: 108', 1, '2025-01-30 05:08:12', '2025-01-30 05:08:12'),
	(939, 13, 'purchase', 2, 'Compra ID: 108', 1, '2025-01-30 05:08:12', '2025-01-30 05:08:12'),
	(940, 12, 'purchase', 1, 'Compra ID: 108', 1, '2025-01-30 05:08:12', '2025-01-30 05:08:12'),
	(941, 16, 'purchase', 1, 'Compra ID: 108', 1, '2025-01-30 05:08:12', '2025-01-30 05:08:12'),
	(942, 19, 'purchase', 3, 'Compra ID: 108', 1, '2025-01-30 05:08:12', '2025-01-30 05:08:12'),
	(943, 13, 'purchase', 10, 'Compra ID: 109', 1, '2025-01-30 05:08:12', '2025-01-30 05:08:12'),
	(944, 6, 'purchase', 3, 'Compra ID: 109', 1, '2025-01-30 05:08:12', '2025-01-30 05:08:12'),
	(945, 9, 'purchase', 8, 'Compra ID: 109', 1, '2025-01-30 05:08:12', '2025-01-30 05:08:12'),
	(946, 3, 'purchase', 10, 'Compra ID: 109', 1, '2025-01-30 05:08:12', '2025-01-30 05:08:12'),
	(947, 17, 'purchase', 4, 'Compra ID: 109', 1, '2025-01-30 05:08:12', '2025-01-30 05:08:12'),
	(948, 15, 'purchase', 3, 'Compra ID: 109', 1, '2025-01-30 05:08:12', '2025-01-30 05:08:12'),
	(949, 12, 'purchase', 10, 'Compra ID: 109', 1, '2025-01-30 05:08:12', '2025-01-30 05:08:12'),
	(950, 15, 'purchase', 5, 'Compra ID: 109', 1, '2025-01-30 05:08:12', '2025-01-30 05:08:12'),
	(951, 5, 'purchase', 1, 'Compra ID: 109', 1, '2025-01-30 05:08:12', '2025-01-30 05:08:12'),
	(952, 4, 'purchase', 5, 'Compra ID: 109', 1, '2025-01-30 05:08:12', '2025-01-30 05:08:12'),
	(953, 11, 'purchase', 10, 'Compra ID: 109', 1, '2025-01-30 05:08:12', '2025-01-30 05:08:12'),
	(954, 9, 'purchase', 1, 'Compra ID: 109', 1, '2025-01-30 05:08:12', '2025-01-30 05:08:12'),
	(955, 20, 'purchase', 3, 'Compra ID: 109', 1, '2025-01-30 05:08:12', '2025-01-30 05:08:12'),
	(956, 19, 'purchase', 2, 'Compra ID: 109', 1, '2025-01-30 05:08:12', '2025-01-30 05:08:12'),
	(957, 8, 'purchase', 3, 'Compra ID: 109', 1, '2025-01-30 05:08:12', '2025-01-30 05:08:12'),
	(958, 14, 'purchase', 1, 'Compra ID: 110', 1, '2025-01-30 05:08:12', '2025-01-30 05:08:12'),
	(959, 10, 'purchase', 10, 'Compra ID: 110', 1, '2025-01-30 05:08:12', '2025-01-30 05:08:12'),
	(960, 14, 'purchase', 10, 'Compra ID: 110', 1, '2025-01-30 05:08:12', '2025-01-30 05:08:12'),
	(961, 17, 'purchase', 3, 'Compra ID: 110', 1, '2025-01-30 05:08:12', '2025-01-30 05:08:12'),
	(962, 10, 'purchase', 4, 'Compra ID: 110', 1, '2025-01-30 05:08:12', '2025-01-30 05:08:12'),
	(963, 16, 'purchase', 6, 'Compra ID: 111', 1, '2025-01-30 05:08:12', '2025-01-30 05:08:12'),
	(964, 13, 'purchase', 8, 'Compra ID: 111', 1, '2025-01-30 05:08:12', '2025-01-30 05:08:12'),
	(965, 11, 'purchase', 4, 'Compra ID: 111', 1, '2025-01-30 05:08:12', '2025-01-30 05:08:12'),
	(966, 19, 'purchase', 3, 'Compra ID: 111', 1, '2025-01-30 05:08:12', '2025-01-30 05:08:12'),
	(967, 7, 'purchase', 10, 'Compra ID: 111', 1, '2025-01-30 05:08:12', '2025-01-30 05:08:12'),
	(968, 20, 'purchase', 7, 'Compra ID: 112', 1, '2025-01-30 05:08:12', '2025-01-30 05:08:12'),
	(969, 13, 'purchase', 10, 'Compra ID: 112', 1, '2025-01-30 05:08:12', '2025-01-30 05:08:12'),
	(970, 6, 'purchase', 8, 'Compra ID: 112', 1, '2025-01-30 05:08:12', '2025-01-30 05:08:12'),
	(971, 6, 'purchase', 3, 'Compra ID: 112', 1, '2025-01-30 05:08:12', '2025-01-30 05:08:12'),
	(972, 4, 'purchase', 4, 'Compra ID: 112', 1, '2025-01-30 05:08:12', '2025-01-30 05:08:12'),
	(973, 2, 'purchase', 2, 'Compra ID: 112', 1, '2025-01-30 05:08:12', '2025-01-30 05:08:12'),
	(974, 7, 'purchase', 6, 'Compra ID: 112', 1, '2025-01-30 05:08:12', '2025-01-30 05:08:12'),
	(975, 20, 'purchase', 3, 'Compra ID: 112', 1, '2025-01-30 05:08:12', '2025-01-30 05:08:12'),
	(976, 16, 'purchase', 1, 'Compra ID: 112', 1, '2025-01-30 05:08:12', '2025-01-30 05:08:12'),
	(977, 9, 'purchase', 3, 'Compra ID: 112', 1, '2025-01-30 05:08:12', '2025-01-30 05:08:12'),
	(978, 11, 'purchase', 10, 'Compra ID: 113', 1, '2025-01-30 05:08:12', '2025-01-30 05:08:12'),
	(979, 1, 'purchase', 8, 'Compra ID: 113', 1, '2025-01-30 05:08:12', '2025-01-30 05:08:12'),
	(980, 2, 'purchase', 1, 'Compra ID: 113', 1, '2025-01-30 05:08:12', '2025-01-30 05:08:12'),
	(981, 20, 'purchase', 6, 'Compra ID: 113', 1, '2025-01-30 05:08:12', '2025-01-30 05:08:12'),
	(982, 17, 'purchase', 6, 'Compra ID: 113', 1, '2025-01-30 05:08:12', '2025-01-30 05:08:12'),
	(983, 12, 'purchase', 4, 'Compra ID: 113', 1, '2025-01-30 05:08:12', '2025-01-30 05:08:12'),
	(984, 8, 'purchase', 3, 'Compra ID: 113', 1, '2025-01-30 05:08:12', '2025-01-30 05:08:12'),
	(985, 9, 'purchase', 6, 'Compra ID: 113', 1, '2025-01-30 05:08:12', '2025-01-30 05:08:12'),
	(986, 2, 'purchase', 6, 'Compra ID: 113', 1, '2025-01-30 05:08:12', '2025-01-30 05:08:12'),
	(987, 10, 'purchase', 6, 'Compra ID: 113', 1, '2025-01-30 05:08:12', '2025-01-30 05:08:12'),
	(988, 10, 'purchase', 2, 'Compra ID: 113', 1, '2025-01-30 05:08:12', '2025-01-30 05:08:12'),
	(989, 10, 'purchase', 8, 'Compra ID: 113', 1, '2025-01-30 05:08:12', '2025-01-30 05:08:12'),
	(990, 14, 'purchase', 3, 'Compra ID: 113', 1, '2025-01-30 05:08:12', '2025-01-30 05:08:12'),
	(991, 14, 'purchase', 2, 'Compra ID: 113', 1, '2025-01-30 05:08:12', '2025-01-30 05:08:12'),
	(992, 11, 'purchase', 7, 'Compra ID: 113', 1, '2025-01-30 05:08:12', '2025-01-30 05:08:12'),
	(993, 5, 'purchase', 7, 'Compra ID: 114', 1, '2025-01-30 05:08:12', '2025-01-30 05:08:12'),
	(994, 8, 'purchase', 5, 'Compra ID: 114', 1, '2025-01-30 05:08:12', '2025-01-30 05:08:12'),
	(995, 2, 'purchase', 2, 'Compra ID: 114', 1, '2025-01-30 05:08:12', '2025-01-30 05:08:12'),
	(996, 13, 'purchase', 9, 'Compra ID: 115', 1, '2025-01-30 05:08:12', '2025-01-30 05:08:12'),
	(997, 20, 'purchase', 10, 'Compra ID: 115', 1, '2025-01-30 05:08:12', '2025-01-30 05:08:12'),
	(998, 16, 'purchase', 1, 'Compra ID: 115', 1, '2025-01-30 05:08:12', '2025-01-30 05:08:12'),
	(999, 15, 'purchase', 7, 'Compra ID: 115', 1, '2025-01-30 05:08:12', '2025-01-30 05:08:12'),
	(1000, 4, 'purchase', 6, 'Compra ID: 115', 1, '2025-01-30 05:08:12', '2025-01-30 05:08:12'),
	(1001, 17, 'purchase', 8, 'Compra ID: 115', 1, '2025-01-30 05:08:12', '2025-01-30 05:08:12'),
	(1002, 1, 'purchase', 4, 'Compra ID: 115', 1, '2025-01-30 05:08:12', '2025-01-30 05:08:12'),
	(1003, 2, 'purchase', 4, 'Compra ID: 115', 1, '2025-01-30 05:08:12', '2025-01-30 05:08:12'),
	(1004, 15, 'purchase', 8, 'Compra ID: 115', 1, '2025-01-30 05:08:12', '2025-01-30 05:08:12'),
	(1005, 14, 'purchase', 7, 'Compra ID: 115', 1, '2025-01-30 05:08:12', '2025-01-30 05:08:12'),
	(1006, 11, 'purchase', 9, 'Compra ID: 115', 1, '2025-01-30 05:08:12', '2025-01-30 05:08:12'),
	(1007, 17, 'purchase', 8, 'Compra ID: 115', 1, '2025-01-30 05:08:12', '2025-01-30 05:08:12'),
	(1008, 12, 'purchase', 7, 'Compra ID: 115', 1, '2025-01-30 05:08:12', '2025-01-30 05:08:12'),
	(1009, 2, 'purchase', 1, 'Compra ID: 115', 1, '2025-01-30 05:08:12', '2025-01-30 05:08:12'),
	(1010, 11, 'purchase', 1, 'Compra ID: 115', 1, '2025-01-30 05:08:12', '2025-01-30 05:08:12'),
	(1011, 16, 'purchase', 10, 'Compra ID: 115', 1, '2025-01-30 05:08:12', '2025-01-30 05:08:12'),
	(1012, 5, 'purchase', 6, 'Compra ID: 115', 1, '2025-01-30 05:08:12', '2025-01-30 05:08:12'),
	(1013, 13, 'purchase', 3, 'Compra ID: 115', 1, '2025-01-30 05:08:12', '2025-01-30 05:08:12'),
	(1014, 8, 'purchase', 10, 'Compra ID: 116', 1, '2025-01-30 05:08:12', '2025-01-30 05:08:12'),
	(1015, 8, 'purchase', 10, 'Compra ID: 116', 1, '2025-01-30 05:08:12', '2025-01-30 05:08:12'),
	(1016, 11, 'purchase', 9, 'Compra ID: 116', 1, '2025-01-30 05:08:12', '2025-01-30 05:08:12'),
	(1017, 19, 'purchase', 10, 'Compra ID: 116', 1, '2025-01-30 05:08:12', '2025-01-30 05:08:12'),
	(1018, 2, 'purchase', 4, 'Compra ID: 117', 1, '2025-01-30 05:08:12', '2025-01-30 05:08:12'),
	(1019, 19, 'purchase', 1, 'Compra ID: 117', 1, '2025-01-30 05:08:12', '2025-01-30 05:08:12'),
	(1020, 17, 'purchase', 5, 'Compra ID: 117', 1, '2025-01-30 05:08:12', '2025-01-30 05:08:12'),
	(1021, 15, 'purchase', 2, 'Compra ID: 117', 1, '2025-01-30 05:08:12', '2025-01-30 05:08:12'),
	(1022, 2, 'purchase', 3, 'Compra ID: 117', 1, '2025-01-30 05:08:12', '2025-01-30 05:08:12'),
	(1023, 8, 'purchase', 10, 'Compra ID: 117', 1, '2025-01-30 05:08:12', '2025-01-30 05:08:12'),
	(1024, 18, 'purchase', 6, 'Compra ID: 117', 1, '2025-01-30 05:08:12', '2025-01-30 05:08:12'),
	(1025, 17, 'purchase', 5, 'Compra ID: 117', 1, '2025-01-30 05:08:12', '2025-01-30 05:08:12'),
	(1026, 11, 'purchase', 5, 'Compra ID: 117', 1, '2025-01-30 05:08:12', '2025-01-30 05:08:12'),
	(1027, 11, 'purchase', 5, 'Compra ID: 117', 1, '2025-01-30 05:08:12', '2025-01-30 05:08:12'),
	(1028, 5, 'purchase', 6, 'Compra ID: 117', 1, '2025-01-30 05:08:12', '2025-01-30 05:08:12'),
	(1029, 11, 'purchase', 7, 'Compra ID: 117', 1, '2025-01-30 05:08:12', '2025-01-30 05:08:12'),
	(1030, 19, 'purchase', 4, 'Compra ID: 117', 1, '2025-01-30 05:08:12', '2025-01-30 05:08:12'),
	(1031, 17, 'purchase', 7, 'Compra ID: 117', 1, '2025-01-30 05:08:12', '2025-01-30 05:08:12'),
	(1032, 3, 'purchase', 5, 'Compra ID: 117', 1, '2025-01-30 05:08:12', '2025-01-30 05:08:12'),
	(1033, 3, 'purchase', 9, 'Compra ID: 118', 1, '2025-01-30 05:08:12', '2025-01-30 05:08:12'),
	(1034, 11, 'purchase', 1, 'Compra ID: 119', 1, '2025-01-30 05:08:12', '2025-01-30 05:08:12'),
	(1035, 14, 'purchase', 8, 'Compra ID: 119', 1, '2025-01-30 05:08:12', '2025-01-30 05:08:12'),
	(1036, 16, 'purchase', 3, 'Compra ID: 119', 1, '2025-01-30 05:08:12', '2025-01-30 05:08:12'),
	(1037, 17, 'purchase', 2, 'Compra ID: 119', 1, '2025-01-30 05:08:12', '2025-01-30 05:08:12'),
	(1038, 16, 'purchase', 10, 'Compra ID: 119', 1, '2025-01-30 05:08:12', '2025-01-30 05:08:12'),
	(1039, 20, 'purchase', 7, 'Compra ID: 119', 1, '2025-01-30 05:08:12', '2025-01-30 05:08:12'),
	(1040, 4, 'purchase', 5, 'Compra ID: 119', 1, '2025-01-30 05:08:12', '2025-01-30 05:08:12'),
	(1041, 17, 'purchase', 2, 'Compra ID: 119', 1, '2025-01-30 05:08:12', '2025-01-30 05:08:12'),
	(1042, 20, 'purchase', 2, 'Compra ID: 119', 1, '2025-01-30 05:08:12', '2025-01-30 05:08:12'),
	(1043, 18, 'purchase', 3, 'Compra ID: 119', 1, '2025-01-30 05:08:12', '2025-01-30 05:08:12'),
	(1044, 13, 'purchase', 7, 'Compra ID: 119', 1, '2025-01-30 05:08:12', '2025-01-30 05:08:12'),
	(1045, 17, 'purchase', 10, 'Compra ID: 119', 1, '2025-01-30 05:08:12', '2025-01-30 05:08:12'),
	(1046, 6, 'purchase', 8, 'Compra ID: 119', 1, '2025-01-30 05:08:12', '2025-01-30 05:08:12'),
	(1047, 18, 'purchase', 3, 'Compra ID: 119', 1, '2025-01-30 05:08:12', '2025-01-30 05:08:12'),
	(1048, 10, 'purchase', 1, 'Compra ID: 119', 1, '2025-01-30 05:08:12', '2025-01-30 05:08:12'),
	(1049, 5, 'purchase', 1, 'Compra ID: 119', 1, '2025-01-30 05:08:12', '2025-01-30 05:08:12'),
	(1050, 9, 'purchase', 1, 'Compra ID: 119', 1, '2025-01-30 05:08:12', '2025-01-30 05:08:12'),
	(1051, 14, 'purchase', 1, 'Compra ID: 119', 1, '2025-01-30 05:08:12', '2025-01-30 05:08:12'),
	(1052, 9, 'purchase', 5, 'Compra ID: 119', 1, '2025-01-30 05:08:12', '2025-01-30 05:08:12'),
	(1053, 2, 'purchase', 10, 'Compra ID: 120', 1, '2025-01-30 05:08:12', '2025-01-30 05:08:12'),
	(1054, 15, 'purchase', 6, 'Compra ID: 120', 1, '2025-01-30 05:08:12', '2025-01-30 05:08:12'),
	(1055, 1, 'purchase', 6, 'Compra ID: 120', 1, '2025-01-30 05:08:12', '2025-01-30 05:08:12'),
	(1056, 2, 'purchase', 8, 'Compra ID: 120', 1, '2025-01-30 05:08:12', '2025-01-30 05:08:12'),
	(1057, 12, 'purchase', 3, 'Compra ID: 120', 1, '2025-01-30 05:08:12', '2025-01-30 05:08:12'),
	(1058, 7, 'purchase', 7, 'Compra ID: 121', 1, '2025-01-30 05:08:12', '2025-01-30 05:08:12'),
	(1059, 15, 'purchase', 8, 'Compra ID: 121', 1, '2025-01-30 05:08:12', '2025-01-30 05:08:12'),
	(1060, 3, 'sale', -2, 'Venta ID: 9', 1, '2025-01-30 05:22:06', '2025-01-30 05:22:06'),
	(1061, 12, 'sale', -4, 'Venta ID: 10', 1, '2025-01-30 05:22:06', '2025-01-30 05:22:06'),
	(1062, 5, 'sale', -5, 'Venta ID: 11', 1, '2025-01-30 05:22:06', '2025-01-30 05:22:06'),
	(1063, 2, 'sale', -3, 'Venta ID: 11', 1, '2025-01-30 05:22:06', '2025-01-30 05:22:06'),
	(1064, 2, 'sale', -3, 'Venta ID: 12', 1, '2025-01-30 05:22:06', '2025-01-30 05:22:06'),
	(1065, 20, 'sale', -5, 'Venta ID: 12', 1, '2025-01-30 05:22:06', '2025-01-30 05:22:06'),
	(1066, 11, 'sale', -4, 'Venta ID: 12', 1, '2025-01-30 05:22:06', '2025-01-30 05:22:06'),
	(1067, 3, 'sale', -5, 'Venta ID: 12', 1, '2025-01-30 05:22:06', '2025-01-30 05:22:06'),
	(1068, 9, 'sale', -5, 'Venta ID: 13', 1, '2025-01-30 05:22:06', '2025-01-30 05:22:06'),
	(1069, 6, 'sale', -5, 'Venta ID: 13', 1, '2025-01-30 05:22:06', '2025-01-30 05:22:06'),
	(1070, 15, 'sale', -4, 'Venta ID: 14', 1, '2025-01-30 05:22:06', '2025-01-30 05:22:06'),
	(1071, 17, 'sale', -4, 'Venta ID: 14', 1, '2025-01-30 05:22:06', '2025-01-30 05:22:06'),
	(1072, 8, 'sale', -4, 'Venta ID: 15', 1, '2025-01-30 05:22:06', '2025-01-30 05:22:06'),
	(1073, 3, 'sale', -5, 'Venta ID: 15', 1, '2025-01-30 05:22:06', '2025-01-30 05:22:06'),
	(1074, 14, 'sale', -4, 'Venta ID: 15', 1, '2025-01-30 05:22:06', '2025-01-30 05:22:06'),
	(1075, 8, 'sale', -3, 'Venta ID: 16', 1, '2025-01-30 05:22:06', '2025-01-30 05:22:06'),
	(1076, 5, 'sale', -2, 'Venta ID: 16', 1, '2025-01-30 05:22:06', '2025-01-30 05:22:06'),
	(1077, 12, 'sale', -4, 'Venta ID: 17', 1, '2025-01-30 05:22:06', '2025-01-30 05:22:06'),
	(1078, 8, 'sale', -4, 'Venta ID: 18', 1, '2025-01-30 05:22:06', '2025-01-30 05:22:06'),
	(1079, 6, 'sale', -5, 'Venta ID: 18', 1, '2025-01-30 05:22:06', '2025-01-30 05:22:06'),
	(1080, 8, 'sale', -4, 'Venta ID: 19', 1, '2025-01-30 05:22:06', '2025-01-30 05:22:06'),
	(1081, 4, 'sale', -1, 'Venta ID: 19', 1, '2025-01-30 05:22:06', '2025-01-30 05:22:06'),
	(1082, 6, 'sale', -1, 'Venta ID: 20', 1, '2025-01-30 05:22:06', '2025-01-30 05:22:06'),
	(1083, 12, 'sale', -5, 'Venta ID: 20', 1, '2025-01-30 05:22:06', '2025-01-30 05:22:06'),
	(1084, 11, 'sale', -2, 'Venta ID: 20', 1, '2025-01-30 05:22:06', '2025-01-30 05:22:06'),
	(1085, 14, 'sale', -4, 'Venta ID: 20', 1, '2025-01-30 05:22:06', '2025-01-30 05:22:06'),
	(1086, 8, 'sale', -5, 'Venta ID: 20', 1, '2025-01-30 05:22:06', '2025-01-30 05:22:06'),
	(1087, 3, 'sale', -5, 'Venta ID: 21', 1, '2025-01-30 05:22:06', '2025-01-30 05:22:06'),
	(1088, 16, 'sale', -5, 'Venta ID: 21', 1, '2025-01-30 05:22:06', '2025-01-30 05:22:06'),
	(1089, 8, 'sale', -1, 'Venta ID: 21', 1, '2025-01-30 05:22:06', '2025-01-30 05:22:06'),
	(1090, 2, 'sale', -4, 'Venta ID: 21', 1, '2025-01-30 05:22:06', '2025-01-30 05:22:06'),
	(1091, 7, 'sale', -3, 'Venta ID: 21', 1, '2025-01-30 05:22:06', '2025-01-30 05:22:06'),
	(1092, 8, 'sale', -1, 'Venta ID: 22', 1, '2025-01-30 05:22:06', '2025-01-30 05:22:06'),
	(1093, 9, 'sale', -2, 'Venta ID: 22', 1, '2025-01-30 05:22:06', '2025-01-30 05:22:06'),
	(1094, 20, 'sale', -4, 'Venta ID: 22', 1, '2025-01-30 05:22:06', '2025-01-30 05:22:06'),
	(1095, 10, 'sale', -5, 'Venta ID: 22', 1, '2025-01-30 05:22:06', '2025-01-30 05:22:06'),
	(1096, 14, 'sale', -1, 'Venta ID: 22', 1, '2025-01-30 05:22:06', '2025-01-30 05:22:06'),
	(1097, 2, 'sale', -3, 'Venta ID: 23', 1, '2025-01-30 05:22:06', '2025-01-30 05:22:06'),
	(1098, 19, 'sale', -5, 'Venta ID: 24', 1, '2025-01-30 05:22:06', '2025-01-30 05:22:06'),
	(1099, 8, 'sale', -3, 'Venta ID: 24', 1, '2025-01-30 05:22:06', '2025-01-30 05:22:06'),
	(1100, 19, 'sale', -3, 'Venta ID: 25', 1, '2025-01-30 05:22:06', '2025-01-30 05:22:06'),
	(1101, 8, 'sale', -5, 'Venta ID: 25', 1, '2025-01-30 05:22:06', '2025-01-30 05:22:06'),
	(1102, 9, 'sale', -2, 'Venta ID: 26', 1, '2025-01-30 05:22:06', '2025-01-30 05:22:06'),
	(1103, 16, 'sale', -1, 'Venta ID: 26', 1, '2025-01-30 05:22:06', '2025-01-30 05:22:06'),
	(1104, 19, 'sale', -1, 'Venta ID: 26', 1, '2025-01-30 05:22:06', '2025-01-30 05:22:06'),
	(1105, 8, 'sale', -2, 'Venta ID: 27', 1, '2025-01-30 05:22:06', '2025-01-30 05:22:06'),
	(1106, 5, 'sale', -1, 'Venta ID: 27', 1, '2025-01-30 05:22:06', '2025-01-30 05:22:06'),
	(1107, 15, 'sale', -3, 'Venta ID: 27', 1, '2025-01-30 05:22:06', '2025-01-30 05:22:06'),
	(1108, 11, 'sale', -3, 'Venta ID: 28', 1, '2025-01-30 05:22:06', '2025-01-30 05:22:06'),
	(1109, 7, 'sale', -4, 'Venta ID: 28', 1, '2025-01-30 05:22:06', '2025-01-30 05:22:06'),
	(1110, 9, 'sale', -2, 'Venta ID: 28', 1, '2025-01-30 05:22:06', '2025-01-30 05:22:06'),
	(1111, 4, 'sale', -2, 'Venta ID: 28', 1, '2025-01-30 05:22:06', '2025-01-30 05:22:06'),
	(1112, 9, 'sale', -2, 'Venta ID: 28', 1, '2025-01-30 05:22:06', '2025-01-30 05:22:06'),
	(1113, 17, 'sale', -4, 'Venta ID: 29', 1, '2025-01-30 05:22:06', '2025-01-30 05:22:06'),
	(1114, 12, 'sale', -4, 'Venta ID: 29', 1, '2025-01-30 05:22:06', '2025-01-30 05:22:06'),
	(1115, 18, 'sale', -2, 'Venta ID: 30', 1, '2025-01-30 05:22:06', '2025-01-30 05:22:06'),
	(1116, 15, 'sale', -1, 'Venta ID: 30', 1, '2025-01-30 05:22:06', '2025-01-30 05:22:06'),
	(1117, 6, 'sale', -3, 'Venta ID: 30', 1, '2025-01-30 05:22:06', '2025-01-30 05:22:06'),
	(1118, 7, 'sale', -5, 'Venta ID: 30', 1, '2025-01-30 05:22:06', '2025-01-30 05:22:06'),
	(1119, 13, 'sale', -5, 'Venta ID: 30', 1, '2025-01-30 05:22:06', '2025-01-30 05:22:06'),
	(1120, 16, 'sale', -2, 'Venta ID: 31', 1, '2025-01-30 05:22:06', '2025-01-30 05:22:06'),
	(1121, 6, 'sale', -4, 'Venta ID: 31', 1, '2025-01-30 05:22:06', '2025-01-30 05:22:06'),
	(1122, 15, 'sale', -4, 'Venta ID: 32', 1, '2025-01-30 05:22:06', '2025-01-30 05:22:06'),
	(1123, 3, 'sale', -4, 'Venta ID: 32', 1, '2025-01-30 05:22:06', '2025-01-30 05:22:06'),
	(1124, 9, 'sale', -5, 'Venta ID: 33', 1, '2025-01-30 05:22:06', '2025-01-30 05:22:06'),
	(1125, 5, 'sale', -1, 'Venta ID: 33', 1, '2025-01-30 05:22:06', '2025-01-30 05:22:06'),
	(1126, 8, 'sale', -4, 'Venta ID: 33', 1, '2025-01-30 05:22:06', '2025-01-30 05:22:06'),
	(1127, 14, 'sale', -5, 'Venta ID: 34', 1, '2025-01-30 05:22:06', '2025-01-30 05:22:06'),
	(1128, 3, 'sale', -3, 'Venta ID: 34', 1, '2025-01-30 05:22:06', '2025-01-30 05:22:06'),
	(1129, 13, 'sale', -3, 'Venta ID: 35', 1, '2025-01-30 05:22:06', '2025-01-30 05:22:06'),
	(1130, 20, 'sale', -3, 'Venta ID: 35', 1, '2025-01-30 05:22:06', '2025-01-30 05:22:06'),
	(1131, 16, 'sale', -4, 'Venta ID: 35', 1, '2025-01-30 05:22:06', '2025-01-30 05:22:06'),
	(1132, 10, 'sale', -3, 'Venta ID: 35', 1, '2025-01-30 05:22:06', '2025-01-30 05:22:06'),
	(1133, 18, 'sale', -4, 'Venta ID: 35', 1, '2025-01-30 05:22:06', '2025-01-30 05:22:06'),
	(1134, 8, 'sale', -4, 'Venta ID: 36', 1, '2025-01-30 05:22:06', '2025-01-30 05:22:06'),
	(1135, 17, 'sale', -4, 'Venta ID: 36', 1, '2025-01-30 05:22:06', '2025-01-30 05:22:06'),
	(1136, 13, 'sale', -4, 'Venta ID: 37', 1, '2025-01-30 05:22:06', '2025-01-30 05:22:06'),
	(1137, 3, 'sale', -2, 'Venta ID: 37', 1, '2025-01-30 05:22:06', '2025-01-30 05:22:06'),
	(1138, 18, 'sale', -1, 'Venta ID: 37', 1, '2025-01-30 05:22:06', '2025-01-30 05:22:06'),
	(1139, 7, 'sale', -1, 'Venta ID: 37', 1, '2025-01-30 05:22:06', '2025-01-30 05:22:06'),
	(1140, 4, 'sale', -1, 'Venta ID: 37', 1, '2025-01-30 05:22:06', '2025-01-30 05:22:06'),
	(1141, 11, 'sale', -4, 'Venta ID: 38', 1, '2025-01-30 05:22:06', '2025-01-30 05:22:06'),
	(1142, 11, 'sale', -4, 'Venta ID: 38', 1, '2025-01-30 05:22:06', '2025-01-30 05:22:06'),
	(1143, 8, 'sale', -2, 'Venta ID: 38', 1, '2025-01-30 05:22:06', '2025-01-30 05:22:06'),
	(1144, 4, 'sale', -1, 'Venta ID: 38', 1, '2025-01-30 05:22:06', '2025-01-30 05:22:06'),
	(1145, 7, 'sale', -1, 'Venta ID: 39', 1, '2025-01-30 05:22:06', '2025-01-30 05:22:06'),
	(1146, 19, 'sale', -1, 'Venta ID: 39', 1, '2025-01-30 05:22:06', '2025-01-30 05:22:06'),
	(1147, 15, 'sale', -1, 'Venta ID: 39', 1, '2025-01-30 05:22:06', '2025-01-30 05:22:06'),
	(1148, 16, 'sale', -1, 'Venta ID: 40', 1, '2025-01-30 05:22:06', '2025-01-30 05:22:06'),
	(1149, 5, 'sale', -2, 'Venta ID: 41', 1, '2025-01-30 05:22:06', '2025-01-30 05:22:06'),
	(1150, 18, 'sale', -4, 'Venta ID: 41', 1, '2025-01-30 05:22:06', '2025-01-30 05:22:06'),
	(1151, 20, 'sale', -5, 'Venta ID: 42', 1, '2025-01-30 05:22:06', '2025-01-30 05:22:06'),
	(1152, 19, 'sale', -5, 'Venta ID: 43', 1, '2025-01-30 05:22:06', '2025-01-30 05:22:06'),
	(1153, 10, 'sale', -3, 'Venta ID: 44', 1, '2025-01-30 05:22:06', '2025-01-30 05:22:06'),
	(1154, 12, 'sale', -4, 'Venta ID: 44', 1, '2025-01-30 05:22:06', '2025-01-30 05:22:06'),
	(1155, 7, 'sale', -1, 'Venta ID: 45', 1, '2025-01-30 05:22:06', '2025-01-30 05:22:06'),
	(1156, 13, 'sale', -4, 'Venta ID: 45', 1, '2025-01-30 05:22:06', '2025-01-30 05:22:06'),
	(1157, 7, 'sale', -2, 'Venta ID: 45', 1, '2025-01-30 05:22:06', '2025-01-30 05:22:06'),
	(1158, 4, 'sale', -3, 'Venta ID: 45', 1, '2025-01-30 05:22:06', '2025-01-30 05:22:06'),
	(1159, 3, 'sale', -1, 'Venta ID: 46', 1, '2025-01-30 05:22:06', '2025-01-30 05:22:06'),
	(1160, 15, 'sale', -2, 'Venta ID: 46', 1, '2025-01-30 05:22:06', '2025-01-30 05:22:06'),
	(1161, 2, 'sale', -4, 'Venta ID: 46', 1, '2025-01-30 05:22:06', '2025-01-30 05:22:06'),
	(1162, 19, 'sale', -1, 'Venta ID: 46', 1, '2025-01-30 05:22:06', '2025-01-30 05:22:06'),
	(1163, 1, 'sale', -2, 'Venta ID: 46', 1, '2025-01-30 05:22:06', '2025-01-30 05:22:06'),
	(1164, 19, 'sale', -5, 'Venta ID: 47', 1, '2025-01-30 05:22:06', '2025-01-30 05:22:06'),
	(1165, 3, 'sale', -4, 'Venta ID: 47', 1, '2025-01-30 05:22:06', '2025-01-30 05:22:06'),
	(1166, 2, 'sale', -2, 'Venta ID: 47', 1, '2025-01-30 05:22:06', '2025-01-30 05:22:06'),
	(1167, 17, 'sale', -5, 'Venta ID: 47', 1, '2025-01-30 05:22:06', '2025-01-30 05:22:06'),
	(1168, 4, 'sale', -5, 'Venta ID: 47', 1, '2025-01-30 05:22:06', '2025-01-30 05:22:06'),
	(1169, 20, 'sale', -5, 'Venta ID: 48', 1, '2025-01-30 05:22:06', '2025-01-30 05:22:06'),
	(1170, 12, 'sale', -1, 'Venta ID: 49', 1, '2025-01-30 05:22:06', '2025-01-30 05:22:06'),
	(1171, 7, 'sale', -2, 'Venta ID: 50', 1, '2025-01-30 05:22:06', '2025-01-30 05:22:06'),
	(1172, 14, 'sale', -1, 'Venta ID: 50', 1, '2025-01-30 05:22:06', '2025-01-30 05:22:06'),
	(1173, 14, 'sale', -4, 'Venta ID: 50', 1, '2025-01-30 05:22:06', '2025-01-30 05:22:06'),
	(1174, 7, 'sale', -4, 'Venta ID: 50', 1, '2025-01-30 05:22:06', '2025-01-30 05:22:06'),
	(1175, 10, 'sale', -4, 'Venta ID: 50', 1, '2025-01-30 05:22:06', '2025-01-30 05:22:06'),
	(1176, 5, 'sale', -4, 'Venta ID: 51', 1, '2025-01-30 05:22:06', '2025-01-30 05:22:06'),
	(1177, 18, 'sale', -2, 'Venta ID: 51', 1, '2025-01-30 05:22:06', '2025-01-30 05:22:06'),
	(1178, 4, 'sale', -3, 'Venta ID: 51', 1, '2025-01-30 05:22:06', '2025-01-30 05:22:06'),
	(1179, 8, 'sale', -3, 'Venta ID: 51', 1, '2025-01-30 05:22:06', '2025-01-30 05:22:06'),
	(1180, 8, 'sale', -1, 'Venta ID: 51', 1, '2025-01-30 05:22:06', '2025-01-30 05:22:06'),
	(1181, 1, 'sale', -3, 'Venta ID: 52', 1, '2025-01-30 05:22:06', '2025-01-30 05:22:06'),
	(1182, 18, 'sale', -4, 'Venta ID: 53', 1, '2025-01-30 05:22:06', '2025-01-30 05:22:06'),
	(1183, 14, 'sale', -4, 'Venta ID: 54', 1, '2025-01-30 05:22:06', '2025-01-30 05:22:06'),
	(1184, 11, 'sale', -5, 'Venta ID: 54', 1, '2025-01-30 05:22:06', '2025-01-30 05:22:06'),
	(1185, 18, 'sale', -1, 'Venta ID: 55', 1, '2025-01-30 05:22:06', '2025-01-30 05:22:06'),
	(1186, 5, 'sale', -2, 'Venta ID: 55', 1, '2025-01-30 05:22:06', '2025-01-30 05:22:06'),
	(1187, 11, 'sale', -4, 'Venta ID: 55', 1, '2025-01-30 05:22:06', '2025-01-30 05:22:06'),
	(1188, 7, 'sale', -2, 'Venta ID: 56', 1, '2025-01-30 05:22:06', '2025-01-30 05:22:06'),
	(1189, 10, 'sale', -1, 'Venta ID: 56', 1, '2025-01-30 05:22:06', '2025-01-30 05:22:06'),
	(1190, 18, 'sale', -1, 'Venta ID: 56', 1, '2025-01-30 05:22:06', '2025-01-30 05:22:06'),
	(1191, 2, 'sale', -5, 'Venta ID: 56', 1, '2025-01-30 05:22:06', '2025-01-30 05:22:06'),
	(1192, 3, 'sale', -4, 'Venta ID: 56', 1, '2025-01-30 05:22:06', '2025-01-30 05:22:06'),
	(1193, 3, 'sale', -5, 'Venta ID: 57', 1, '2025-01-30 05:22:06', '2025-01-30 05:22:06'),
	(1194, 7, 'sale', -3, 'Venta ID: 57', 1, '2025-01-30 05:22:06', '2025-01-30 05:22:06'),
	(1195, 18, 'sale', -1, 'Venta ID: 58', 1, '2025-01-30 05:22:06', '2025-01-30 05:22:06'),
	(1196, 11, 'sale', -4, 'Venta ID: 59', 1, '2025-01-30 05:22:06', '2025-01-30 05:22:06'),
	(1197, 8, 'sale', -5, 'Venta ID: 60', 1, '2025-01-30 05:22:06', '2025-01-30 05:22:06'),
	(1198, 17, 'sale', -5, 'Venta ID: 61', 1, '2025-01-30 05:22:06', '2025-01-30 05:22:06'),
	(1199, 6, 'sale', -4, 'Venta ID: 61', 1, '2025-01-30 05:22:06', '2025-01-30 05:22:06'),
	(1200, 7, 'sale', -1, 'Venta ID: 61', 1, '2025-01-30 05:22:06', '2025-01-30 05:22:06'),
	(1201, 13, 'sale', -4, 'Venta ID: 62', 1, '2025-01-30 05:22:06', '2025-01-30 05:22:06'),
	(1202, 15, 'sale', -3, 'Venta ID: 62', 1, '2025-01-30 05:22:06', '2025-01-30 05:22:06'),
	(1203, 14, 'sale', -4, 'Venta ID: 62', 1, '2025-01-30 05:22:06', '2025-01-30 05:22:06'),
	(1204, 18, 'sale', -1, 'Venta ID: 63', 1, '2025-01-30 05:22:06', '2025-01-30 05:22:06'),
	(1205, 13, 'sale', -4, 'Venta ID: 64', 1, '2025-01-30 05:22:06', '2025-01-30 05:22:06'),
	(1206, 13, 'sale', -5, 'Venta ID: 64', 1, '2025-01-30 05:22:06', '2025-01-30 05:22:06'),
	(1207, 3, 'sale', -3, 'Venta ID: 65', 1, '2025-01-30 05:22:06', '2025-01-30 05:22:06'),
	(1208, 11, 'sale', -3, 'Venta ID: 66', 1, '2025-01-30 05:22:06', '2025-01-30 05:22:06'),
	(1209, 13, 'sale', -1, 'Venta ID: 66', 1, '2025-01-30 05:22:06', '2025-01-30 05:22:06'),
	(1210, 12, 'sale', -5, 'Venta ID: 67', 1, '2025-01-30 05:22:06', '2025-01-30 05:22:06'),
	(1211, 2, 'sale', -5, 'Venta ID: 67', 1, '2025-01-30 05:22:06', '2025-01-30 05:22:06'),
	(1212, 13, 'sale', -4, 'Venta ID: 67', 1, '2025-01-30 05:22:06', '2025-01-30 05:22:06'),
	(1213, 8, 'sale', -2, 'Venta ID: 68', 1, '2025-01-30 05:22:06', '2025-01-30 05:22:06'),
	(1214, 13, 'sale', -2, 'Venta ID: 68', 1, '2025-01-30 05:22:06', '2025-01-30 05:22:06'),
	(1215, 19, 'sale', -4, 'Venta ID: 68', 1, '2025-01-30 05:22:06', '2025-01-30 05:22:06'),
	(1216, 7, 'sale', -1, 'Venta ID: 68', 1, '2025-01-30 05:22:06', '2025-01-30 05:22:06'),
	(1217, 3, 'sale', -2, 'Venta ID: 69', 1, '2025-01-30 05:22:06', '2025-01-30 05:22:06'),
	(1218, 1, 'sale', -4, 'Venta ID: 69', 1, '2025-01-30 05:22:06', '2025-01-30 05:22:06'),
	(1219, 7, 'sale', -3, 'Venta ID: 70', 1, '2025-01-30 05:22:06', '2025-01-30 05:22:06'),
	(1220, 17, 'sale', -4, 'Venta ID: 70', 1, '2025-01-30 05:22:06', '2025-01-30 05:22:06'),
	(1221, 1, 'sale', -3, 'Venta ID: 70', 1, '2025-01-30 05:22:06', '2025-01-30 05:22:06'),
	(1222, 7, 'sale', -5, 'Venta ID: 70', 1, '2025-01-30 05:22:06', '2025-01-30 05:22:06'),
	(1223, 8, 'sale', -3, 'Venta ID: 71', 1, '2025-01-30 05:22:06', '2025-01-30 05:22:06'),
	(1224, 14, 'sale', -3, 'Venta ID: 71', 1, '2025-01-30 05:22:06', '2025-01-30 05:22:06'),
	(1225, 15, 'sale', -5, 'Venta ID: 71', 1, '2025-01-30 05:22:06', '2025-01-30 05:22:06'),
	(1226, 12, 'sale', -5, 'Venta ID: 72', 1, '2025-01-30 05:22:06', '2025-01-30 05:22:06'),
	(1227, 4, 'sale', -5, 'Venta ID: 72', 1, '2025-01-30 05:22:06', '2025-01-30 05:22:06'),
	(1228, 5, 'sale', -3, 'Venta ID: 72', 1, '2025-01-30 05:22:06', '2025-01-30 05:22:06'),
	(1229, 9, 'sale', -2, 'Venta ID: 72', 1, '2025-01-30 05:22:06', '2025-01-30 05:22:06'),
	(1230, 12, 'sale', -5, 'Venta ID: 72', 1, '2025-01-30 05:22:06', '2025-01-30 05:22:06'),
	(1231, 18, 'sale', -2, 'Venta ID: 73', 1, '2025-01-30 05:22:06', '2025-01-30 05:22:06'),
	(1232, 10, 'sale', -1, 'Venta ID: 74', 1, '2025-01-30 05:22:06', '2025-01-30 05:22:06'),
	(1233, 13, 'sale', -1, 'Venta ID: 74', 1, '2025-01-30 05:22:06', '2025-01-30 05:22:06'),
	(1234, 5, 'sale', -5, 'Venta ID: 74', 1, '2025-01-30 05:22:06', '2025-01-30 05:22:06'),
	(1235, 12, 'sale', -3, 'Venta ID: 74', 1, '2025-01-30 05:22:06', '2025-01-30 05:22:06'),
	(1236, 5, 'sale', -1, 'Venta ID: 75', 1, '2025-01-30 05:22:06', '2025-01-30 05:22:06'),
	(1237, 13, 'sale', -5, 'Venta ID: 75', 1, '2025-01-30 05:22:06', '2025-01-30 05:22:06'),
	(1238, 10, 'sale', -2, 'Venta ID: 75', 1, '2025-01-30 05:22:06', '2025-01-30 05:22:06'),
	(1239, 20, 'sale', -5, 'Venta ID: 75', 1, '2025-01-30 05:22:06', '2025-01-30 05:22:06'),
	(1240, 20, 'sale', -1, 'Venta ID: 76', 1, '2025-01-30 05:22:06', '2025-01-30 05:22:06'),
	(1241, 15, 'sale', -3, 'Venta ID: 76', 1, '2025-01-30 05:22:06', '2025-01-30 05:22:06'),
	(1242, 12, 'sale', -5, 'Venta ID: 76', 1, '2025-01-30 05:22:06', '2025-01-30 05:22:06'),
	(1243, 20, 'sale', -2, 'Venta ID: 76', 1, '2025-01-30 05:22:06', '2025-01-30 05:22:06'),
	(1244, 19, 'sale', -5, 'Venta ID: 77', 1, '2025-01-30 05:22:06', '2025-01-30 05:22:06'),
	(1245, 12, 'sale', -2, 'Venta ID: 77', 1, '2025-01-30 05:22:06', '2025-01-30 05:22:06'),
	(1246, 4, 'sale', -4, 'Venta ID: 77', 1, '2025-01-30 05:22:06', '2025-01-30 05:22:06'),
	(1247, 17, 'sale', -2, 'Venta ID: 77', 1, '2025-01-30 05:22:06', '2025-01-30 05:22:06'),
	(1248, 10, 'sale', -1, 'Venta ID: 77', 1, '2025-01-30 05:22:06', '2025-01-30 05:22:06'),
	(1249, 2, 'sale', -1, 'Venta ID: 78', 1, '2025-01-30 05:22:06', '2025-01-30 05:22:06'),
	(1250, 5, 'sale', -1, 'Venta ID: 78', 1, '2025-01-30 05:22:06', '2025-01-30 05:22:06'),
	(1251, 13, 'sale', -3, 'Venta ID: 79', 1, '2025-01-30 05:22:06', '2025-01-30 05:22:06'),
	(1252, 14, 'sale', -2, 'Venta ID: 79', 1, '2025-01-30 05:22:06', '2025-01-30 05:22:06'),
	(1253, 6, 'sale', -1, 'Venta ID: 79', 1, '2025-01-30 05:22:06', '2025-01-30 05:22:06'),
	(1254, 6, 'sale', -5, 'Venta ID: 80', 1, '2025-01-30 05:22:06', '2025-01-30 05:22:06'),
	(1255, 10, 'sale', -3, 'Venta ID: 80', 1, '2025-01-30 05:22:06', '2025-01-30 05:22:06'),
	(1256, 20, 'sale', -3, 'Venta ID: 81', 1, '2025-01-30 05:22:06', '2025-01-30 05:22:06'),
	(1257, 16, 'sale', -3, 'Venta ID: 81', 1, '2025-01-30 05:22:06', '2025-01-30 05:22:06'),
	(1258, 14, 'sale', -4, 'Venta ID: 82', 1, '2025-01-30 05:22:06', '2025-01-30 05:22:06'),
	(1259, 4, 'sale', -1, 'Venta ID: 82', 1, '2025-01-30 05:22:06', '2025-01-30 05:22:06'),
	(1260, 6, 'sale', -1, 'Venta ID: 82', 1, '2025-01-30 05:22:06', '2025-01-30 05:22:06'),
	(1261, 17, 'sale', -1, 'Venta ID: 82', 1, '2025-01-30 05:22:06', '2025-01-30 05:22:06'),
	(1262, 12, 'sale', -5, 'Venta ID: 83', 1, '2025-01-30 05:22:06', '2025-01-30 05:22:06'),
	(1263, 10, 'sale', -2, 'Venta ID: 84', 1, '2025-01-30 05:22:06', '2025-01-30 05:22:06'),
	(1264, 6, 'sale', -1, 'Venta ID: 84', 1, '2025-01-30 05:22:06', '2025-01-30 05:22:06'),
	(1265, 4, 'sale', -4, 'Venta ID: 85', 1, '2025-01-30 05:22:06', '2025-01-30 05:22:06'),
	(1266, 16, 'sale', -3, 'Venta ID: 85', 1, '2025-01-30 05:22:06', '2025-01-30 05:22:06'),
	(1267, 4, 'sale', -5, 'Venta ID: 85', 1, '2025-01-30 05:22:06', '2025-01-30 05:22:06'),
	(1268, 11, 'sale', -2, 'Venta ID: 86', 1, '2025-01-30 05:22:06', '2025-01-30 05:22:06'),
	(1269, 18, 'sale', -4, 'Venta ID: 86', 1, '2025-01-30 05:22:06', '2025-01-30 05:22:06'),
	(1270, 19, 'sale', -1, 'Venta ID: 86', 1, '2025-01-30 05:22:06', '2025-01-30 05:22:06'),
	(1271, 3, 'sale', -3, 'Venta ID: 87', 1, '2025-01-30 05:22:06', '2025-01-30 05:22:06'),
	(1272, 1, 'sale', -1, 'Venta ID: 87', 1, '2025-01-30 05:22:06', '2025-01-30 05:22:06'),
	(1273, 7, 'sale', -3, 'Venta ID: 88', 1, '2025-01-30 05:22:06', '2025-01-30 05:22:06'),
	(1274, 15, 'sale', -2, 'Venta ID: 89', 1, '2025-01-30 05:22:06', '2025-01-30 05:22:06'),
	(1275, 12, 'sale', -3, 'Venta ID: 90', 1, '2025-01-30 05:22:06', '2025-01-30 05:22:06'),
	(1276, 2, 'sale', -4, 'Venta ID: 91', 1, '2025-01-30 05:22:06', '2025-01-30 05:22:06'),
	(1277, 15, 'sale', -5, 'Venta ID: 91', 1, '2025-01-30 05:22:06', '2025-01-30 05:22:06'),
	(1278, 18, 'sale', -4, 'Venta ID: 92', 1, '2025-01-30 05:22:06', '2025-01-30 05:22:06'),
	(1279, 5, 'sale', -2, 'Venta ID: 92', 1, '2025-01-30 05:22:06', '2025-01-30 05:22:06'),
	(1280, 11, 'sale', -1, 'Venta ID: 92', 1, '2025-01-30 05:22:06', '2025-01-30 05:22:06'),
	(1281, 5, 'sale', -2, 'Venta ID: 92', 1, '2025-01-30 05:22:06', '2025-01-30 05:22:06'),
	(1282, 14, 'sale', -1, 'Venta ID: 93', 1, '2025-01-30 05:22:06', '2025-01-30 05:22:06'),
	(1283, 15, 'sale', -2, 'Venta ID: 94', 1, '2025-01-30 05:22:06', '2025-01-30 05:22:06'),
	(1284, 12, 'sale', -5, 'Venta ID: 94', 1, '2025-01-30 05:22:06', '2025-01-30 05:22:06'),
	(1285, 7, 'sale', -1, 'Venta ID: 94', 1, '2025-01-30 05:22:06', '2025-01-30 05:22:06'),
	(1286, 19, 'sale', -5, 'Venta ID: 94', 1, '2025-01-30 05:22:06', '2025-01-30 05:22:06'),
	(1287, 4, 'sale', -4, 'Venta ID: 94', 1, '2025-01-30 05:22:06', '2025-01-30 05:22:06'),
	(1288, 6, 'sale', -2, 'Venta ID: 95', 1, '2025-01-30 05:22:06', '2025-01-30 05:22:06'),
	(1289, 3, 'sale', -1, 'Venta ID: 95', 1, '2025-01-30 05:22:06', '2025-01-30 05:22:06'),
	(1290, 12, 'sale', -4, 'Venta ID: 96', 1, '2025-01-30 05:22:06', '2025-01-30 05:22:06'),
	(1291, 3, 'sale', -4, 'Venta ID: 96', 1, '2025-01-30 05:22:06', '2025-01-30 05:22:06'),
	(1292, 5, 'sale', -3, 'Venta ID: 96', 1, '2025-01-30 05:22:06', '2025-01-30 05:22:06'),
	(1293, 8, 'sale', -3, 'Venta ID: 96', 1, '2025-01-30 05:22:06', '2025-01-30 05:22:06'),
	(1294, 15, 'sale', -2, 'Venta ID: 96', 1, '2025-01-30 05:22:06', '2025-01-30 05:22:06'),
	(1295, 14, 'sale', -4, 'Venta ID: 97', 1, '2025-01-30 05:22:06', '2025-01-30 05:22:06'),
	(1296, 16, 'sale', -4, 'Venta ID: 97', 1, '2025-01-30 05:22:06', '2025-01-30 05:22:06'),
	(1297, 1, 'sale', -2, 'Venta ID: 97', 1, '2025-01-30 05:22:06', '2025-01-30 05:22:06'),
	(1298, 16, 'sale', -3, 'Venta ID: 97', 1, '2025-01-30 05:22:06', '2025-01-30 05:22:06'),
	(1299, 9, 'sale', -3, 'Venta ID: 97', 1, '2025-01-30 05:22:06', '2025-01-30 05:22:06'),
	(1300, 1, 'sale', -2, 'Venta ID: 98', 1, '2025-01-30 05:22:06', '2025-01-30 05:22:06'),
	(1301, 15, 'sale', -3, 'Venta ID: 98', 1, '2025-01-30 05:22:06', '2025-01-30 05:22:06'),
	(1302, 15, 'sale', -3, 'Venta ID: 98', 1, '2025-01-30 05:22:06', '2025-01-30 05:22:06'),
	(1303, 18, 'sale', -1, 'Venta ID: 99', 1, '2025-01-30 05:22:06', '2025-01-30 05:22:06'),
	(1304, 1, 'sale', -2, 'Venta ID: 99', 1, '2025-01-30 05:22:06', '2025-01-30 05:22:06'),
	(1305, 6, 'sale', -3, 'Venta ID: 100', 1, '2025-01-30 05:22:06', '2025-01-30 05:22:06'),
	(1306, 3, 'sale', -3, 'Venta ID: 100', 1, '2025-01-30 05:22:06', '2025-01-30 05:22:06'),
	(1307, 13, 'sale', -3, 'Venta ID: 100', 1, '2025-01-30 05:22:06', '2025-01-30 05:22:06'),
	(1308, 2, 'sale', -4, 'Venta ID: 100', 1, '2025-01-30 05:22:06', '2025-01-30 05:22:06'),
	(1309, 14, 'sale', -5, 'Venta ID: 101', 1, '2025-01-30 05:22:06', '2025-01-30 05:22:06'),
	(1310, 4, 'sale', -1, 'Venta ID: 101', 1, '2025-01-30 05:22:06', '2025-01-30 05:22:06'),
	(1311, 14, 'sale', -1, 'Venta ID: 101', 1, '2025-01-30 05:22:06', '2025-01-30 05:22:06'),
	(1312, 12, 'sale', -4, 'Venta ID: 101', 1, '2025-01-30 05:22:06', '2025-01-30 05:22:06'),
	(1313, 15, 'sale', -2, 'Venta ID: 101', 1, '2025-01-30 05:22:06', '2025-01-30 05:22:06'),
	(1314, 13, 'sale', -3, 'Venta ID: 102', 1, '2025-01-30 05:22:06', '2025-01-30 05:22:06'),
	(1315, 9, 'sale', -5, 'Venta ID: 103', 1, '2025-01-30 05:22:06', '2025-01-30 05:22:06'),
	(1316, 17, 'sale', -3, 'Venta ID: 104', 1, '2025-01-30 05:22:06', '2025-01-30 05:22:06'),
	(1317, 9, 'sale', -1, 'Venta ID: 104', 1, '2025-01-30 05:22:06', '2025-01-30 05:22:06'),
	(1318, 17, 'sale', -2, 'Venta ID: 104', 1, '2025-01-30 05:22:06', '2025-01-30 05:22:06'),
	(1319, 10, 'sale', -4, 'Venta ID: 104', 1, '2025-01-30 05:22:06', '2025-01-30 05:22:06'),
	(1320, 20, 'sale', -3, 'Venta ID: 105', 1, '2025-01-30 05:22:06', '2025-01-30 05:22:06'),
	(1321, 16, 'sale', -4, 'Venta ID: 105', 1, '2025-01-30 05:22:06', '2025-01-30 05:22:06'),
	(1322, 20, 'sale', -5, 'Venta ID: 106', 1, '2025-01-30 05:22:06', '2025-01-30 05:22:06'),
	(1323, 19, 'sale', -1, 'Venta ID: 106', 1, '2025-01-30 05:22:06', '2025-01-30 05:22:06'),
	(1324, 9, 'sale', -3, 'Venta ID: 106', 1, '2025-01-30 05:22:06', '2025-01-30 05:22:06'),
	(1325, 11, 'sale', -3, 'Venta ID: 107', 1, '2025-01-30 05:22:06', '2025-01-30 05:22:06'),
	(1326, 6, 'sale', -3, 'Venta ID: 108', 1, '2025-01-30 05:22:06', '2025-01-30 05:22:06'),
	(1327, 17, 'sale', -1, 'Venta ID: 108', 1, '2025-01-30 05:22:06', '2025-01-30 05:22:06'),
	(1328, 7, 'sale', -2, 'Venta ID: 108', 1, '2025-01-30 05:22:06', '2025-01-30 05:22:06'),
	(1329, 20, 'sale', -4, 'Venta ID: 108', 1, '2025-01-30 05:22:06', '2025-01-30 05:22:06');

-- Volcando estructura para tabla compraventa.migrations
DROP TABLE IF EXISTS `migrations`;
CREATE TABLE IF NOT EXISTS `migrations` (
  `id` int unsigned NOT NULL AUTO_INCREMENT,
  `migration` varchar(255) COLLATE utf8mb4_unicode_ci NOT NULL,
  `batch` int NOT NULL,
  PRIMARY KEY (`id`)
) ENGINE=InnoDB AUTO_INCREMENT=20 DEFAULT CHARSET=utf8mb4 COLLATE=utf8mb4_unicode_ci;

-- Volcando datos para la tabla compraventa.migrations: ~17 rows (aproximadamente)
DELETE FROM `migrations`;
INSERT INTO `migrations` (`id`, `migration`, `batch`) VALUES
	(1, '2013_12_02_225534_create_roles_table', 1),
	(2, '2014_10_12_000000_create_users_table', 1),
	(3, '2014_10_12_100000_create_password_reset_tokens_table', 1),
	(4, '2019_08_19_000000_create_failed_jobs_table', 1),
	(5, '2019_12_14_000001_create_personal_access_tokens_table', 1),
	(6, '2024_12_02_230641_create_categories_table', 2),
	(7, '2024_12_02_230900_create_products_table', 3),
	(8, '2024_12_02_231701_create_products_image_table', 4),
	(9, '2024_12_02_231937_create_suppliers_table', 5),
	(10, '2024_12_02_233235_create_customers_table', 6),
	(11, '2024_12_02_233516_create_tipodocumento_table', 7),
	(12, '2024_12_03_000909_create_compras_table', 8),
	(13, '2024_12_03_001612_create_detalle_compras_table', 9),
	(14, '2024_12_03_002016_create_ventas_table', 10),
	(15, '2024_12_03_002439_create__detalle_ventas_table', 11),
	(16, '2024_12_03_002716_create_inventories_table', 12),
	(17, '2024_12_03_003235_create_transactions_table', 13),
	(18, '2025_01_29_153642_add_pdf_path_to_compras_table', 14),
	(19, '2025_01_29_171612_add_pdf_path_to_ventas_table', 15);

-- Volcando estructura para tabla compraventa.password_reset_tokens
DROP TABLE IF EXISTS `password_reset_tokens`;
CREATE TABLE IF NOT EXISTS `password_reset_tokens` (
  `email` varchar(255) COLLATE utf8mb4_unicode_ci NOT NULL,
  `token` varchar(255) COLLATE utf8mb4_unicode_ci NOT NULL,
  `created_at` timestamp NULL DEFAULT NULL,
  PRIMARY KEY (`email`)
) ENGINE=InnoDB DEFAULT CHARSET=utf8mb4 COLLATE=utf8mb4_unicode_ci;

-- Volcando datos para la tabla compraventa.password_reset_tokens: ~0 rows (aproximadamente)
DELETE FROM `password_reset_tokens`;

-- Volcando estructura para tabla compraventa.personal_access_tokens
DROP TABLE IF EXISTS `personal_access_tokens`;
CREATE TABLE IF NOT EXISTS `personal_access_tokens` (
  `id` bigint unsigned NOT NULL AUTO_INCREMENT,
  `tokenable_type` varchar(255) COLLATE utf8mb4_unicode_ci NOT NULL,
  `tokenable_id` bigint unsigned NOT NULL,
  `name` varchar(255) COLLATE utf8mb4_unicode_ci NOT NULL,
  `token` varchar(64) COLLATE utf8mb4_unicode_ci NOT NULL,
  `abilities` text COLLATE utf8mb4_unicode_ci,
  `last_used_at` timestamp NULL DEFAULT NULL,
  `expires_at` timestamp NULL DEFAULT NULL,
  `created_at` timestamp NULL DEFAULT NULL,
  `updated_at` timestamp NULL DEFAULT NULL,
  PRIMARY KEY (`id`),
  UNIQUE KEY `personal_access_tokens_token_unique` (`token`),
  KEY `personal_access_tokens_tokenable_type_tokenable_id_index` (`tokenable_type`,`tokenable_id`)
) ENGINE=InnoDB DEFAULT CHARSET=utf8mb4 COLLATE=utf8mb4_unicode_ci;

-- Volcando datos para la tabla compraventa.personal_access_tokens: ~0 rows (aproximadamente)
DELETE FROM `personal_access_tokens`;

-- Volcando estructura para tabla compraventa.products
DROP TABLE IF EXISTS `products`;
CREATE TABLE IF NOT EXISTS `products` (
  `id` bigint unsigned NOT NULL AUTO_INCREMENT,
  `user_id` bigint unsigned NOT NULL,
  `name` varchar(255) COLLATE utf8mb4_unicode_ci NOT NULL,
  `description` text COLLATE utf8mb4_unicode_ci NOT NULL,
  `price` decimal(10,2) NOT NULL,
  `quantity` int NOT NULL,
  `category_id` bigint unsigned NOT NULL,
  `status` enum('available','sold','archived') COLLATE utf8mb4_unicode_ci NOT NULL DEFAULT 'available',
  `created_at` timestamp NULL DEFAULT NULL,
  `updated_at` timestamp NULL DEFAULT NULL,
  PRIMARY KEY (`id`),
  KEY `products_user_id_foreign` (`user_id`),
  KEY `products_category_id_foreign` (`category_id`),
  CONSTRAINT `products_category_id_foreign` FOREIGN KEY (`category_id`) REFERENCES `categories` (`id`) ON DELETE CASCADE,
  CONSTRAINT `products_user_id_foreign` FOREIGN KEY (`user_id`) REFERENCES `users` (`id`) ON DELETE CASCADE
) ENGINE=InnoDB AUTO_INCREMENT=24 DEFAULT CHARSET=utf8mb4 COLLATE=utf8mb4_unicode_ci;

-- Volcando datos para la tabla compraventa.products: ~20 rows (aproximadamente)
DELETE FROM `products`;
INSERT INTO `products` (`id`, `user_id`, `name`, `description`, `price`, `quantity`, `category_id`, `status`, `created_at`, `updated_at`) VALUES
	(1, 4, 'Laptop HP', 'Laptop HP con 8GB de RAM y 256GB SSD', 750.00, 367, 4, 'available', '2024-12-04 03:30:18', '2025-01-30 05:22:06'),
	(2, 4, 'Teclado Mecánico', 'Teclado RGB mecánico de alta calidad', 50.00, 311, 3, 'available', '2024-12-04 03:30:18', '2025-01-30 05:22:06'),
	(3, 4, 'Monitor Samsung', 'Monitor curvo Samsung de 27 pulgadas', 200.00, 10210, 5, 'available', '2024-12-04 03:30:18', '2025-01-30 05:22:06'),
	(4, 1, 'Procesador Intel i7', 'Procesador Intel Core i7 11va Gen', 300.00, 301, 5, 'available', '2024-12-04 03:30:18', '2025-01-30 05:22:06'),
	(5, 4, 'Router TP-Link', 'Router inalámbrico de doble banda', 80.00, 303, 4, 'available', '2024-12-04 03:30:18', '2025-01-30 05:22:06'),
	(6, 1, 'Audífonos Gaming', 'Audífonos con micrófono para gamers', 35.00, 342, 1, 'available', '2024-12-04 03:30:18', '2025-01-30 05:22:06'),
	(7, 4, 'Mouse Gamer', 'Mouse gamer con 7 botones programables', 25.00, 240, 4, 'available', '2024-12-04 03:30:18', '2025-01-30 05:22:06'),
	(8, 1, 'Memoria RAM 16GB', 'Memoria RAM DDR4 de 16GB 3200MHz', 90.00, 217, 5, 'available', '2024-12-04 03:30:18', '2025-01-30 05:22:06'),
	(9, 4, 'Disco Duro 1TB', 'Disco duro interno de 1TB para PCs', 60.00, 252, 5, 'available', '2024-12-04 03:30:18', '2025-01-30 05:22:06'),
	(10, 1, 'Cámara Web', 'Cámara web HD con micrófono integrado', 40.00, 275, 3, 'available', '2024-12-04 03:30:18', '2025-01-30 05:22:06'),
	(11, 1, 'Laptop Dell', 'Laptop Dell con 16GB RAM y 512GB SSD', 900.00, 255, 4, 'available', '2024-12-04 03:30:18', '2025-01-30 05:22:06'),
	(12, 4, 'Switch Gigabit', 'Switch de red con 8 puertos Gigabit', 70.00, 218, 5, 'available', '2024-12-04 03:30:18', '2025-01-30 05:22:06'),
	(13, 1, 'Tarjeta Gráfica RTX 3060', 'Tarjeta gráfica NVIDIA RTX 3060', 450.00, 289, 3, 'available', '2024-12-04 03:30:18', '2025-01-30 05:22:06'),
	(14, 4, 'Fuente de Poder 650W', 'Fuente de poder 80+ Bronze de 650W', 60.00, 291, 5, 'available', '2024-12-04 03:30:18', '2025-01-30 05:22:06'),
	(15, 4, 'Placa Madre MSI', 'Placa madre MSI compatible con Intel', 120.00, 283, 3, 'available', '2024-12-04 03:30:18', '2025-01-30 05:22:06'),
	(16, 1, 'SSD 512GB', 'Disco sólido SSD de 512GB', 70.00, 273, 4, 'available', '2024-12-04 03:30:18', '2025-01-30 05:22:06'),
	(17, 4, 'Case Gaming', 'Case ATX con ventiladores RGB', 80.00, 290, 3, 'available', '2024-12-04 03:30:18', '2025-01-30 05:22:06'),
	(18, 1, 'Kit de Herramientas', 'Kit de herramientas para armado de PC', 25.00, 220, 1, 'available', '2024-12-04 03:30:18', '2025-01-30 05:22:06'),
	(19, 1, 'Monitor LG', 'Monitor ultrawide LG de 29 pulgadas', 300.00, 172, 5, 'available', '2024-12-04 03:30:18', '2025-01-30 05:22:06'),
	(20, 4, 'Cable HDMI', 'Cable HDMI 2.1 de alta velocidad', 15.00, 428, 5, 'available', '2024-12-04 03:30:18', '2025-01-30 05:22:06');

-- Volcando estructura para tabla compraventa.product_images
DROP TABLE IF EXISTS `product_images`;
CREATE TABLE IF NOT EXISTS `product_images` (
  `id` bigint unsigned NOT NULL AUTO_INCREMENT,
  `product_id` bigint unsigned NOT NULL,
  `image_path` varchar(255) COLLATE utf8mb4_unicode_ci NOT NULL,
  `created_at` timestamp NULL DEFAULT NULL,
  `updated_at` timestamp NULL DEFAULT NULL,
  PRIMARY KEY (`id`),
  KEY `product_images_product_id_foreign` (`product_id`),
  CONSTRAINT `product_images_product_id_foreign` FOREIGN KEY (`product_id`) REFERENCES `products` (`id`) ON DELETE CASCADE
) ENGINE=InnoDB AUTO_INCREMENT=7 DEFAULT CHARSET=utf8mb4 COLLATE=utf8mb4_unicode_ci;

-- Volcando datos para la tabla compraventa.product_images: ~0 rows (aproximadamente)
DELETE FROM `product_images`;

-- Volcando estructura para tabla compraventa.roles
DROP TABLE IF EXISTS `roles`;
CREATE TABLE IF NOT EXISTS `roles` (
  `id` bigint unsigned NOT NULL AUTO_INCREMENT,
  `name` varchar(255) COLLATE utf8mb4_unicode_ci NOT NULL,
  `description` text COLLATE utf8mb4_unicode_ci NOT NULL,
  `created_at` timestamp NULL DEFAULT NULL,
  `updated_at` timestamp NULL DEFAULT NULL,
  PRIMARY KEY (`id`),
  UNIQUE KEY `roles_name_unique` (`name`)
) ENGINE=InnoDB AUTO_INCREMENT=14 DEFAULT CHARSET=utf8mb4 COLLATE=utf8mb4_unicode_ci;

-- Volcando datos para la tabla compraventa.roles: ~6 rows (aproximadamente)
DELETE FROM `roles`;
INSERT INTO `roles` (`id`, `name`, `description`, `created_at`, `updated_at`) VALUES
	(7, 'Administrador', 'Gestiona todo el sistema.', '2024-12-04 02:55:05', '2024-12-04 02:55:05'),
	(8, 'Vendedor', 'Se encarga de las ventas.', '2024-12-04 02:55:05', '2024-12-04 02:55:05'),
	(9, 'Comprador', 'Se encarga de las compras.', '2024-12-04 02:55:05', '2024-12-04 02:55:05'),
	(10, 'Mantenedor', 'Responsable del mantenimiento de datos.', '2024-12-04 02:55:05', '2024-12-04 02:55:05'),
	(11, 'Analista', 'Analiza datos.', '2024-12-04 02:55:05', '2024-12-04 02:55:05'),
	(12, 'Almacen', 'Gestiona Inventario.', '2024-12-04 02:55:05', '2024-12-04 02:55:05');

-- Volcando estructura para tabla compraventa.suppliers
DROP TABLE IF EXISTS `suppliers`;
CREATE TABLE IF NOT EXISTS `suppliers` (
  `id` bigint unsigned NOT NULL AUTO_INCREMENT,
  `ruc` varchar(255) COLLATE utf8mb4_unicode_ci NOT NULL,
  `name` varchar(255) COLLATE utf8mb4_unicode_ci NOT NULL,
  `email` varchar(255) COLLATE utf8mb4_unicode_ci NOT NULL,
  `phone` varchar(255) COLLATE utf8mb4_unicode_ci NOT NULL,
  `address` text COLLATE utf8mb4_unicode_ci NOT NULL,
  `photo` varchar(255) COLLATE utf8mb4_unicode_ci NOT NULL,
  `status` enum('active','inactive') COLLATE utf8mb4_unicode_ci NOT NULL DEFAULT 'active',
  `created_at` timestamp NULL DEFAULT NULL,
  `updated_at` timestamp NULL DEFAULT NULL,
  PRIMARY KEY (`id`),
  UNIQUE KEY `suppliers_ruc_unique` (`ruc`),
  UNIQUE KEY `suppliers_email_unique` (`email`)
) ENGINE=InnoDB AUTO_INCREMENT=53 DEFAULT CHARSET=utf8mb4 COLLATE=utf8mb4_unicode_ci;

-- Volcando datos para la tabla compraventa.suppliers: ~50 rows (aproximadamente)
DELETE FROM `suppliers`;
INSERT INTO `suppliers` (`id`, `ruc`, `name`, `email`, `phone`, `address`, `photo`, `status`, `created_at`, `updated_at`) VALUES
	(1, '40788761305', 'Tatum Moore', 'feil.suzanne@example.org', '+12484912313', '107 Sally Square\nPort Sydnitown, MO 05386-2914', 'suppliers/suppliers.png', 'active', '2024-12-04 21:44:25', '2024-12-04 21:44:25'),
	(2, '08029777495', 'Mrs. Leilani Treutel', 'birdie31@example.com', '+1.210.445.0992', '66301 Garth Stravenue Suite 133\nPort Albertfurt, WA 64258-2333', 'suppliers/suppliers.png', 'active', '2024-12-04 21:44:25', '2024-12-04 21:44:25'),
	(3, '45359616480', 'Ms. Shawna Robel', 'lockman.christian@example.com', '+19377817396', '939 Douglas Plains\nBurdettefort, IN 37362', 'suppliers/suppliers.png', 'inactive', '2024-12-04 21:44:25', '2024-12-04 21:44:25'),
	(4, '41893344687', 'Harvey Kozey', 'elisa.bode@example.net', '423-474-2345', '53694 Brekke Walks\nWest Logan, LA 50671', 'suppliers/suppliers.png', 'active', '2024-12-04 21:44:25', '2024-12-04 21:44:25'),
	(5, '24907422515', 'Dr. Ari Hessel', 'amalia50@example.org', '872-638-0537', '9499 Unique Inlet\nCummingsburgh, MS 00818-4727', 'suppliers/suppliers.png', 'active', '2024-12-04 21:44:25', '2024-12-04 21:44:25'),
	(6, '51905407041', 'Jaclyn Collins', 'myah.kilback@example.com', '(463) 487-6984', '55638 Stamm Common Suite 947\nMarcellaport, MD 93273', 'suppliers/suppliers.png', 'active', '2024-12-04 21:44:25', '2024-12-04 21:44:25'),
	(7, '80191990425', 'Ronny Jerde', 'trevor.roberts@example.com', '816-812-3364', '614 Shaun Greens Apt. 306\nLake Rasheedborough, WI 53869', 'suppliers/suppliers.png', 'active', '2024-12-04 21:44:25', '2024-12-04 21:44:25'),
	(8, '68485491679', 'Prof. Sheldon Ledner', 'earlene.goyette@example.com', '838-986-0214', '3829 Jarvis Hollow\nRodriguezfort, IL 03422', 'suppliers/suppliers.png', 'active', '2024-12-04 21:44:25', '2024-12-04 21:44:25'),
	(9, '29311009198', 'Amiya Larkin III', 'libby.kreiger@example.net', '754.376.3649', '949 Lisa Land Apt. 427\nRueckerville, NC 21584', 'suppliers/suppliers.png', 'active', '2024-12-04 21:44:25', '2024-12-04 21:44:25'),
	(10, '54518572848', 'Bertram Koch', 'bayer.anibal@example.net', '701.930.3700', '25569 Schiller Lake Apt. 756\nKieranchester, ND 61221', 'suppliers/suppliers.png', 'inactive', '2024-12-04 21:44:25', '2024-12-04 21:44:25'),
	(11, '44486014358', 'Ms. Camylle Ward', 'qabbott@example.org', '330-995-8894', '6007 Streich Crescent\nBuckridgebury, MN 94370', 'suppliers/suppliers.png', 'active', '2024-12-04 21:44:25', '2024-12-04 21:44:25'),
	(12, '48870777016', 'Alexandrea Hyatt', 'juana53@example.org', '850.889.3117', '6295 Grimes Mountain\nTowneland, NY 15857-8351', 'suppliers/suppliers.png', 'inactive', '2024-12-04 21:44:25', '2024-12-04 21:44:25'),
	(13, '67708664240', 'Mr. Hector Legros', 'susanna34@example.com', '+1 (805) 587-3203', '77212 Maia Valley Suite 552\nStiedemannview, WI 41386-1685', 'suppliers/suppliers.png', 'active', '2024-12-04 21:44:25', '2024-12-04 21:44:25'),
	(14, '85794742958', 'Elmer Padberg', 'donnelly.jermey@example.org', '(757) 528-2178', '9541 Virgil Creek\nEffertzbury, NM 79092-3515', 'suppliers/suppliers.png', 'active', '2024-12-04 21:44:25', '2024-12-04 21:44:25'),
	(15, '71441928271', 'Gardner Homenick', 'oma83@example.org', '+14454742730', '377 Hackett Bridge\nMrazberg, DE 50949-3660', 'suppliers/suppliers.png', 'active', '2024-12-04 21:44:25', '2024-12-04 21:44:25'),
	(16, '74620008059', 'Dr. Deven Trantow V', 'caitlyn.murazik@example.com', '(214) 834-8616', '51175 Helmer Gateway\nHegmannmouth, ME 04048-8250', 'suppliers/suppliers.png', 'inactive', '2024-12-04 21:44:25', '2024-12-04 21:44:25'),
	(17, '81890986145', 'Marisol Balistreri', 'kole66@example.com', '830.940.9673', '605 Bernadine Turnpike Apt. 205\nVenaburgh, CO 54138-0733', 'suppliers/suppliers.png', 'inactive', '2024-12-04 21:44:25', '2024-12-04 21:44:25'),
	(18, '48752381714', 'Nicholas Leannon', 'kasey77@example.com', '1-440-205-2720', '8569 Gonzalo Divide Suite 090\nNew Amarimouth, UT 84851-3546', 'suppliers/suppliers.png', 'inactive', '2024-12-04 21:44:25', '2024-12-04 21:44:25'),
	(19, '41696302020', 'Johnpaul Gaylord', 'rico.stroman@example.org', '+1-504-350-0697', '60984 Birdie Flat\nKuhicshire, GA 67271', 'suppliers/suppliers.png', 'active', '2024-12-04 21:44:25', '2024-12-04 21:44:25'),
	(20, '25870910567', 'Urban Herzog', 'melba01@example.org', '253-427-0441', '6688 Bauch Hill Apt. 838\nPort Romaineside, WI 39446', 'suppliers/suppliers.png', 'active', '2024-12-04 21:44:25', '2024-12-04 21:44:25'),
	(21, '34499509804', 'Yasmeen Eichmann', 'cameron.rath@example.org', '+1-601-244-0478', '23369 Reinger Ramp Apt. 272\nLitteltown, MI 21613-9778', 'suppliers/suppliers.png', 'active', '2024-12-04 21:44:25', '2024-12-04 21:44:25'),
	(22, '91807465683', 'Stone Homenick', 'wmante@example.org', '(507) 967-1970', '48183 Antonia Fork\nTanyahaven, TN 75051-7561', 'suppliers/suppliers.png', 'active', '2024-12-04 21:44:25', '2024-12-04 21:44:25'),
	(23, '80207710220', 'Mr. Mustafa Parker II', 'everardo91@example.org', '1-458-387-6804', '25966 Braun Dale\nJonesview, VA 87342', 'suppliers/suppliers.png', 'active', '2024-12-04 21:44:25', '2024-12-04 21:44:25'),
	(24, '26471532694', 'Prof. Peyton Torphy IV', 'tyrique54@example.com', '234-413-6555', '8592 Medhurst Drive Apt. 420\nNew Matilda, SD 28128', 'suppliers/suppliers.png', 'active', '2024-12-04 21:44:25', '2024-12-04 21:44:25'),
	(25, '24794289678', 'Prof. Amina Gaylord III', 'pkessler@example.net', '+1 (240) 539-8544', '161 Kuhn Points\nSouth Aditya, MD 18059-0343', 'suppliers/suppliers.png', 'inactive', '2024-12-04 21:44:25', '2024-12-04 21:44:25'),
	(26, '46237088931', 'Ms. Rosalee Langosh', 'fdickens@example.org', '+15202307120', '73997 Shields Fields\nNorth Michelle, ID 00571', 'suppliers/suppliers.png', 'active', '2024-12-04 21:44:25', '2024-12-04 21:44:25'),
	(27, '09811887699', 'Mr. Fabian Heidenreich V', 'davis.clemmie@example.org', '(980) 728-8394', '6011 Cloyd Creek\nLake Anissatown, MA 59237-6604', 'suppliers/suppliers.png', 'active', '2024-12-04 21:44:25', '2024-12-04 21:44:25'),
	(28, '15419806546', 'Prof. D\'angelo Weber I', 'candace88@example.org', '857-974-5245', '365 Penelope Mountain Apt. 014\nEast Alexandrofurt, CT 37947-5201', 'suppliers/suppliers.png', 'inactive', '2024-12-04 21:44:25', '2024-12-04 21:44:25'),
	(29, '60134832318', 'Rollin Corkery', 'macie37@example.org', '949-677-0847', '6677 Carole Avenue Apt. 773\nDareview, NC 10688', 'suppliers/suppliers.png', 'active', '2024-12-04 21:44:25', '2024-12-04 21:44:25'),
	(30, '55524050160', 'Dr. Jarret Crooks IV', 'abdul.parisian@example.net', '+1 (316) 973-4826', '3065 Pfannerstill Stravenue Suite 489\nJakubowskiville, GA 19898-1328', 'suppliers/suppliers.png', 'active', '2024-12-04 21:44:25', '2024-12-04 21:44:25'),
	(31, '29356506102', 'Tre Weissnat', 'gene.gerlach@example.com', '+1-445-250-1013', '6303 Schulist Port Suite 819\nNorth Juddville, NM 82488', 'suppliers/suppliers.png', 'active', '2024-12-04 21:44:25', '2024-12-04 21:44:25'),
	(32, '96856676867', 'Missouri O\'Conner I', 'ruecker.jeanette@example.com', '1-951-876-9388', '9729 Camryn Place Apt. 414\nNew Heath, HI 65674', 'suppliers/suppliers.png', 'inactive', '2024-12-04 21:44:25', '2024-12-04 21:44:25'),
	(33, '93339311418', 'Clotilde Bauch', 'jcremin@example.org', '(304) 529-6325', '93304 Molly Path Suite 326\nVerdiehaven, WV 85047', 'suppliers/suppliers.png', 'active', '2024-12-04 21:44:25', '2024-12-04 21:44:25'),
	(34, '15847632599', 'Suzanne Kilback', 'cielo.emmerich@example.org', '+1-619-843-7080', '87362 Bianka Mountain Apt. 427\nSporerhaven, ID 01715', 'suppliers/suppliers.png', 'active', '2024-12-04 21:44:25', '2024-12-04 21:44:25'),
	(35, '16735209153', 'Giovanna Considine', 'karelle.zemlak@example.org', '1-828-733-5660', '384 Napoleon Trail\nHerminaton, MT 35260-6941', 'suppliers/suppliers.png', 'inactive', '2024-12-04 21:44:25', '2024-12-04 21:44:25'),
	(36, '73340597322', 'Krystal Keebler', 'meghan77@example.org', '786-706-5958', '910 Gina Keys\nSouth Hayleymouth, KS 55048-7142', 'suppliers/suppliers.png', 'inactive', '2024-12-04 21:44:25', '2024-12-04 21:44:25'),
	(37, '46217788784', 'Skylar Johns', 'pauline36@example.org', '+1-585-491-2316', '8387 Schimmel Crescent Apt. 352\nNikolasstad, OR 76364-9606', 'suppliers/suppliers.png', 'inactive', '2024-12-04 21:44:25', '2024-12-04 21:44:25'),
	(38, '86383850161', 'Sophie Walsh', 'crutherford@example.org', '1-332-775-8839', '39092 VonRueden Villages Suite 115\nNorth Nonastad, IA 61963', 'suppliers/suppliers.png', 'active', '2024-12-04 21:44:25', '2024-12-04 21:44:25'),
	(39, '53766705071', 'Jaydon Stehr V', 'smith.maria@example.net', '1-718-961-8227', '2813 Zulauf Spring Suite 227\nGretaberg, DE 89422-3769', 'suppliers/suppliers.png', 'active', '2024-12-04 21:44:25', '2024-12-04 21:44:25'),
	(40, '21458701722', 'Luther Collier', 'keely.barton@example.net', '+1-701-383-6618', '132 Hauck Branch Suite 762\nWest Luisfort, HI 11287-7166', 'suppliers/suppliers.png', 'inactive', '2024-12-04 21:44:25', '2024-12-04 21:44:25'),
	(41, '60715571853', 'Myrtle Stracke', 'lhaley@example.org', '+18049913396', '22957 Baumbach Heights\nEast Alekmouth, NY 63964-1658', 'suppliers/suppliers.png', 'active', '2024-12-04 21:44:25', '2024-12-04 21:44:25'),
	(42, '05526136334', 'Prof. Johnathan Larkin IV', 'yrunolfsson@example.net', '+1 (610) 645-3164', '7123 Luz Islands\nBernadettemouth, GA 34056-9257', 'suppliers/suppliers.png', 'active', '2024-12-04 21:44:25', '2024-12-04 21:44:25'),
	(43, '54631244818', 'Christa Heller', 'kilback.murl@example.net', '1-713-353-3345', '41745 Camryn Lock Apt. 722\nSchambergerview, NJ 60756', 'suppliers/suppliers.png', 'inactive', '2024-12-04 21:44:25', '2024-12-04 21:44:25'),
	(44, '40447585275', 'Yasmine Bashirian', 'isabella.frami@example.com', '+1-806-682-8640', '89525 Laney Club Suite 088\nEast Floyd, SD 75350', 'suppliers/suppliers.png', 'inactive', '2024-12-04 21:44:25', '2024-12-04 21:44:25'),
	(45, '01779715038', 'Judd Rice', 'druecker@example.org', '+12399355392', '6065 Gordon Pines Apt. 450\nMannmouth, WI 20258', 'suppliers/suppliers.png', 'inactive', '2024-12-04 21:44:25', '2024-12-04 21:44:25'),
	(46, '42171775345', 'Madelynn Bahringer', 'pagac.eleazar@example.com', '+1 (214) 543-0143', '39493 Joan Crossing Suite 201\nNew Lukasburgh, SD 58529', 'suppliers/suppliers.png', 'active', '2024-12-04 21:44:25', '2024-12-04 21:44:25'),
	(47, '13935022035', 'Prof. Juanita McCullough DDS', 'noah.rutherford@example.org', '781-542-5481', '48871 Elisa Drive Apt. 032\nWinnifredmouth, NC 86148-1008', 'suppliers/suppliers.png', 'active', '2024-12-04 21:44:25', '2024-12-04 21:44:25'),
	(48, '73543718903', 'Elmira VonRueden III', 'hwilliamson@example.org', '914-242-7569', '5056 Rene Route\nFeeneyville, WI 79302-8115', 'suppliers/suppliers.png', 'active', '2024-12-04 21:44:25', '2024-12-04 21:44:25'),
	(49, '80178516722', 'Frederik Weber', 'dave27@example.org', '+1-502-534-7528', '3369 Wisozk Hollow\nSouth Delilah, NE 62139-7647', 'suppliers/suppliers.png', 'active', '2024-12-04 21:44:25', '2024-12-04 21:44:25'),
	(50, '28238632045', 'Mina Schmitt', 'caitlyn.dicki@example.org', '+1.405.809.2957', '411 Breitenberg Mission\nNorth April, SC 99616', 'suppliers/suppliers.png', 'active', '2024-12-04 21:44:25', '2024-12-04 21:44:25');

-- Volcando estructura para tabla compraventa.tipodocumento
DROP TABLE IF EXISTS `tipodocumento`;
CREATE TABLE IF NOT EXISTS `tipodocumento` (
  `id` bigint unsigned NOT NULL AUTO_INCREMENT,
  `name` varchar(255) COLLATE utf8mb4_unicode_ci NOT NULL,
  `description` text COLLATE utf8mb4_unicode_ci,
  `type` enum('venta','compra') COLLATE utf8mb4_unicode_ci NOT NULL,
  `created_at` timestamp NULL DEFAULT NULL,
  `updated_at` timestamp NULL DEFAULT NULL,
  PRIMARY KEY (`id`)
) ENGINE=InnoDB AUTO_INCREMENT=4 DEFAULT CHARSET=utf8mb4 COLLATE=utf8mb4_unicode_ci;

-- Volcando datos para la tabla compraventa.tipodocumento: ~3 rows (aproximadamente)
DELETE FROM `tipodocumento`;
INSERT INTO `tipodocumento` (`id`, `name`, `description`, `type`, `created_at`, `updated_at`) VALUES
	(1, 'Factura', 'Documento utilizado para ventas', 'venta', '2024-12-04 22:16:03', '2024-12-04 22:16:03'),
	(2, 'Boleta', 'Documento utilizado para ventas', 'venta', '2024-12-04 22:16:03', '2024-12-04 22:16:03'),
	(3, 'Guia de Remision', 'Documento utilizado para compras', 'compra', '2024-12-04 22:16:03', '2024-12-04 22:16:03');

-- Volcando estructura para tabla compraventa.transactions
DROP TABLE IF EXISTS `transactions`;
CREATE TABLE IF NOT EXISTS `transactions` (
  `id` bigint unsigned NOT NULL AUTO_INCREMENT,
  `type` enum('purchase','sale','payment','refund','adjustment') COLLATE utf8mb4_unicode_ci NOT NULL,
  `amount` decimal(10,2) NOT NULL,
  `reference_id` bigint DEFAULT NULL,
  `description` varchar(255) COLLATE utf8mb4_unicode_ci DEFAULT NULL,
  `user_id` bigint unsigned NOT NULL,
  `created_at` timestamp NULL DEFAULT NULL,
  `updated_at` timestamp NULL DEFAULT NULL,
  PRIMARY KEY (`id`),
  KEY `transactions_user_id_foreign` (`user_id`),
  CONSTRAINT `transactions_user_id_foreign` FOREIGN KEY (`user_id`) REFERENCES `users` (`id`) ON DELETE CASCADE
) ENGINE=InnoDB AUTO_INCREMENT=229 DEFAULT CHARSET=utf8mb4 COLLATE=utf8mb4_unicode_ci;

-- Volcando datos para la tabla compraventa.transactions: ~217 rows (aproximadamente)
DELETE FROM `transactions`;
INSERT INTO `transactions` (`id`, `type`, `amount`, `reference_id`, `description`, `user_id`, `created_at`, `updated_at`) VALUES
	(1, 'purchase', 529.00, 1, 'Compra ID: 1', 1, '2025-01-01 06:15:22', '2025-01-29 06:15:22'),
	(2, 'purchase', 11750.00, 2, 'Compra ID: 2', 1, '2025-01-02 06:30:09', '2025-01-29 06:30:09'),
	(3, 'purchase', 100.00, 3, 'Compra ID: 3', 1, '2025-01-03 06:31:19', '2025-01-29 06:31:19'),
	(4, 'purchase', 0.00, 4, 'Compra ID: 4', 1, '2025-01-04 06:32:07', '2025-01-29 06:32:07'),
	(5, 'purchase', 1004.00, 5, 'Compra ID: 5', 1, '2025-01-05 06:40:34', '2025-01-29 06:40:34'),
	(6, 'purchase', 4.00, 6, 'Compra ID: 6', 1, '2025-01-06 06:54:51', '2025-01-29 06:54:51'),
	(9, 'purchase', 25.00, 9, 'Compra ID: 9', 1, '2025-01-29 20:37:46', '2025-01-29 20:37:46'),
	(11, 'purchase', 16.00, 11, 'Compra ID: 11', 1, '2025-01-29 20:47:41', '2025-01-29 20:47:41'),
	(17, 'purchase', 8.00, 17, 'Compra ID: 17', 1, '2025-01-29 21:02:53', '2025-01-29 21:02:53'),
	(18, 'purchase', 4.00, 18, 'Compra ID: 18', 1, '2025-01-29 21:03:48', '2025-01-29 21:03:48'),
	(19, 'purchase', 4.00, 19, 'Compra ID: 19', 1, '2025-01-29 21:06:36', '2025-01-29 21:06:36'),
	(20, 'purchase', 8.00, 20, 'Compra ID: 20', 1, '2025-01-29 21:10:39', '2025-01-29 21:10:39'),
	(21, 'purchase', 8.00, 21, 'Compra ID: 21', 1, '2025-01-29 22:07:10', '2025-01-29 22:07:10'),
	(25, 'sale', 4.00, 5, 'Venta ID: 5', 1, '2025-01-29 23:57:25', '2025-01-29 23:57:25'),
	(26, 'sale', 46.00, 6, 'Venta ID: 6', 1, '2025-01-30 04:31:40', '2025-01-30 04:31:40'),
	(27, 'sale', 4.00, 7, 'Venta ID: 7', 1, '2025-01-30 04:54:49', '2025-01-30 04:54:49'),
	(28, 'sale', 740.00, 8, 'Venta ID: 8', 1, '2025-01-30 04:59:28', '2025-01-30 04:59:28'),
	(29, 'purchase', 880.00, 22, 'Compra ID: 22', 1, '2025-01-30 05:08:10', '2025-01-30 05:08:10'),
	(30, 'purchase', 2398.00, 23, 'Compra ID: 23', 1, '2025-01-30 05:08:10', '2025-01-30 05:08:10'),
	(31, 'purchase', 6479.00, 24, 'Compra ID: 24', 1, '2025-01-30 05:08:10', '2025-01-30 05:08:10'),
	(32, 'purchase', 1202.00, 25, 'Compra ID: 25', 1, '2025-01-30 05:08:10', '2025-01-30 05:08:10'),
	(33, 'purchase', 1423.00, 26, 'Compra ID: 26', 1, '2025-01-30 05:08:10', '2025-01-30 05:08:10'),
	(34, 'purchase', 5649.00, 27, 'Compra ID: 27', 1, '2025-01-30 05:08:10', '2025-01-30 05:08:10'),
	(35, 'purchase', 3562.00, 28, 'Compra ID: 28', 1, '2025-01-30 05:08:10', '2025-01-30 05:08:10'),
	(36, 'purchase', 672.00, 29, 'Compra ID: 29', 1, '2025-01-30 05:08:10', '2025-01-30 05:08:10'),
	(37, 'purchase', 1152.00, 30, 'Compra ID: 30', 1, '2025-01-30 05:08:10', '2025-01-30 05:08:10'),
	(38, 'purchase', 4381.00, 31, 'Compra ID: 31', 1, '2025-01-30 05:08:10', '2025-01-30 05:08:10'),
	(39, 'purchase', 1925.00, 32, 'Compra ID: 32', 1, '2025-01-30 05:08:10', '2025-01-30 05:08:10'),
	(40, 'purchase', 1002.00, 33, 'Compra ID: 33', 1, '2025-01-30 05:08:10', '2025-01-30 05:08:10'),
	(41, 'purchase', 1763.00, 34, 'Compra ID: 34', 1, '2025-01-30 05:08:10', '2025-01-30 05:08:10'),
	(42, 'purchase', 2046.00, 35, 'Compra ID: 35', 1, '2025-01-30 05:08:10', '2025-01-30 05:08:10'),
	(43, 'purchase', 950.00, 36, 'Compra ID: 36', 1, '2025-01-30 05:08:10', '2025-01-30 05:08:10'),
	(44, 'purchase', 946.00, 37, 'Compra ID: 37', 1, '2025-01-30 05:08:10', '2025-01-30 05:08:10'),
	(45, 'purchase', 800.00, 38, 'Compra ID: 38', 1, '2025-01-30 05:08:10', '2025-01-30 05:08:10'),
	(46, 'purchase', 1651.00, 39, 'Compra ID: 39', 1, '2025-01-30 05:08:10', '2025-01-30 05:08:10'),
	(47, 'purchase', 5484.00, 40, 'Compra ID: 40', 1, '2025-01-30 05:08:11', '2025-01-30 05:08:11'),
	(48, 'purchase', 3991.00, 41, 'Compra ID: 41', 1, '2025-01-30 05:08:11', '2025-01-30 05:08:11'),
	(49, 'purchase', 5181.00, 42, 'Compra ID: 42', 1, '2025-01-30 05:08:11', '2025-01-30 05:08:11'),
	(50, 'purchase', 5710.00, 43, 'Compra ID: 43', 1, '2025-01-30 05:08:11', '2025-01-30 05:08:11'),
	(51, 'purchase', 2402.00, 44, 'Compra ID: 44', 1, '2025-01-30 05:08:11', '2025-01-30 05:08:11'),
	(52, 'purchase', 2677.00, 45, 'Compra ID: 45', 1, '2025-01-30 05:08:11', '2025-01-30 05:08:11'),
	(53, 'purchase', 4203.00, 46, 'Compra ID: 46', 1, '2025-01-30 05:08:11', '2025-01-30 05:08:11'),
	(54, 'purchase', 2594.00, 47, 'Compra ID: 47', 1, '2025-01-30 05:08:11', '2025-01-30 05:08:11'),
	(55, 'purchase', 2752.00, 48, 'Compra ID: 48', 1, '2025-01-30 05:08:11', '2025-01-30 05:08:11'),
	(56, 'purchase', 5459.00, 49, 'Compra ID: 49', 1, '2025-01-30 05:08:11', '2025-01-30 05:08:11'),
	(57, 'purchase', 4676.00, 50, 'Compra ID: 50', 1, '2025-01-30 05:08:11', '2025-01-30 05:08:11'),
	(58, 'purchase', 1630.00, 51, 'Compra ID: 51', 1, '2025-01-30 05:08:11', '2025-01-30 05:08:11'),
	(59, 'purchase', 4685.00, 52, 'Compra ID: 52', 1, '2025-01-30 05:08:11', '2025-01-30 05:08:11'),
	(60, 'purchase', 3041.00, 53, 'Compra ID: 53', 1, '2025-01-30 05:08:11', '2025-01-30 05:08:11'),
	(61, 'purchase', 1016.00, 54, 'Compra ID: 54', 1, '2025-01-30 05:08:11', '2025-01-30 05:08:11'),
	(62, 'purchase', 4550.00, 55, 'Compra ID: 55', 1, '2025-01-30 05:08:11', '2025-01-30 05:08:11'),
	(63, 'purchase', 1319.00, 56, 'Compra ID: 56', 1, '2025-01-30 05:08:11', '2025-01-30 05:08:11'),
	(64, 'purchase', 295.00, 57, 'Compra ID: 57', 1, '2025-01-30 05:08:11', '2025-01-30 05:08:11'),
	(65, 'purchase', 2084.00, 58, 'Compra ID: 58', 1, '2025-01-30 05:08:11', '2025-01-30 05:08:11'),
	(66, 'purchase', 3433.00, 59, 'Compra ID: 59', 1, '2025-01-30 05:08:11', '2025-01-30 05:08:11'),
	(67, 'purchase', 3162.00, 60, 'Compra ID: 60', 1, '2025-01-30 05:08:11', '2025-01-30 05:08:11'),
	(68, 'purchase', 4684.00, 61, 'Compra ID: 61', 1, '2025-01-30 05:08:11', '2025-01-30 05:08:11'),
	(69, 'purchase', 4820.00, 62, 'Compra ID: 62', 1, '2025-01-30 05:08:11', '2025-01-30 05:08:11'),
	(70, 'purchase', 1947.00, 63, 'Compra ID: 63', 1, '2025-01-30 05:08:11', '2025-01-30 05:08:11'),
	(71, 'purchase', 2300.00, 64, 'Compra ID: 64', 1, '2025-01-30 05:08:11', '2025-01-30 05:08:11'),
	(72, 'purchase', 3222.00, 65, 'Compra ID: 65', 1, '2025-01-30 05:08:11', '2025-01-30 05:08:11'),
	(73, 'purchase', 2791.00, 66, 'Compra ID: 66', 1, '2025-01-30 05:08:11', '2025-01-30 05:08:11'),
	(74, 'purchase', 1671.00, 67, 'Compra ID: 67', 1, '2025-01-30 05:08:11', '2025-01-30 05:08:11'),
	(75, 'purchase', 522.00, 68, 'Compra ID: 68', 1, '2025-01-30 05:08:11', '2025-01-30 05:08:11'),
	(76, 'purchase', 5013.00, 69, 'Compra ID: 69', 1, '2025-01-30 05:08:11', '2025-01-30 05:08:11'),
	(77, 'purchase', 2726.00, 70, 'Compra ID: 70', 1, '2025-01-30 05:08:11', '2025-01-30 05:08:11'),
	(78, 'purchase', 6866.00, 71, 'Compra ID: 71', 1, '2025-01-30 05:08:11', '2025-01-30 05:08:11'),
	(79, 'purchase', 7445.00, 72, 'Compra ID: 72', 1, '2025-01-30 05:08:11', '2025-01-30 05:08:11'),
	(80, 'purchase', 2194.00, 73, 'Compra ID: 73', 1, '2025-01-30 05:08:11', '2025-01-30 05:08:11'),
	(81, 'purchase', 2127.00, 74, 'Compra ID: 74', 1, '2025-01-30 05:08:11', '2025-01-30 05:08:11'),
	(82, 'purchase', 138.00, 75, 'Compra ID: 75', 1, '2025-01-30 05:08:11', '2025-01-30 05:08:11'),
	(83, 'purchase', 2347.00, 76, 'Compra ID: 76', 1, '2025-01-30 05:08:11', '2025-01-30 05:08:11'),
	(84, 'purchase', 4680.00, 77, 'Compra ID: 77', 1, '2025-01-30 05:08:11', '2025-01-30 05:08:11'),
	(85, 'purchase', 1279.00, 78, 'Compra ID: 78', 1, '2025-01-30 05:08:11', '2025-01-30 05:08:11'),
	(86, 'purchase', 6966.00, 79, 'Compra ID: 79', 1, '2025-01-30 05:08:11', '2025-01-30 05:08:11'),
	(87, 'purchase', 4547.00, 80, 'Compra ID: 80', 1, '2025-01-30 05:08:11', '2025-01-30 05:08:11'),
	(88, 'purchase', 3367.00, 81, 'Compra ID: 81', 1, '2025-01-30 05:08:11', '2025-01-30 05:08:11'),
	(89, 'purchase', 1314.00, 82, 'Compra ID: 82', 1, '2025-01-30 05:08:11', '2025-01-30 05:08:11'),
	(90, 'purchase', 3673.00, 83, 'Compra ID: 83', 1, '2025-01-30 05:08:11', '2025-01-30 05:08:11'),
	(91, 'purchase', 3144.00, 84, 'Compra ID: 84', 1, '2025-01-30 05:08:11', '2025-01-30 05:08:11'),
	(92, 'purchase', 6265.00, 85, 'Compra ID: 85', 1, '2025-01-30 05:08:11', '2025-01-30 05:08:11'),
	(93, 'purchase', 450.00, 86, 'Compra ID: 86', 1, '2025-01-30 05:08:11', '2025-01-30 05:08:11'),
	(94, 'purchase', 1810.00, 87, 'Compra ID: 87', 1, '2025-01-30 05:08:11', '2025-01-30 05:08:11'),
	(95, 'purchase', 5632.00, 88, 'Compra ID: 88', 1, '2025-01-30 05:08:11', '2025-01-30 05:08:11'),
	(96, 'purchase', 2562.00, 89, 'Compra ID: 89', 1, '2025-01-30 05:08:11', '2025-01-30 05:08:11'),
	(97, 'purchase', 81.00, 90, 'Compra ID: 90', 1, '2025-01-30 05:08:11', '2025-01-30 05:08:11'),
	(98, 'purchase', 4185.00, 91, 'Compra ID: 91', 1, '2025-01-30 05:08:11', '2025-01-30 05:08:11'),
	(99, 'purchase', 1659.00, 92, 'Compra ID: 92', 1, '2025-01-30 05:08:11', '2025-01-30 05:08:11'),
	(100, 'purchase', 6663.00, 93, 'Compra ID: 93', 1, '2025-01-30 05:08:11', '2025-01-30 05:08:11'),
	(101, 'purchase', 940.00, 94, 'Compra ID: 94', 1, '2025-01-30 05:08:11', '2025-01-30 05:08:11'),
	(102, 'purchase', 6784.00, 95, 'Compra ID: 95', 1, '2025-01-30 05:08:12', '2025-01-30 05:08:12'),
	(103, 'purchase', 3378.00, 96, 'Compra ID: 96', 1, '2025-01-30 05:08:12', '2025-01-30 05:08:12'),
	(104, 'purchase', 5289.00, 97, 'Compra ID: 97', 1, '2025-01-30 05:08:12', '2025-01-30 05:08:12'),
	(105, 'purchase', 3664.00, 98, 'Compra ID: 98', 1, '2025-01-30 05:08:12', '2025-01-30 05:08:12'),
	(106, 'purchase', 1844.00, 99, 'Compra ID: 99', 1, '2025-01-30 05:08:12', '2025-01-30 05:08:12'),
	(107, 'purchase', 2216.00, 100, 'Compra ID: 100', 1, '2025-01-30 05:08:12', '2025-01-30 05:08:12'),
	(108, 'purchase', 3219.00, 101, 'Compra ID: 101', 1, '2025-01-30 05:08:12', '2025-01-30 05:08:12'),
	(109, 'purchase', 3194.00, 102, 'Compra ID: 102', 1, '2025-01-30 05:08:12', '2025-01-30 05:08:12'),
	(110, 'purchase', 2660.00, 103, 'Compra ID: 103', 1, '2025-01-30 05:08:12', '2025-01-30 05:08:12'),
	(111, 'purchase', 237.00, 104, 'Compra ID: 104', 1, '2025-01-30 05:08:12', '2025-01-30 05:08:12'),
	(112, 'purchase', 5216.00, 105, 'Compra ID: 105', 1, '2025-01-30 05:08:12', '2025-01-30 05:08:12'),
	(113, 'purchase', 1102.00, 106, 'Compra ID: 106', 1, '2025-01-30 05:08:12', '2025-01-30 05:08:12'),
	(114, 'purchase', 7037.00, 107, 'Compra ID: 107', 1, '2025-01-30 05:08:12', '2025-01-30 05:08:12'),
	(115, 'purchase', 1873.00, 108, 'Compra ID: 108', 1, '2025-01-30 05:08:12', '2025-01-30 05:08:12'),
	(116, 'purchase', 3149.00, 109, 'Compra ID: 109', 1, '2025-01-30 05:08:12', '2025-01-30 05:08:12'),
	(117, 'purchase', 1934.00, 110, 'Compra ID: 110', 1, '2025-01-30 05:08:12', '2025-01-30 05:08:12'),
	(118, 'purchase', 983.00, 111, 'Compra ID: 111', 1, '2025-01-30 05:08:12', '2025-01-30 05:08:12'),
	(119, 'purchase', 2354.00, 112, 'Compra ID: 112', 1, '2025-01-30 05:08:12', '2025-01-30 05:08:12'),
	(120, 'purchase', 4786.00, 113, 'Compra ID: 113', 1, '2025-01-30 05:08:12', '2025-01-30 05:08:12'),
	(121, 'purchase', 1058.00, 114, 'Compra ID: 114', 1, '2025-01-30 05:08:12', '2025-01-30 05:08:12'),
	(122, 'purchase', 7229.00, 115, 'Compra ID: 115', 1, '2025-01-30 05:08:12', '2025-01-30 05:08:12'),
	(123, 'purchase', 2376.00, 116, 'Compra ID: 116', 1, '2025-01-30 05:08:12', '2025-01-30 05:08:12'),
	(124, 'purchase', 4350.00, 117, 'Compra ID: 117', 1, '2025-01-30 05:08:12', '2025-01-30 05:08:12'),
	(125, 'purchase', 855.00, 118, 'Compra ID: 118', 1, '2025-01-30 05:08:12', '2025-01-30 05:08:12'),
	(126, 'purchase', 4562.00, 119, 'Compra ID: 119', 1, '2025-01-30 05:08:12', '2025-01-30 05:08:12'),
	(127, 'purchase', 1423.00, 120, 'Compra ID: 120', 1, '2025-01-30 05:08:12', '2025-01-30 05:08:12'),
	(128, 'purchase', 1058.00, 121, 'Compra ID: 121', 1, '2025-01-30 05:08:12', '2025-01-30 05:08:12'),
	(129, 'sale', 128.00, 9, 'Venta ID: 9', 1, '2025-01-30 05:22:06', '2025-01-30 05:22:06'),
	(130, 'sale', 104.00, 10, 'Venta ID: 10', 1, '2025-01-30 05:22:06', '2025-01-30 05:22:06'),
	(131, 'sale', 627.00, 11, 'Venta ID: 11', 1, '2025-01-30 05:22:06', '2025-01-30 05:22:06'),
	(132, 'sale', 843.00, 12, 'Venta ID: 12', 1, '2025-01-30 05:22:06', '2025-01-30 05:22:06'),
	(133, 'sale', 700.00, 13, 'Venta ID: 13', 1, '2025-01-30 05:22:06', '2025-01-30 05:22:06'),
	(134, 'sale', 472.00, 14, 'Venta ID: 14', 1, '2025-01-30 05:22:06', '2025-01-30 05:22:06'),
	(135, 'sale', 764.00, 15, 'Venta ID: 15', 1, '2025-01-30 05:22:06', '2025-01-30 05:22:06'),
	(136, 'sale', 160.00, 16, 'Venta ID: 16', 1, '2025-01-30 05:22:06', '2025-01-30 05:22:06'),
	(137, 'sale', 212.00, 17, 'Venta ID: 17', 1, '2025-01-30 05:22:06', '2025-01-30 05:22:06'),
	(138, 'sale', 396.00, 18, 'Venta ID: 18', 1, '2025-01-30 05:22:06', '2025-01-30 05:22:06'),
	(139, 'sale', 84.00, 19, 'Venta ID: 19', 1, '2025-01-30 05:22:06', '2025-01-30 05:22:06'),
	(140, 'sale', 1155.00, 20, 'Venta ID: 20', 1, '2025-01-30 05:22:06', '2025-01-30 05:22:06'),
	(141, 'sale', 1219.00, 21, 'Venta ID: 21', 1, '2025-01-30 05:22:06', '2025-01-30 05:22:06'),
	(142, 'sale', 617.00, 22, 'Venta ID: 22', 1, '2025-01-30 05:22:06', '2025-01-30 05:22:06'),
	(143, 'sale', 108.00, 23, 'Venta ID: 23', 1, '2025-01-30 05:22:06', '2025-01-30 05:22:06'),
	(144, 'sale', 301.00, 24, 'Venta ID: 24', 1, '2025-01-30 05:22:06', '2025-01-30 05:22:06'),
	(145, 'sale', 537.00, 25, 'Venta ID: 25', 1, '2025-01-30 05:22:06', '2025-01-30 05:22:06'),
	(146, 'sale', 280.00, 26, 'Venta ID: 26', 1, '2025-01-30 05:22:06', '2025-01-30 05:22:06'),
	(147, 'sale', 169.00, 27, 'Venta ID: 27', 1, '2025-01-30 05:22:06', '2025-01-30 05:22:06'),
	(148, 'sale', 959.00, 28, 'Venta ID: 28', 1, '2025-01-30 05:22:06', '2025-01-30 05:22:06'),
	(149, 'sale', 544.00, 29, 'Venta ID: 29', 1, '2025-01-30 05:22:06', '2025-01-30 05:22:06'),
	(150, 'sale', 899.00, 30, 'Venta ID: 30', 1, '2025-01-30 05:22:06', '2025-01-30 05:22:06'),
	(151, 'sale', 330.00, 31, 'Venta ID: 31', 1, '2025-01-30 05:22:06', '2025-01-30 05:22:06'),
	(152, 'sale', 332.00, 32, 'Venta ID: 32', 1, '2025-01-30 05:22:06', '2025-01-30 05:22:06'),
	(153, 'sale', 276.00, 33, 'Venta ID: 33', 1, '2025-01-30 05:22:06', '2025-01-30 05:22:06'),
	(154, 'sale', 478.00, 34, 'Venta ID: 34', 1, '2025-01-30 05:22:06', '2025-01-30 05:22:06'),
	(155, 'sale', 446.00, 35, 'Venta ID: 35', 1, '2025-01-30 05:22:06', '2025-01-30 05:22:06'),
	(156, 'sale', 488.00, 36, 'Venta ID: 36', 1, '2025-01-30 05:22:06', '2025-01-30 05:22:06'),
	(157, 'sale', 700.00, 37, 'Venta ID: 37', 1, '2025-01-30 05:22:06', '2025-01-30 05:22:06'),
	(158, 'sale', 679.00, 38, 'Venta ID: 38', 1, '2025-01-30 05:22:06', '2025-01-30 05:22:06'),
	(159, 'sale', 171.00, 39, 'Venta ID: 39', 1, '2025-01-30 05:22:06', '2025-01-30 05:22:06'),
	(160, 'sale', 33.00, 40, 'Venta ID: 40', 1, '2025-01-30 05:22:06', '2025-01-30 05:22:06'),
	(161, 'sale', 346.00, 41, 'Venta ID: 41', 1, '2025-01-30 05:22:06', '2025-01-30 05:22:06'),
	(162, 'sale', 320.00, 42, 'Venta ID: 42', 1, '2025-01-30 05:22:06', '2025-01-30 05:22:06'),
	(163, 'sale', 470.00, 43, 'Venta ID: 43', 1, '2025-01-30 05:22:06', '2025-01-30 05:22:06'),
	(164, 'sale', 311.00, 44, 'Venta ID: 44', 1, '2025-01-30 05:22:06', '2025-01-30 05:22:06'),
	(165, 'sale', 545.00, 45, 'Venta ID: 45', 1, '2025-01-30 05:22:06', '2025-01-30 05:22:06'),
	(166, 'sale', 450.00, 46, 'Venta ID: 46', 1, '2025-01-30 05:22:06', '2025-01-30 05:22:06'),
	(167, 'sale', 1260.00, 47, 'Venta ID: 47', 1, '2025-01-30 05:22:06', '2025-01-30 05:22:06'),
	(168, 'sale', 355.00, 48, 'Venta ID: 48', 1, '2025-01-30 05:22:06', '2025-01-30 05:22:06'),
	(169, 'sale', 18.00, 49, 'Venta ID: 49', 1, '2025-01-30 05:22:06', '2025-01-30 05:22:06'),
	(170, 'sale', 1004.00, 50, 'Venta ID: 50', 1, '2025-01-30 05:22:06', '2025-01-30 05:22:06'),
	(171, 'sale', 860.00, 51, 'Venta ID: 51', 1, '2025-01-30 05:22:06', '2025-01-30 05:22:06'),
	(172, 'sale', 201.00, 52, 'Venta ID: 52', 1, '2025-01-30 05:22:06', '2025-01-30 05:22:06'),
	(173, 'sale', 376.00, 53, 'Venta ID: 53', 1, '2025-01-30 05:22:06', '2025-01-30 05:22:06'),
	(174, 'sale', 493.00, 54, 'Venta ID: 54', 1, '2025-01-30 05:22:06', '2025-01-30 05:22:06'),
	(175, 'sale', 517.00, 55, 'Venta ID: 55', 1, '2025-01-30 05:22:06', '2025-01-30 05:22:06'),
	(176, 'sale', 530.00, 56, 'Venta ID: 56', 1, '2025-01-30 05:22:06', '2025-01-30 05:22:06'),
	(177, 'sale', 199.00, 57, 'Venta ID: 57', 1, '2025-01-30 05:22:06', '2025-01-30 05:22:06'),
	(178, 'sale', 51.00, 58, 'Venta ID: 58', 1, '2025-01-30 05:22:06', '2025-01-30 05:22:06'),
	(179, 'sale', 248.00, 59, 'Venta ID: 59', 1, '2025-01-30 05:22:06', '2025-01-30 05:22:06'),
	(180, 'sale', 490.00, 60, 'Venta ID: 60', 1, '2025-01-30 05:22:06', '2025-01-30 05:22:06'),
	(181, 'sale', 208.00, 61, 'Venta ID: 61', 1, '2025-01-30 05:22:06', '2025-01-30 05:22:06'),
	(182, 'sale', 754.00, 62, 'Venta ID: 62', 1, '2025-01-30 05:22:06', '2025-01-30 05:22:06'),
	(183, 'sale', 58.00, 63, 'Venta ID: 63', 1, '2025-01-30 05:22:06', '2025-01-30 05:22:06'),
	(184, 'sale', 792.00, 64, 'Venta ID: 64', 1, '2025-01-30 05:22:06', '2025-01-30 05:22:06'),
	(185, 'sale', 39.00, 65, 'Venta ID: 65', 1, '2025-01-30 05:22:06', '2025-01-30 05:22:06'),
	(186, 'sale', 319.00, 66, 'Venta ID: 66', 1, '2025-01-30 05:22:06', '2025-01-30 05:22:06'),
	(187, 'sale', 870.00, 67, 'Venta ID: 67', 1, '2025-01-30 05:22:06', '2025-01-30 05:22:06'),
	(188, 'sale', 490.00, 68, 'Venta ID: 68', 1, '2025-01-30 05:22:06', '2025-01-30 05:22:06'),
	(189, 'sale', 186.00, 69, 'Venta ID: 69', 1, '2025-01-30 05:22:06', '2025-01-30 05:22:06'),
	(190, 'sale', 472.00, 70, 'Venta ID: 70', 1, '2025-01-30 05:22:06', '2025-01-30 05:22:06'),
	(191, 'sale', 467.00, 71, 'Venta ID: 71', 1, '2025-01-30 05:22:06', '2025-01-30 05:22:06'),
	(192, 'sale', 1374.00, 72, 'Venta ID: 72', 1, '2025-01-30 05:22:06', '2025-01-30 05:22:06'),
	(193, 'sale', 106.00, 73, 'Venta ID: 73', 1, '2025-01-30 05:22:06', '2025-01-30 05:22:06'),
	(194, 'sale', 471.00, 74, 'Venta ID: 74', 1, '2025-01-30 05:22:06', '2025-01-30 05:22:06'),
	(195, 'sale', 859.00, 75, 'Venta ID: 75', 1, '2025-01-30 05:22:06', '2025-01-30 05:22:06'),
	(196, 'sale', 562.00, 76, 'Venta ID: 76', 1, '2025-01-30 05:22:06', '2025-01-30 05:22:06'),
	(197, 'sale', 666.00, 77, 'Venta ID: 77', 1, '2025-01-30 05:22:06', '2025-01-30 05:22:06'),
	(198, 'sale', 136.00, 78, 'Venta ID: 78', 1, '2025-01-30 05:22:06', '2025-01-30 05:22:06'),
	(199, 'sale', 435.00, 79, 'Venta ID: 79', 1, '2025-01-30 05:22:06', '2025-01-30 05:22:06'),
	(200, 'sale', 443.00, 80, 'Venta ID: 80', 1, '2025-01-30 05:22:06', '2025-01-30 05:22:06'),
	(201, 'sale', 273.00, 81, 'Venta ID: 81', 1, '2025-01-30 05:22:06', '2025-01-30 05:22:06'),
	(202, 'sale', 352.00, 82, 'Venta ID: 82', 1, '2025-01-30 05:22:06', '2025-01-30 05:22:06'),
	(203, 'sale', 100.00, 83, 'Venta ID: 83', 1, '2025-01-30 05:22:06', '2025-01-30 05:22:06'),
	(204, 'sale', 176.00, 84, 'Venta ID: 84', 1, '2025-01-30 05:22:06', '2025-01-30 05:22:06'),
	(205, 'sale', 572.00, 85, 'Venta ID: 85', 1, '2025-01-30 05:22:06', '2025-01-30 05:22:06'),
	(206, 'sale', 402.00, 86, 'Venta ID: 86', 1, '2025-01-30 05:22:06', '2025-01-30 05:22:06'),
	(207, 'sale', 221.00, 87, 'Venta ID: 87', 1, '2025-01-30 05:22:06', '2025-01-30 05:22:06'),
	(208, 'sale', 42.00, 88, 'Venta ID: 88', 1, '2025-01-30 05:22:06', '2025-01-30 05:22:06'),
	(209, 'sale', 46.00, 89, 'Venta ID: 89', 1, '2025-01-30 05:22:06', '2025-01-30 05:22:06'),
	(210, 'sale', 96.00, 90, 'Venta ID: 90', 1, '2025-01-30 05:22:06', '2025-01-30 05:22:06'),
	(211, 'sale', 439.00, 91, 'Venta ID: 91', 1, '2025-01-30 05:22:06', '2025-01-30 05:22:06'),
	(212, 'sale', 240.00, 92, 'Venta ID: 92', 1, '2025-01-30 05:22:06', '2025-01-30 05:22:06'),
	(213, 'sale', 40.00, 93, 'Venta ID: 93', 1, '2025-01-30 05:22:06', '2025-01-30 05:22:06'),
	(214, 'sale', 1035.00, 94, 'Venta ID: 94', 1, '2025-01-30 05:22:06', '2025-01-30 05:22:06'),
	(215, 'sale', 177.00, 95, 'Venta ID: 95', 1, '2025-01-30 05:22:06', '2025-01-30 05:22:06'),
	(216, 'sale', 935.00, 96, 'Venta ID: 96', 1, '2025-01-30 05:22:06', '2025-01-30 05:22:06'),
	(217, 'sale', 935.00, 97, 'Venta ID: 97', 1, '2025-01-30 05:22:06', '2025-01-30 05:22:06'),
	(218, 'sale', 208.00, 98, 'Venta ID: 98', 1, '2025-01-30 05:22:06', '2025-01-30 05:22:06'),
	(219, 'sale', 118.00, 99, 'Venta ID: 99', 1, '2025-01-30 05:22:06', '2025-01-30 05:22:06'),
	(220, 'sale', 628.00, 100, 'Venta ID: 100', 1, '2025-01-30 05:22:06', '2025-01-30 05:22:06'),
	(221, 'sale', 242.00, 101, 'Venta ID: 101', 1, '2025-01-30 05:22:06', '2025-01-30 05:22:06'),
	(222, 'sale', 162.00, 102, 'Venta ID: 102', 1, '2025-01-30 05:22:06', '2025-01-30 05:22:06'),
	(223, 'sale', 415.00, 103, 'Venta ID: 103', 1, '2025-01-30 05:22:06', '2025-01-30 05:22:06'),
	(224, 'sale', 549.00, 104, 'Venta ID: 104', 1, '2025-01-30 05:22:06', '2025-01-30 05:22:06'),
	(225, 'sale', 239.00, 105, 'Venta ID: 105', 1, '2025-01-30 05:22:06', '2025-01-30 05:22:06'),
	(226, 'sale', 713.00, 106, 'Venta ID: 106', 1, '2025-01-30 05:22:06', '2025-01-30 05:22:06'),
	(227, 'sale', 141.00, 107, 'Venta ID: 107', 1, '2025-01-30 05:22:06', '2025-01-30 05:22:06'),
	(228, 'sale', 705.00, 108, 'Venta ID: 108', 1, '2025-01-30 05:22:06', '2025-01-30 05:22:06');

-- Volcando estructura para tabla compraventa.users
DROP TABLE IF EXISTS `users`;
CREATE TABLE IF NOT EXISTS `users` (
  `id` bigint unsigned NOT NULL AUTO_INCREMENT,
  `name` varchar(255) COLLATE utf8mb4_unicode_ci NOT NULL,
  `email` varchar(255) COLLATE utf8mb4_unicode_ci NOT NULL,
  `password` varchar(255) COLLATE utf8mb4_unicode_ci NOT NULL,
  `phone` varchar(255) COLLATE utf8mb4_unicode_ci NOT NULL,
  `address` text COLLATE utf8mb4_unicode_ci NOT NULL,
  `photo` varchar(255) COLLATE utf8mb4_unicode_ci NOT NULL,
  `role_id` bigint unsigned NOT NULL,
  `created_at` timestamp NULL DEFAULT NULL,
  `updated_at` timestamp NULL DEFAULT NULL,
  PRIMARY KEY (`id`),
  UNIQUE KEY `users_email_unique` (`email`),
  KEY `users_role_id_foreign` (`role_id`),
  CONSTRAINT `users_role_id_foreign` FOREIGN KEY (`role_id`) REFERENCES `roles` (`id`) ON DELETE CASCADE
) ENGINE=InnoDB AUTO_INCREMENT=8 DEFAULT CHARSET=utf8mb4 COLLATE=utf8mb4_unicode_ci;

-- Volcando datos para la tabla compraventa.users: ~6 rows (aproximadamente)
DELETE FROM `users`;
INSERT INTO `users` (`id`, `name`, `email`, `password`, `phone`, `address`, `photo`, `role_id`, `created_at`, `updated_at`) VALUES
	(1, 'Administrador User', 'administrador@example.com', '$2y$12$T7Wbwpbt6/HiT8aZGX2CK.JGE1DjPP/rd.0.DRxnJMrA2xzzgOlym', '669.964.0090', '30667 Senger Mountain\nSouth Myrl, VT 56302-1870', 'users/users.png', 7, '2024-12-04 03:11:10', '2024-12-04 03:11:10'),
	(2, 'Vendedor User', 'vendedor@example.com', '$2y$12$14eI0uS9TalBUye/plKI8OZprC9rWaDWAlFucKmX9eXfO6AkLO.5a', '+1 (283) 672-7467', '9255 Raynor Loop\nHauckstad, MN 99744', 'users/users.png', 8, '2024-12-04 03:11:10', '2024-12-04 03:11:10'),
	(3, 'Comprador User', 'comprador@example.com', '$2y$12$irmgJJXKEXLsN8BC3mKcs.ZadIyG8sX2epg.o8OLOb7glBsDANjGy', '1-352-602-7992', '40089 Simonis Throughway\nBoyerborough, NM 36272-4785', 'users/users.png', 9, '2024-12-04 03:11:10', '2024-12-04 03:11:10'),
	(4, 'Mantenedor User', 'mantenedor@example.com', '$2y$12$OY6A3qzS8.UiO/zR6l3kleqwjQDjq9tADULV6LFSjKmvSUDwGZ/2W', '769.408.7950', '92769 Maurice Points Apt. 696\nJevonside, ID 82459', 'users/users.png', 10, '2024-12-04 03:11:10', '2024-12-04 03:11:10'),
	(5, 'Analista User', 'analista@example.com', '$2y$12$eUPDzVaxyzDPTrowmRFEau.AePl.FGc5ThLjply9m2TLvR9Rb0yzG', '+15403028828', '125 Veum Road Apt. 294\nPort Titus, AL 47994-5700', 'users/users.png', 11, '2024-12-04 03:11:11', '2024-12-04 03:11:11'),
	(6, 'Almacen User', 'almacen@example.com', '$2y$12$ZHLSRzgYIAr5wMkVT6VEf..HnZS2unvL0BR4yMnf..LqRf/JixjmC', '+1-520-481-0553', '42545 Bianka Street\nJenkinsside, MS 98242', 'users/users.png', 12, '2024-12-04 03:11:11', '2024-12-04 03:11:11');

-- Volcando estructura para tabla compraventa.ventas
DROP TABLE IF EXISTS `ventas`;
CREATE TABLE IF NOT EXISTS `ventas` (
  `id` bigint unsigned NOT NULL AUTO_INCREMENT,
  `customer_id` bigint unsigned DEFAULT NULL,
  `user_id` bigint unsigned NOT NULL,
  `tipodocumento_id` bigint unsigned NOT NULL,
  `total_price` decimal(10,2) NOT NULL,
  `sale_date` date NOT NULL,
  `status` enum('pending','completed','cancelled') COLLATE utf8mb4_unicode_ci NOT NULL DEFAULT 'completed',
  `pdf_path` varchar(255) COLLATE utf8mb4_unicode_ci DEFAULT NULL,
  `payment_method` enum('cash','credit_card','bank_transfer','paypal') COLLATE utf8mb4_unicode_ci NOT NULL DEFAULT 'cash',
  `created_at` timestamp NULL DEFAULT NULL,
  `updated_at` timestamp NULL DEFAULT NULL,
  PRIMARY KEY (`id`),
  KEY `ventas_customer_id_foreign` (`customer_id`),
  KEY `ventas_user_id_foreign` (`user_id`),
  KEY `ventas_tipodocumento_id_foreign` (`tipodocumento_id`),
  CONSTRAINT `ventas_customer_id_foreign` FOREIGN KEY (`customer_id`) REFERENCES `customers` (`id`) ON DELETE SET NULL,
  CONSTRAINT `ventas_tipodocumento_id_foreign` FOREIGN KEY (`tipodocumento_id`) REFERENCES `tipodocumento` (`id`) ON DELETE RESTRICT,
  CONSTRAINT `ventas_user_id_foreign` FOREIGN KEY (`user_id`) REFERENCES `users` (`id`) ON DELETE CASCADE
) ENGINE=InnoDB AUTO_INCREMENT=109 DEFAULT CHARSET=utf8mb4 COLLATE=utf8mb4_unicode_ci;

-- Volcando datos para la tabla compraventa.ventas: ~104 rows (aproximadamente)
DELETE FROM `ventas`;
INSERT INTO `ventas` (`id`, `customer_id`, `user_id`, `tipodocumento_id`, `total_price`, `sale_date`, `status`, `pdf_path`, `payment_method`, `created_at`, `updated_at`) VALUES
	(5, 3, 1, 1, 4.00, '2025-01-31', 'completed', 'ventas/venta-5.pdf', 'cash', '2025-01-29 23:57:25', '2025-01-29 23:57:25'),
	(6, 3, 1, 1, 46.00, '2025-01-30', 'completed', 'ventas/venta-6.pdf', 'cash', '2025-01-30 04:31:40', '2025-01-30 04:31:40'),
	(7, 2, 1, 1, 4.00, '2025-01-31', 'completed', 'ventas/venta-7.pdf', 'cash', '2025-01-30 04:54:49', '2025-01-30 04:54:49'),
	(8, 32, 1, 2, 740.00, '2025-01-30', 'completed', 'ventas/venta-8.pdf', 'cash', '2025-01-30 04:59:28', '2025-01-30 04:59:28'),
	(9, 35, 1, 2, 128.00, '2025-01-05', 'completed', 'ventas/venta-8.pdf', 'cash', '2025-01-30 05:22:06', '2025-01-30 05:22:06'),
	(10, 22, 1, 1, 104.00, '2025-01-01', 'completed', 'ventas/venta-8.pdf', 'cash', '2025-01-30 05:22:06', '2025-01-30 05:22:06'),
	(11, 31, 1, 2, 627.00, '2025-01-03', 'completed', 'ventas/venta-8.pdf', 'cash', '2025-01-30 05:22:06', '2025-01-30 05:22:06'),
	(12, 47, 1, 2, 843.00, '2025-01-09', 'completed', 'ventas/venta-8.pdf', 'cash', '2025-01-30 05:22:06', '2025-01-30 05:22:06'),
	(13, 25, 1, 1, 700.00, '2025-01-11', 'completed', 'ventas/venta-8.pdf', 'cash', '2025-01-30 05:22:06', '2025-01-30 05:22:06'),
	(14, 43, 1, 2, 472.00, '2025-01-12', 'completed', 'ventas/venta-8.pdf', 'cash', '2025-01-30 05:22:06', '2025-01-30 05:22:06'),
	(15, 2, 1, 1, 764.00, '2025-01-24', 'completed', 'ventas/venta-8.pdf', 'cash', '2025-01-30 05:22:06', '2025-01-30 05:22:06'),
	(16, 24, 1, 1, 160.00, '2025-01-28', 'completed', 'ventas/venta-8.pdf', 'cash', '2025-01-30 05:22:06', '2025-01-30 05:22:06'),
	(17, 28, 1, 1, 212.00, '2025-01-08', 'completed', 'ventas/venta-8.pdf', 'cash', '2025-01-30 05:22:06', '2025-01-30 05:22:06'),
	(18, 42, 1, 1, 396.00, '2025-01-01', 'completed', 'ventas/venta-8.pdf', 'cash', '2025-01-30 05:22:06', '2025-01-30 05:22:06'),
	(19, 26, 1, 1, 84.00, '2025-01-28', 'completed', 'ventas/venta-8.pdf', 'cash', '2025-01-30 05:22:06', '2025-01-30 05:22:06'),
	(20, 34, 1, 2, 1155.00, '2025-01-16', 'completed', 'ventas/venta-8.pdf', 'cash', '2025-01-30 05:22:06', '2025-01-30 05:22:06'),
	(21, 40, 1, 2, 1219.00, '2025-01-14', 'completed', 'ventas/venta-8.pdf', 'cash', '2025-01-30 05:22:06', '2025-01-30 05:22:06'),
	(22, 33, 1, 1, 617.00, '2025-01-01', 'completed', 'ventas/venta-8.pdf', 'cash', '2025-01-30 05:22:06', '2025-01-30 05:22:06'),
	(23, 39, 1, 1, 108.00, '2025-01-02', 'completed', 'ventas/venta-8.pdf', 'cash', '2025-01-30 05:22:06', '2025-01-30 05:22:06'),
	(24, 34, 1, 1, 301.00, '2025-01-27', 'completed', 'ventas/venta-8.pdf', 'cash', '2025-01-30 05:22:06', '2025-01-30 05:22:06'),
	(25, 11, 1, 1, 537.00, '2025-01-20', 'completed', 'ventas/venta-8.pdf', 'cash', '2025-01-30 05:22:06', '2025-01-30 05:22:06'),
	(26, 6, 1, 1, 280.00, '2025-01-14', 'completed', 'ventas/venta-8.pdf', 'cash', '2025-01-30 05:22:06', '2025-01-30 05:22:06'),
	(27, 23, 1, 1, 169.00, '2025-01-11', 'completed', 'ventas/venta-8.pdf', 'cash', '2025-01-30 05:22:06', '2025-01-30 05:22:06'),
	(28, 50, 1, 2, 959.00, '2025-01-08', 'completed', 'ventas/venta-8.pdf', 'cash', '2025-01-30 05:22:06', '2025-01-30 05:22:06'),
	(29, 7, 1, 2, 544.00, '2025-01-24', 'completed', 'ventas/venta-8.pdf', 'cash', '2025-01-30 05:22:06', '2025-01-30 05:22:06'),
	(30, 8, 1, 1, 899.00, '2025-01-19', 'completed', 'ventas/venta-8.pdf', 'cash', '2025-01-30 05:22:06', '2025-01-30 05:22:06'),
	(31, 22, 1, 2, 330.00, '2025-01-19', 'completed', 'ventas/venta-8.pdf', 'cash', '2025-01-30 05:22:06', '2025-01-30 05:22:06'),
	(32, 38, 1, 1, 332.00, '2025-01-17', 'completed', 'ventas/venta-8.pdf', 'cash', '2025-01-30 05:22:06', '2025-01-30 05:22:06'),
	(33, 5, 1, 1, 276.00, '2025-01-21', 'completed', 'ventas/venta-8.pdf', 'cash', '2025-01-30 05:22:06', '2025-01-30 05:22:06'),
	(34, 44, 1, 1, 478.00, '2025-01-06', 'completed', 'ventas/venta-8.pdf', 'cash', '2025-01-30 05:22:06', '2025-01-30 05:22:06'),
	(35, 24, 1, 2, 446.00, '2025-01-17', 'completed', 'ventas/venta-8.pdf', 'cash', '2025-01-30 05:22:06', '2025-01-30 05:22:06'),
	(36, 36, 1, 1, 488.00, '2025-01-16', 'completed', 'ventas/venta-8.pdf', 'cash', '2025-01-30 05:22:06', '2025-01-30 05:22:06'),
	(37, 5, 1, 1, 700.00, '2025-01-07', 'completed', 'ventas/venta-8.pdf', 'cash', '2025-01-30 05:22:06', '2025-01-30 05:22:06'),
	(38, 39, 1, 1, 679.00, '2025-01-15', 'completed', 'ventas/venta-8.pdf', 'cash', '2025-01-30 05:22:06', '2025-01-30 05:22:06'),
	(39, 13, 1, 2, 171.00, '2025-01-15', 'completed', 'ventas/venta-8.pdf', 'cash', '2025-01-30 05:22:06', '2025-01-30 05:22:06'),
	(40, 9, 1, 1, 33.00, '2025-01-04', 'completed', 'ventas/venta-8.pdf', 'cash', '2025-01-30 05:22:06', '2025-01-30 05:22:06'),
	(41, 37, 1, 1, 346.00, '2025-01-21', 'completed', 'ventas/venta-8.pdf', 'cash', '2025-01-30 05:22:06', '2025-01-30 05:22:06'),
	(42, 25, 1, 2, 320.00, '2025-01-20', 'completed', 'ventas/venta-8.pdf', 'cash', '2025-01-30 05:22:06', '2025-01-30 05:22:06'),
	(43, 49, 1, 1, 470.00, '2025-01-29', 'completed', 'ventas/venta-8.pdf', 'cash', '2025-01-30 05:22:06', '2025-01-30 05:22:06'),
	(44, 9, 1, 2, 311.00, '2025-01-27', 'completed', 'ventas/venta-8.pdf', 'cash', '2025-01-30 05:22:06', '2025-01-30 05:22:06'),
	(45, 36, 1, 2, 545.00, '2025-01-19', 'completed', 'ventas/venta-8.pdf', 'cash', '2025-01-30 05:22:06', '2025-01-30 05:22:06'),
	(46, 39, 1, 2, 450.00, '2025-01-20', 'completed', 'ventas/venta-8.pdf', 'cash', '2025-01-30 05:22:06', '2025-01-30 05:22:06'),
	(47, 42, 1, 1, 1260.00, '2025-01-02', 'completed', 'ventas/venta-8.pdf', 'cash', '2025-01-30 05:22:06', '2025-01-30 05:22:06'),
	(48, 19, 1, 1, 355.00, '2025-01-02', 'completed', 'ventas/venta-8.pdf', 'cash', '2025-01-30 05:22:06', '2025-01-30 05:22:06'),
	(49, 32, 1, 1, 18.00, '2025-01-03', 'completed', 'ventas/venta-8.pdf', 'cash', '2025-01-30 05:22:06', '2025-01-30 05:22:06'),
	(50, 23, 1, 1, 1004.00, '2025-01-16', 'completed', 'ventas/venta-8.pdf', 'cash', '2025-01-30 05:22:06', '2025-01-30 05:22:06'),
	(51, 13, 1, 1, 860.00, '2025-01-13', 'completed', 'ventas/venta-8.pdf', 'cash', '2025-01-30 05:22:06', '2025-01-30 05:22:06'),
	(52, 14, 1, 1, 201.00, '2024-12-31', 'completed', 'ventas/venta-8.pdf', 'cash', '2025-01-30 05:22:06', '2025-01-30 05:22:06'),
	(53, 31, 1, 1, 376.00, '2025-01-10', 'completed', 'ventas/venta-8.pdf', 'cash', '2025-01-30 05:22:06', '2025-01-30 05:22:06'),
	(54, 32, 1, 1, 493.00, '2025-01-03', 'completed', 'ventas/venta-8.pdf', 'cash', '2025-01-30 05:22:06', '2025-01-30 05:22:06'),
	(55, 29, 1, 1, 517.00, '2025-01-25', 'completed', 'ventas/venta-8.pdf', 'cash', '2025-01-30 05:22:06', '2025-01-30 05:22:06'),
	(56, 11, 1, 1, 530.00, '2025-01-22', 'completed', 'ventas/venta-8.pdf', 'cash', '2025-01-30 05:22:06', '2025-01-30 05:22:06'),
	(57, 49, 1, 2, 199.00, '2025-01-05', 'completed', 'ventas/venta-8.pdf', 'cash', '2025-01-30 05:22:06', '2025-01-30 05:22:06'),
	(58, 27, 1, 2, 51.00, '2025-01-28', 'completed', 'ventas/venta-8.pdf', 'cash', '2025-01-30 05:22:06', '2025-01-30 05:22:06'),
	(59, 40, 1, 2, 248.00, '2025-01-29', 'completed', 'ventas/venta-8.pdf', 'cash', '2025-01-30 05:22:06', '2025-01-30 05:22:06'),
	(60, 18, 1, 1, 490.00, '2025-01-14', 'completed', 'ventas/venta-8.pdf', 'cash', '2025-01-30 05:22:06', '2025-01-30 05:22:06'),
	(61, 18, 1, 1, 208.00, '2025-01-03', 'completed', 'ventas/venta-8.pdf', 'cash', '2025-01-30 05:22:06', '2025-01-30 05:22:06'),
	(62, 43, 1, 1, 754.00, '2025-01-02', 'completed', 'ventas/venta-8.pdf', 'cash', '2025-01-30 05:22:06', '2025-01-30 05:22:06'),
	(63, 23, 1, 1, 58.00, '2025-01-29', 'completed', 'ventas/venta-8.pdf', 'cash', '2025-01-30 05:22:06', '2025-01-30 05:22:06'),
	(64, 9, 1, 1, 792.00, '2025-01-21', 'completed', 'ventas/venta-8.pdf', 'cash', '2025-01-30 05:22:06', '2025-01-30 05:22:06'),
	(65, 23, 1, 2, 39.00, '2025-01-09', 'completed', 'ventas/venta-8.pdf', 'cash', '2025-01-30 05:22:06', '2025-01-30 05:22:06'),
	(66, 50, 1, 2, 319.00, '2025-01-10', 'completed', 'ventas/venta-8.pdf', 'cash', '2025-01-30 05:22:06', '2025-01-30 05:22:06'),
	(67, 49, 1, 2, 870.00, '2025-01-19', 'completed', 'ventas/venta-8.pdf', 'cash', '2025-01-30 05:22:06', '2025-01-30 05:22:06'),
	(68, 44, 1, 1, 490.00, '2025-01-14', 'completed', 'ventas/venta-8.pdf', 'cash', '2025-01-30 05:22:06', '2025-01-30 05:22:06'),
	(69, 3, 1, 2, 186.00, '2025-01-10', 'completed', 'ventas/venta-8.pdf', 'cash', '2025-01-30 05:22:06', '2025-01-30 05:22:06'),
	(70, 16, 1, 2, 472.00, '2025-01-16', 'completed', 'ventas/venta-8.pdf', 'cash', '2025-01-30 05:22:06', '2025-01-30 05:22:06'),
	(71, 13, 1, 1, 467.00, '2025-01-24', 'completed', 'ventas/venta-8.pdf', 'cash', '2025-01-30 05:22:06', '2025-01-30 05:22:06'),
	(72, 30, 1, 1, 1374.00, '2025-01-07', 'completed', 'ventas/venta-8.pdf', 'cash', '2025-01-30 05:22:06', '2025-01-30 05:22:06'),
	(73, 39, 1, 1, 106.00, '2025-01-20', 'completed', 'ventas/venta-8.pdf', 'cash', '2025-01-30 05:22:06', '2025-01-30 05:22:06'),
	(74, 22, 1, 1, 471.00, '2025-01-26', 'completed', 'ventas/venta-8.pdf', 'cash', '2025-01-30 05:22:06', '2025-01-30 05:22:06'),
	(75, 34, 1, 2, 859.00, '2025-01-10', 'completed', 'ventas/venta-8.pdf', 'cash', '2025-01-30 05:22:06', '2025-01-30 05:22:06'),
	(76, 10, 1, 2, 562.00, '2025-01-01', 'completed', 'ventas/venta-8.pdf', 'cash', '2025-01-30 05:22:06', '2025-01-30 05:22:06'),
	(77, 6, 1, 2, 666.00, '2025-01-18', 'completed', 'ventas/venta-8.pdf', 'cash', '2025-01-30 05:22:06', '2025-01-30 05:22:06'),
	(78, 30, 1, 1, 136.00, '2025-01-15', 'completed', 'ventas/venta-8.pdf', 'cash', '2025-01-30 05:22:06', '2025-01-30 05:22:06'),
	(79, 24, 1, 2, 435.00, '2025-01-20', 'completed', 'ventas/venta-8.pdf', 'cash', '2025-01-30 05:22:06', '2025-01-30 05:22:06'),
	(80, 21, 1, 2, 443.00, '2024-12-31', 'completed', 'ventas/venta-8.pdf', 'cash', '2025-01-30 05:22:06', '2025-01-30 05:22:06'),
	(81, 23, 1, 1, 273.00, '2025-01-13', 'completed', 'ventas/venta-8.pdf', 'cash', '2025-01-30 05:22:06', '2025-01-30 05:22:06'),
	(82, 6, 1, 1, 352.00, '2025-01-03', 'completed', 'ventas/venta-8.pdf', 'cash', '2025-01-30 05:22:06', '2025-01-30 05:22:06'),
	(83, 6, 1, 1, 100.00, '2025-01-20', 'completed', 'ventas/venta-8.pdf', 'cash', '2025-01-30 05:22:06', '2025-01-30 05:22:06'),
	(84, 50, 1, 1, 176.00, '2025-01-15', 'completed', 'ventas/venta-8.pdf', 'cash', '2025-01-30 05:22:06', '2025-01-30 05:22:06'),
	(85, 25, 1, 2, 572.00, '2025-01-02', 'completed', 'ventas/venta-8.pdf', 'cash', '2025-01-30 05:22:06', '2025-01-30 05:22:06'),
	(86, 1, 1, 2, 402.00, '2025-01-04', 'completed', 'ventas/venta-8.pdf', 'cash', '2025-01-30 05:22:06', '2025-01-30 05:22:06'),
	(87, 46, 1, 1, 221.00, '2025-01-06', 'completed', 'ventas/venta-8.pdf', 'cash', '2025-01-30 05:22:06', '2025-01-30 05:22:06'),
	(88, 12, 1, 1, 42.00, '2024-12-31', 'completed', 'ventas/venta-8.pdf', 'cash', '2025-01-30 05:22:06', '2025-01-30 05:22:06'),
	(89, 45, 1, 2, 46.00, '2025-01-04', 'completed', 'ventas/venta-8.pdf', 'cash', '2025-01-30 05:22:06', '2025-01-30 05:22:06'),
	(90, 28, 1, 1, 96.00, '2025-01-11', 'completed', 'ventas/venta-8.pdf', 'cash', '2025-01-30 05:22:06', '2025-01-30 05:22:06'),
	(91, 23, 1, 1, 439.00, '2025-01-21', 'completed', 'ventas/venta-8.pdf', 'cash', '2025-01-30 05:22:06', '2025-01-30 05:22:06'),
	(92, 5, 1, 1, 240.00, '2025-01-15', 'completed', 'ventas/venta-8.pdf', 'cash', '2025-01-30 05:22:06', '2025-01-30 05:22:06'),
	(93, 13, 1, 2, 40.00, '2024-12-31', 'completed', 'ventas/venta-8.pdf', 'cash', '2025-01-30 05:22:06', '2025-01-30 05:22:06'),
	(94, 29, 1, 1, 1035.00, '2025-01-28', 'completed', 'ventas/venta-8.pdf', 'cash', '2025-01-30 05:22:06', '2025-01-30 05:22:06'),
	(95, 4, 1, 2, 177.00, '2025-01-17', 'completed', 'ventas/venta-8.pdf', 'cash', '2025-01-30 05:22:06', '2025-01-30 05:22:06'),
	(96, 42, 1, 2, 935.00, '2025-01-22', 'completed', 'ventas/venta-8.pdf', 'cash', '2025-01-30 05:22:06', '2025-01-30 05:22:06'),
	(97, 3, 1, 2, 935.00, '2025-01-09', 'completed', 'ventas/venta-8.pdf', 'cash', '2025-01-30 05:22:06', '2025-01-30 05:22:06'),
	(98, 23, 1, 2, 208.00, '2025-01-26', 'completed', 'ventas/venta-8.pdf', 'cash', '2025-01-30 05:22:06', '2025-01-30 05:22:06'),
	(99, 45, 1, 2, 118.00, '2025-01-12', 'completed', 'ventas/venta-8.pdf', 'cash', '2025-01-30 05:22:06', '2025-01-30 05:22:06'),
	(100, 29, 1, 2, 628.00, '2025-01-28', 'completed', 'ventas/venta-8.pdf', 'cash', '2025-01-30 05:22:06', '2025-01-30 05:22:06'),
	(101, 39, 1, 1, 242.00, '2025-01-03', 'completed', 'ventas/venta-8.pdf', 'cash', '2025-01-30 05:22:06', '2025-01-30 05:22:06'),
	(102, 34, 1, 1, 162.00, '2025-01-14', 'completed', 'ventas/venta-8.pdf', 'cash', '2025-01-30 05:22:06', '2025-01-30 05:22:06'),
	(103, 26, 1, 1, 415.00, '2025-01-03', 'completed', 'ventas/venta-8.pdf', 'cash', '2025-01-30 05:22:06', '2025-01-30 05:22:06'),
	(104, 30, 1, 2, 549.00, '2025-01-06', 'completed', 'ventas/venta-8.pdf', 'cash', '2025-01-30 05:22:06', '2025-01-30 05:22:06'),
	(105, 11, 1, 1, 239.00, '2025-01-20', 'completed', 'ventas/venta-8.pdf', 'cash', '2025-01-30 05:22:06', '2025-01-30 05:22:06'),
	(106, 30, 1, 1, 713.00, '2025-01-27', 'completed', 'ventas/venta-8.pdf', 'cash', '2025-01-30 05:22:06', '2025-01-30 05:22:06'),
	(107, 12, 1, 2, 141.00, '2025-01-21', 'completed', 'ventas/venta-8.pdf', 'cash', '2025-01-30 05:22:06', '2025-01-30 05:22:06'),
	(108, 29, 1, 1, 705.00, '2025-01-09', 'completed', 'ventas/venta-8.pdf', 'cash', '2025-01-30 05:22:06', '2025-01-30 05:22:06');

/*!40103 SET TIME_ZONE=IFNULL(@OLD_TIME_ZONE, 'system') */;
/*!40101 SET SQL_MODE=IFNULL(@OLD_SQL_MODE, '') */;
/*!40014 SET FOREIGN_KEY_CHECKS=IFNULL(@OLD_FOREIGN_KEY_CHECKS, 1) */;
/*!40101 SET CHARACTER_SET_CLIENT=@OLD_CHARACTER_SET_CLIENT */;
/*!40111 SET SQL_NOTES=IFNULL(@OLD_SQL_NOTES, 1) */;
